Device EUI/Group,Gateway ID,Frequency,Datarate,RSSI/SNR,Size,Fcnt,Type,Time,Details
24E124746E228250,24E124FFFEFAB29D,472300000,SF7BW125, -53/11.5,14,45,UpUnc,2026-07-15T15:54:59+08:00,"Dev Addr/Multicast Addr: 06d5c9db
GwEUI: 24E124FFFEFAB29D
AppEUI: 24E124C0002A0001
Device EUI/Group Name: 24E124746E228250
Class Type: Class A
Immediately: -
Timestamp: 155421276
Type: UpUnc
Adr: true
AdrAcKReq: false
Ack: false
Fcnt: 45
Port: 85
Modulation: LORA
Bandwidth: 125
SpreadFactor: 7
Bitrate: 0
CodeRate: 4/5
SNR: 11.5
RSSI: -53
Power: -
Payload(b64): A5ceAQAABJhTAAln//8=
Payload(hex): 03971e010000049853000967ffff
JSON: {""current"":0.83,""temperature_sensor_status"":2,""total_current"":2.86}
MIC: 74e53d44"
24E124746E228250,24E124FFFEFAB29D,472100000,SF7BW125, -50/12.8,14,44,UpUnc,2026-07-15T15:53:59+08:00,"Dev Addr/Multicast Addr: 06d5c9db
GwEUI: 24E124FFFEFAB29D
AppEUI: 24E124C0002A0001
Device EUI/Group Name: 24E124746E228250
Class Type: Class A
Immediately: -
Timestamp: 95424075
Type: UpUnc
Adr: true
AdrAcKReq: false
Ack: false
Fcnt: 44
Port: 85
Modulation: LORA
Bandwidth: 125
SpreadFactor: 7
Bitrate: 0
CodeRate: 4/5
SNR: 12.8
RSSI: -50
Power: -
Payload(b64): A5ceAQAABJgAAAln//8=
Payload(hex): 03971e010000049800000967ffff
JSON: {""current"":0,""temperature_sensor_status"":2,""total_current"":2.86}
MIC: cb42de27"
24E124746E228250,24E124FFFEFAB29D,472700000,SF7BW125, -52/13.8,14,43,UpUnc,2026-07-15T15:52:59+08:00,"Dev Addr/Multicast Addr: 06d5c9db
GwEUI: 24E124FFFEFAB29D
AppEUI: 24E124C0002A0001
Device EUI/Group Name: 24E124746E228250
Class Type: Class A
Immediately: -
Timestamp: 35417968
Type: UpUnc
Adr: true
AdrAcKReq: false
Ack: false
Fcnt: 43
Port: 85
Modulation: LORA
Bandwidth: 125
SpreadFactor: 7
Bitrate: 0
CodeRate: 4/5
SNR: 13.8
RSSI: -52
Power: -
Payload(b64): A5ceAQAABJgAAAln//8=
Payload(hex): 03971e010000049800000967ffff
JSON: {""current"":0,""temperature_sensor_status"":2,""total_current"":2.86}
MIC: 31f85f93"
24E124746E228250,24E124FFFEFAB29D,472300000,SF7BW125, -52/9.5,14,42,UpUnc,2026-07-15T15:51:59+08:00,"Dev Addr/Multicast Addr: 06d5c9db
GwEUI: 24E124FFFEFAB29D
AppEUI: 24E124C0002A0001
Device EUI/Group Name: 24E124746E228250
Class Type: Class A
Immediately: -
Timestamp: 4270392307
Type: UpUnc
Adr: true
AdrAcKReq: false
Ack: false
Fcnt: 42
Port: 85
Modulation: LORA
Bandwidth: 125
SpreadFactor: 7
Bitrate: 0
CodeRate: 4/5
SNR: 9.5
RSSI: -52
Power: -
Payload(b64): A5ceAQAABJgAAAln//8=
Payload(hex): 03971e010000049800000967ffff
JSON: {""current"":0,""temperature_sensor_status"":2,""total_current"":2.86}
MIC: 7574fed5"
24E124746E228250,24E124FFFEFAB29D,473100000,SF7BW125, -59/13.2,14,41,UpUnc,2026-07-15T15:50:59+08:00,"Dev Addr/Multicast Addr: 06d5c9db
GwEUI: 24E124FFFEFAB29D
AppEUI: 24E124C0002A0001
Device EUI/Group Name: 24E124746E228250
Class Type: Class A
Immediately: -
Timestamp: 4210390089
Type: UpUnc
Adr: true
AdrAcKReq: false
Ack: false
Fcnt: 41
Port: 85
Modulation: LORA
Bandwidth: 125
SpreadFactor: 7
Bitrate: 0
CodeRate: 4/5
SNR: 13.2
RSSI: -59
Power: -
Payload(b64): A5ceAQAABJhGAAln//8=
Payload(hex): 03971e010000049846000967ffff
JSON: {""current"":0.7,""temperature_sensor_status"":2,""total_current"":2.86}
MIC: 92ea319a"
24E124746E228250,24E124FFFEFAB29D,472700000,SF7BW125, -69/12.5,14,40,UpUnc,2026-07-15T15:49:59+08:00,"Dev Addr/Multicast Addr: 06d5c9db
GwEUI: 24E124FFFEFAB29D
AppEUI: 24E124C0002A0001
Device EUI/Group Name: 24E124746E228250
Class Type: Class A
Immediately: -
Timestamp: 4150390191
Type: UpUnc
Adr: true
AdrAcKReq: false
Ack: false
Fcnt: 40
Port: 85
Modulation: LORA
Bandwidth: 125
SpreadFactor: 7
Bitrate: 0
CodeRate: 4/5
SNR: 12.5
RSSI: -69
Power: -
Payload(b64): A5cdAQAABJhNAAln//8=
Payload(hex): 03971d01000004984d000967ffff
JSON: {""current"":0.77,""temperature_sensor_status"":2,""total_current"":2.85}
MIC: 60eb4227"
24E124746E228250,24E124FFFEFAB29D,473300000,SF7BW125, -80/7.8,14,39,UpUnc,2026-07-15T15:48:59+08:00,"Dev Addr/Multicast Addr: 06d5c9db
GwEUI: 24E124FFFEFAB29D
AppEUI: 24E124C0002A0001
Device EUI/Group Name: 24E124746E228250
Class Type: Class A
Immediately: -
Timestamp: 4090397970
Type: UpUnc
Adr: true
AdrAcKReq: false
Ack: false
Fcnt: 39
Port: 85
Modulation: LORA
Bandwidth: 125
SpreadFactor: 7
Bitrate: 0
CodeRate: 4/5
SNR: 7.8
RSSI: -80
Power: -
Payload(b64): A5cbAQAABJg2AAln//8=
Payload(hex): 03971b010000049836000967ffff
JSON: {""current"":0.54,""temperature_sensor_status"":2,""total_current"":2.83}
MIC: 2f928279"
24E124746E228250,24E124FFFEFAB29D,473100000,SF7BW125, -70/12.2,14,38,UpUnc,2026-07-15T15:47:59+08:00,"Dev Addr/Multicast Addr: 06d5c9db
GwEUI: 24E124FFFEFAB29D
AppEUI: 24E124C0002A0001
Device EUI/Group Name: 24E124746E228250
Class Type: Class A
Immediately: -
Timestamp: 4030390801
Type: UpUnc
Adr: true
AdrAcKReq: false
Ack: false
Fcnt: 38
Port: 85
Modulation: LORA
Bandwidth: 125
SpreadFactor: 7
Bitrate: 0
CodeRate: 4/5
SNR: 12.2
RSSI: -70
Power: -
Payload(b64): A5caAQAABJhKAAln//8=
Payload(hex): 03971a01000004984a000967ffff
JSON: {""current"":0.74,""temperature_sensor_status"":2,""total_current"":2.82}
MIC: 031f4d16"
24E124746E228250,24E124FFFEFAB29D,472300000,SF7BW125, -78/7.8,14,37,UpUnc,2026-07-15T15:46:59+08:00,"Dev Addr/Multicast Addr: 06d5c9db
GwEUI: 24E124FFFEFAB29D
AppEUI: 24E124C0002A0001
Device EUI/Group Name: 24E124746E228250
Class Type: Class A
Immediately: -
Timestamp: 3970397082
Type: UpUnc
Adr: true
AdrAcKReq: false
Ack: false
Fcnt: 37
Port: 85
Modulation: LORA
Bandwidth: 125
SpreadFactor: 7
Bitrate: 0
CodeRate: 4/5
SNR: 7.8
RSSI: -78
Power: -
Payload(b64): A5cZAQAABJg8AAln//8=
Payload(hex): 03971901000004983c000967ffff
JSON: {""current"":0.6,""temperature_sensor_status"":2,""total_current"":2.81}
MIC: 63dbc845"
24E124746E228250,24E124FFFEFAB29D,472100000,SF7BW125, -67/13.2,14,36,UpUnc,2026-07-15T15:45:59+08:00,"Dev Addr/Multicast Addr: 06d5c9db
GwEUI: 24E124FFFEFAB29D
AppEUI: 24E124C0002A0001
Device EUI/Group Name: 24E124746E228250
Class Type: Class A
Immediately: -
Timestamp: 3910399706
Type: UpUnc
Adr: true
AdrAcKReq: false
Ack: false
Fcnt: 36
Port: 85
Modulation: LORA
Bandwidth: 125
SpreadFactor: 7
Bitrate: 0
CodeRate: 4/5
SNR: 13.2
RSSI: -67
Power: -
Payload(b64): A5cYAQAABJhEAAln//8=
Payload(hex): 039718010000049844000967ffff
JSON: {""current"":0.68,""temperature_sensor_status"":2,""total_current"":2.8}
MIC: 7bc35a4d"
24E124746E228250,24E124FFFEFAB29D,472500000,SF7BW125, -71/12.5,14,35,UpUnc,2026-07-15T15:44:59+08:00,"Dev Addr/Multicast Addr: 06d5c9db
GwEUI: 24E124FFFEFAB29D
AppEUI: 24E124C0002A0001
Device EUI/Group Name: 24E124746E228250
Class Type: Class A
Immediately: -
Timestamp: 3850402568
Type: UpUnc
Adr: true
AdrAcKReq: false
Ack: false
Fcnt: 35
Port: 85
Modulation: LORA
Bandwidth: 125
SpreadFactor: 7
Bitrate: 0
CodeRate: 4/5
SNR: 12.5
RSSI: -71
Power: -
Payload(b64): A5cWAQAABJg6AAln//8=
Payload(hex): 03971601000004983a000967ffff
JSON: {""current"":0.58,""temperature_sensor_status"":2,""total_current"":2.78}
MIC: d342b72d"
24E124746E228250,24E124FFFEFAB29D,472500000,SF7BW125, -66/13.0,14,34,UpUnc,2026-07-15T15:43:59+08:00,"Dev Addr/Multicast Addr: 06d5c9db
GwEUI: 24E124FFFEFAB29D
AppEUI: 24E124C0002A0001
Device EUI/Group Name: 24E124746E228250
Class Type: Class A
Immediately: -
Timestamp: 3790398402
Type: UpUnc
Adr: true
AdrAcKReq: false
Ack: false
Fcnt: 34
Port: 85
Modulation: LORA
Bandwidth: 125
SpreadFactor: 7
Bitrate: 0
CodeRate: 4/5
SNR: 13.0
RSSI: -66
Power: -
Payload(b64): A5cVAQAABJhQAAln//8=
Payload(hex): 039715010000049850000967ffff
JSON: {""current"":0.8,""temperature_sensor_status"":2,""total_current"":2.77}
MIC: be292c75"
24E124746E228250,24E124FFFEFAB29D,473100000,SF7BW125, -66/13.2,14,33,UpUnc,2026-07-15T15:42:59+08:00,"Dev Addr/Multicast Addr: 06d5c9db
GwEUI: 24E124FFFEFAB29D
AppEUI: 24E124C0002A0001
Device EUI/Group Name: 24E124746E228250
Class Type: Class A
Immediately: -
Timestamp: 3730396257
Type: UpUnc
Adr: true
AdrAcKReq: false
Ack: false
Fcnt: 33
Port: 85
Modulation: LORA
Bandwidth: 125
SpreadFactor: 7
Bitrate: 0
CodeRate: 4/5
SNR: 13.2
RSSI: -66
Power: -
Payload(b64): A5cUAQAABJhVAAln//8=
Payload(hex): 039714010000049855000967ffff
JSON: {""current"":0.85,""temperature_sensor_status"":2,""total_current"":2.76}
MIC: 5bea3d4e"
24E124746E228250,24E124FFFEFAB29D,472700000,SF7BW125, -66/13.0,14,32,UpUnc,2026-07-15T15:41:59+08:00,"Dev Addr/Multicast Addr: 06d5c9db
GwEUI: 24E124FFFEFAB29D
AppEUI: 24E124C0002A0001
Device EUI/Group Name: 24E124746E228250
Class Type: Class A
Immediately: -
Timestamp: 3670399707
Type: UpUnc
Adr: true
AdrAcKReq: false
Ack: false
Fcnt: 32
Port: 85
Modulation: LORA
Bandwidth: 125
SpreadFactor: 7
Bitrate: 0
CodeRate: 4/5
SNR: 13.0
RSSI: -66
Power: -
Payload(b64): A5cTAQAABJhPAAln//8=
Payload(hex): 03971301000004984f000967ffff
JSON: {""current"":0.79,""temperature_sensor_status"":2,""total_current"":2.75}
MIC: 286fc43b"
24E124746E228250,24E124FFFEFAB29D,473300000,SF7BW125, -64/13.5,14,31,UpUnc,2026-07-15T15:40:59+08:00,"Dev Addr/Multicast Addr: 06d5c9db
GwEUI: 24E124FFFEFAB29D
AppEUI: 24E124C0002A0001
Device EUI/Group Name: 24E124746E228250
Class Type: Class A
Immediately: -
Timestamp: 3610401682
Type: UpUnc
Adr: true
AdrAcKReq: false
Ack: false
Fcnt: 31
Port: 85
Modulation: LORA
Bandwidth: 125
SpreadFactor: 7
Bitrate: 0
CodeRate: 4/5
SNR: 13.5
RSSI: -64
Power: -
Payload(b64): A5cRAQAABJhRAAln//8=
Payload(hex): 039711010000049851000967ffff
JSON: {""current"":0.81,""temperature_sensor_status"":2,""total_current"":2.73}
MIC: f4870af3"
24E124746E228250,24E124FFFEFAB29D,473300000,SF7BW125, -69/13.0,14,30,UpUnc,2026-07-15T15:39:59+08:00,"Dev Addr/Multicast Addr: 06d5c9db
GwEUI: 24E124FFFEFAB29D
AppEUI: 24E124C0002A0001
Device EUI/Group Name: 24E124746E228250
Class Type: Class A
Immediately: -
Timestamp: 3550399543
Type: UpUnc
Adr: true
AdrAcKReq: false
Ack: false
Fcnt: 30
Port: 85
Modulation: LORA
Bandwidth: 125
SpreadFactor: 7
Bitrate: 0
CodeRate: 4/5
SNR: 13.0
RSSI: -69
Power: -
Payload(b64): A5cQAQAABJhMAAln//8=
Payload(hex): 03971001000004984c000967ffff
JSON: {""current"":0.76,""temperature_sensor_status"":2,""total_current"":2.72}
MIC: 5a76a30b"
24E124746E228250,24E124FFFEFAB29D,472300000,SF7BW125, -62/11.5,14,29,UpUnc,2026-07-15T15:38:59+08:00,"Dev Addr/Multicast Addr: 06d5c9db
GwEUI: 24E124FFFEFAB29D
AppEUI: 24E124C0002A0001
Device EUI/Group Name: 24E124746E228250
Class Type: Class A
Immediately: -
Timestamp: 3490400761
Type: UpUnc
Adr: true
AdrAcKReq: false
Ack: false
Fcnt: 29
Port: 85
Modulation: LORA
Bandwidth: 125
SpreadFactor: 7
Bitrate: 0
CodeRate: 4/5
SNR: 11.5
RSSI: -62
Power: -
Payload(b64): A5cPAQAABJhJAAln//8=
Payload(hex): 03970f010000049849000967ffff
JSON: {""current"":0.73,""temperature_sensor_status"":2,""total_current"":2.71}
MIC: 053e9d49"
24E124746E228250,24E124FFFEFAB29D,471900000,SF7BW125, -75/11.2,14,28,UpUnc,2026-07-15T15:37:59+08:00,"Dev Addr/Multicast Addr: 06d5c9db
GwEUI: 24E124FFFEFAB29D
AppEUI: 24E124C0002A0001
Device EUI/Group Name: 24E124746E228250
Class Type: Class A
Immediately: -
Timestamp: 3430404118
Type: UpUnc
Adr: true
AdrAcKReq: false
Ack: false
Fcnt: 28
Port: 85
Modulation: LORA
Bandwidth: 125
SpreadFactor: 7
Bitrate: 0
CodeRate: 4/5
SNR: 11.2
RSSI: -75
Power: -
Payload(b64): A5cOAQAABJhPAAln//8=
Payload(hex): 03970e01000004984f000967ffff
JSON: {""current"":0.79,""temperature_sensor_status"":2,""total_current"":2.7}
MIC: 4d7133f2"
24E124746E228250,24E124FFFEFAB29D,472700000,SF7BW125, -66/13.2,14,27,UpUnc,2026-07-15T15:36:59+08:00,"Dev Addr/Multicast Addr: 06d5c9db
GwEUI: 24E124FFFEFAB29D
AppEUI: 24E124C0002A0001
Device EUI/Group Name: 24E124746E228250
Class Type: Class A
Immediately: -
Timestamp: 3370401423
Type: UpUnc
Adr: true
AdrAcKReq: false
Ack: false
Fcnt: 27
Port: 85
Modulation: LORA
Bandwidth: 125
SpreadFactor: 7
Bitrate: 0
CodeRate: 4/5
SNR: 13.2
RSSI: -66
Power: -
Payload(b64): A5cMAQAABJhOAAln//8=
Payload(hex): 03970c01000004984e000967ffff
JSON: {""current"":0.78,""temperature_sensor_status"":2,""total_current"":2.68}
MIC: e6c3d36a"
24E124746E228250,24E124FFFEFAB29D,502300000,SF7BW125, -/-,0,6,DnUnc,2026-07-15T15:36:00+08:00,"Dev Addr/Multicast Addr: 06d5c9db
GwEUI: 24E124FFFEFAB29D
AppEUI: 24E124C0002A0001
Device EUI/Group Name: 24E124746E228250
Class Type: Class A
Immediately: false
Timestamp: 3311414650
Type: DnUnc
Adr: true
AdrAcKReq: false
Ack: false
Fcnt: 6
Port: -
Modulation: LORA
Bandwidth: 125
SpreadFactor: 7
Bitrate: 0
CodeRate: 4/5
SNR: -
RSSI: -
Power: 20
Payload(b64): 
Payload(hex): 
JSON: 
MIC: c4601415"
24E124746E228250,24E124FFFEFAB29D,472300000,SF7BW125, -65/8.8,14,26,UpUnc,2026-07-15T15:35:59+08:00,"Dev Addr/Multicast Addr: 06d5c9db
GwEUI: 24E124FFFEFAB29D
AppEUI: 24E124C0002A0001
Device EUI/Group Name: 24E124746E228250
Class Type: Class A
Immediately: -
Timestamp: 3310414650
Type: UpUnc
Adr: true
AdrAcKReq: false
Ack: false
Fcnt: 26
Port: 85
Modulation: LORA
Bandwidth: 125
SpreadFactor: 7
Bitrate: 0
CodeRate: 4/5
SNR: 8.8
RSSI: -65
Power: -
Payload(b64): A5cLAQAABJhGAAln//8=
Payload(hex): 03970b010000049846000967ffff
JSON: {""current"":0.7,""temperature_sensor_status"":2,""total_current"":2.67}
MIC: 2f2d5774"
24E124746E228250,24E124FFFEFAB29D,472900000,SF7BW125, -54/11.5,14,25,UpUnc,2026-07-15T15:06:36+08:00,"Dev Addr/Multicast Addr: 06d5c9db
GwEUI: 24E124FFFEFAB29D
AppEUI: 24E124C0002A0001
Device EUI/Group Name: 24E124746E228250
Class Type: Class A
Immediately: -
Timestamp: 1547127341
Type: UpUnc
Adr: true
AdrAcKReq: false
Ack: false
Fcnt: 25
Port: 85
Modulation: LORA
Bandwidth: 125
SpreadFactor: 7
Bitrate: 0
CodeRate: 4/5
SNR: 11.5
RSSI: -54
Power: -
Payload(b64): A5fnAAAABJg0AAln8wA=
Payload(hex): 0397e7000000049834000967f300
JSON: {""current"":0.52,""temperature"":24.3,""total_current"":2.31}
MIC: 547be41d"
24E124746E228250,24E124FFFEFAB29D,501900000,SF7BW125, -/-,0,5,DnUnc,2026-07-15T15:05:36+08:00,"Dev Addr/Multicast Addr: 06d5c9db
GwEUI: 24E124FFFEFAB29D
AppEUI: 24E124C0002A0001
Device EUI/Group Name: 24E124746E228250
Class Type: Class A
Immediately: false
Timestamp: 1488131410
Type: DnUnc
Adr: true
AdrAcKReq: false
Ack: false
Fcnt: 5
Port: -
Modulation: LORA
Bandwidth: 125
SpreadFactor: 7
Bitrate: 0
CodeRate: 4/5
SNR: -
RSSI: -
Power: 20
Payload(b64): 
Payload(hex): 
JSON: 
MIC: 462a3356"
24E124746E228250,24E124FFFEFAB29D,471900000,SF7BW125, -54/13.2,14,24,UpUnc,2026-07-15T15:05:36+08:00,"Dev Addr/Multicast Addr: 06d5c9db
GwEUI: 24E124FFFEFAB29D
AppEUI: 24E124C0002A0001
Device EUI/Group Name: 24E124746E228250
Class Type: Class A
Immediately: -
Timestamp: 1487131410
Type: UpUnc
Adr: true
AdrAcKReq: false
Ack: false
Fcnt: 24
Port: 85
Modulation: LORA
Bandwidth: 125
SpreadFactor: 7
Bitrate: 0
CodeRate: 4/5
SNR: 13.2
RSSI: -54
Power: -
Payload(b64): A5fmAAAABJgzAAln8QA=
Payload(hex): 0397e6000000049833000967f100
JSON: {""current"":0.51,""temperature"":24.1,""total_current"":2.3}
MIC: da44087d"
24E124746E228250,24E124FFFEFAB29D,472300000,SF7BW125, -47/10.5,14,23,UpUnc,2026-07-15T13:10:10+08:00,"Dev Addr/Multicast Addr: 06d5c9db
GwEUI: 24E124FFFEFAB29D
AppEUI: 24E124C0002A0001
Device EUI/Group Name: 24E124746E228250
Class Type: Class A
Immediately: -
Timestamp: 3151325709
Type: UpUnc
Adr: true
AdrAcKReq: false
Ack: false
Fcnt: 23
Port: 85
Modulation: LORA
Bandwidth: 125
SpreadFactor: 7
Bitrate: 0
CodeRate: 4/5
SNR: 10.5
RSSI: -47
Power: -
Payload(b64): A5dyAAAABJgeAAln//8=
Payload(hex): 03977200000004981e000967ffff
JSON: {""current"":0.3,""temperature_sensor_status"":2,""total_current"":1.14}
MIC: c3f65f15"
24E124746E228250,24E124FFFEFAB29D,502100000,SF7BW125, -/-,0,4,DnUnc,2026-07-15T12:40:11+08:00,"Dev Addr/Multicast Addr: 06d5c9db
GwEUI: 24E124FFFEFAB29D
AppEUI: 24E124C0002A0001
Device EUI/Group Name: 24E124746E228250
Class Type: Class A
Immediately: false
Timestamp: 1352358814
Type: DnUnc
Adr: true
AdrAcKReq: false
Ack: false
Fcnt: 4
Port: -
Modulation: LORA
Bandwidth: 125
SpreadFactor: 7
Bitrate: 0
CodeRate: 4/5
SNR: -
RSSI: -
Power: 20
Payload(b64): 
Payload(hex): 
JSON: 
MIC: 3823c2e0"
24E124746E228250,24E124FFFEFAB29D,472100000,SF7BW125, -60/13.8,14,22,UpUnc,2026-07-15T12:40:10+08:00,"Dev Addr/Multicast Addr: 06d5c9db
GwEUI: 24E124FFFEFAB29D
AppEUI: 24E124C0002A0001
Device EUI/Group Name: 24E124746E228250
Class Type: Class A
Immediately: -
Timestamp: 1351358814
Type: UpUnc
Adr: true
AdrAcKReq: false
Ack: false
Fcnt: 22
Port: 85
Modulation: LORA
Bandwidth: 125
SpreadFactor: 7
Bitrate: 0
CodeRate: 4/5
SNR: 13.8
RSSI: -60
Power: -
Payload(b64): A5dbAAAABJhYAAln//8=
Payload(hex): 03975b000000049858000967ffff
JSON: {""current"":0.88,""temperature_sensor_status"":2,""total_current"":0.91}
MIC: df0d31a4"
24E124746E228250,24E124FFFEFAB29D,472500000,SF7BW125, -56/13.5,14,21,UpUnc,2026-07-15T12:09:56+08:00,"Dev Addr/Multicast Addr: 06d5c9db
GwEUI: 24E124FFFEFAB29D
AppEUI: 24E124C0002A0001
Device EUI/Group Name: 24E124746E228250
Class Type: Class A
Immediately: -
Timestamp: 3832727234
Type: UpUnc
Adr: true
AdrAcKReq: false
Ack: false
Fcnt: 21
Port: 85
Modulation: LORA
Bandwidth: 125
SpreadFactor: 7
Bitrate: 0
CodeRate: 4/5
SNR: 13.5
RSSI: -56
Power: -
Payload(b64): A5c3AAAABJg6AAln//8=
Payload(hex): 03973700000004983a000967ffff
JSON: {""current"":0.58,""temperature_sensor_status"":2,""total_current"":0.55}
MIC: 859f8c32"
24E124746E228250,24E124FFFEFAB29D,472900000,SF7BW125, -51/8.2,14,20,UpUnc,2026-07-15T12:08:56+08:00,"Dev Addr/Multicast Addr: 06d5c9db
GwEUI: 24E124FFFEFAB29D
AppEUI: 24E124C0002A0001
Device EUI/Group Name: 24E124746E228250
Class Type: Class A
Immediately: -
Timestamp: 3772727664
Type: UpUnc
Adr: true
AdrAcKReq: false
Ack: false
Fcnt: 20
Port: 85
Modulation: LORA
Bandwidth: 125
SpreadFactor: 7
Bitrate: 0
CodeRate: 4/5
SNR: 8.2
RSSI: -51
Power: -
Payload(b64): A5c2AAAABJg9AAln//8=
Payload(hex): 03973600000004983d000967ffff
JSON: {""current"":0.61,""temperature_sensor_status"":2,""total_current"":0.54}
MIC: f3348f16"
24E124746E228250,24E124FFFEFAB29D,472900000,SF7BW125, -51/8.2,14,19,UpUnc,2026-07-15T12:07:56+08:00,"Dev Addr/Multicast Addr: 06d5c9db
GwEUI: 24E124FFFEFAB29D
AppEUI: 24E124C0002A0001
Device EUI/Group Name: 24E124746E228250
Class Type: Class A
Immediately: -
Timestamp: 3712728697
Type: UpUnc
Adr: true
AdrAcKReq: false
Ack: false
Fcnt: 19
Port: 85
Modulation: LORA
Bandwidth: 125
SpreadFactor: 7
Bitrate: 0
CodeRate: 4/5
SNR: 8.2
RSSI: -51
Power: -
Payload(b64): A5c1AAAABJhCAAln//8=
Payload(hex): 039735000000049842000967ffff
JSON: {""current"":0.66,""temperature_sensor_status"":2,""total_current"":0.53}
MIC: a73739e5"
24E124746E228250,24E124FFFEFAB29D,471900000,SF7BW125, -56/13.8,14,18,UpUnc,2026-07-15T12:06:56+08:00,"Dev Addr/Multicast Addr: 06d5c9db
GwEUI: 24E124FFFEFAB29D
AppEUI: 24E124C0002A0001
Device EUI/Group Name: 24E124746E228250
Class Type: Class A
Immediately: -
Timestamp: 3652729765
Type: UpUnc
Adr: true
AdrAcKReq: false
Ack: false
Fcnt: 18
Port: 85
Modulation: LORA
Bandwidth: 125
SpreadFactor: 7
Bitrate: 0
CodeRate: 4/5
SNR: 13.8
RSSI: -56
Power: -
Payload(b64): A5c0AAAABJhHAAln//8=
Payload(hex): 039734000000049847000967ffff
JSON: {""current"":0.71,""temperature_sensor_status"":2,""total_current"":0.52}
MIC: ae44379e"
24E124746E228250,24E124FFFEFAB29D,473300000,SF7BW125, -45/14.0,14,17,UpUnc,2026-07-15T12:05:56+08:00,"Dev Addr/Multicast Addr: 06d5c9db
GwEUI: 24E124FFFEFAB29D
AppEUI: 24E124C0002A0001
Device EUI/Group Name: 24E124746E228250
Class Type: Class A
Immediately: -
Timestamp: 3592730801
Type: UpUnc
Adr: true
AdrAcKReq: false
Ack: false
Fcnt: 17
Port: 85
Modulation: LORA
Bandwidth: 125
SpreadFactor: 7
Bitrate: 0
CodeRate: 4/5
SNR: 14.0
RSSI: -45
Power: -
Payload(b64): A5czAAAABJhDAAln//8=
Payload(hex): 039733000000049843000967ffff
JSON: {""current"":0.67,""temperature_sensor_status"":2,""total_current"":0.51}
MIC: b40e0fae"
24E124746E228250,24E124FFFEFAB29D,472300000,SF7BW125, -50/12.0,14,16,UpUnc,2026-07-15T12:04:56+08:00,"Dev Addr/Multicast Addr: 06d5c9db
GwEUI: 24E124FFFEFAB29D
AppEUI: 24E124C0002A0001
Device EUI/Group Name: 24E124746E228250
Class Type: Class A
Immediately: -
Timestamp: 3532731859
Type: UpUnc
Adr: true
AdrAcKReq: false
Ack: false
Fcnt: 16
Port: 85
Modulation: LORA
Bandwidth: 125
SpreadFactor: 7
Bitrate: 0
CodeRate: 4/5
SNR: 12.0
RSSI: -50
Power: -
Payload(b64): A5cyAAAABJhHAAln//8=
Payload(hex): 039732000000049847000967ffff
JSON: {""current"":0.71,""temperature_sensor_status"":2,""total_current"":0.5}
MIC: 0a0c424a"
24E124746E228250,24E124FFFEFAB29D,472100000,SF7BW125, -50/13.5,14,15,UpUnc,2026-07-15T12:03:56+08:00,"Dev Addr/Multicast Addr: 06d5c9db
GwEUI: 24E124FFFEFAB29D
AppEUI: 24E124C0002A0001
Device EUI/Group Name: 24E124746E228250
Class Type: Class A
Immediately: -
Timestamp: 3472732987
Type: UpUnc
Adr: true
AdrAcKReq: false
Ack: false
Fcnt: 15
Port: 85
Modulation: LORA
Bandwidth: 125
SpreadFactor: 7
Bitrate: 0
CodeRate: 4/5
SNR: 13.5
RSSI: -50
Power: -
Payload(b64): A5cwAAAABJhKAAln//8=
Payload(hex): 03973000000004984a000967ffff
JSON: {""current"":0.74,""temperature_sensor_status"":2,""total_current"":0.48}
MIC: 8c5d02bc"
24E124746E228250,24E124FFFEFAB29D,472700000,SF7BW125, -49/14.0,14,14,UpUnc,2026-07-15T12:02:56+08:00,"Dev Addr/Multicast Addr: 06d5c9db
GwEUI: 24E124FFFEFAB29D
AppEUI: 24E124C0002A0001
Device EUI/Group Name: 24E124746E228250
Class Type: Class A
Immediately: -
Timestamp: 3412734280
Type: UpUnc
Adr: true
AdrAcKReq: false
Ack: false
Fcnt: 14
Port: 85
Modulation: LORA
Bandwidth: 125
SpreadFactor: 7
Bitrate: 0
CodeRate: 4/5
SNR: 14.0
RSSI: -49
Power: -
Payload(b64): A5cvAAAABJhQAAln//8=
Payload(hex): 03972f000000049850000967ffff
JSON: {""current"":0.8,""temperature_sensor_status"":2,""total_current"":0.47}
MIC: 3331138d"
24E124746E228250,24E124FFFEFAB29D,472300000,SF7BW125, -49/11.5,14,13,UpUnc,2026-07-15T12:01:56+08:00,"Dev Addr/Multicast Addr: 06d5c9db
GwEUI: 24E124FFFEFAB29D
AppEUI: 24E124C0002A0001
Device EUI/Group Name: 24E124746E228250
Class Type: Class A
Immediately: -
Timestamp: 3352746955
Type: UpUnc
Adr: true
AdrAcKReq: false
Ack: false
Fcnt: 13
Port: 85
Modulation: LORA
Bandwidth: 125
SpreadFactor: 7
Bitrate: 0
CodeRate: 4/5
SNR: 11.5
RSSI: -49
Power: -
Payload(b64): A5cuAAAABJhPAAln//8=
Payload(hex): 03972e00000004984f000967ffff
JSON: {""current"":0.79,""temperature_sensor_status"":2,""total_current"":0.46}
MIC: a8b964c3"
24E124746E228250,24E124FFFEFAB29D,473100000,SF7BW125, -48/14.0,14,12,UpUnc,2026-07-15T12:00:56+08:00,"Dev Addr/Multicast Addr: 06d5c9db
GwEUI: 24E124FFFEFAB29D
AppEUI: 24E124C0002A0001
Device EUI/Group Name: 24E124746E228250
Class Type: Class A
Immediately: -
Timestamp: 3292745373
Type: UpUnc
Adr: true
AdrAcKReq: false
Ack: false
Fcnt: 12
Port: 85
Modulation: LORA
Bandwidth: 125
SpreadFactor: 7
Bitrate: 0
CodeRate: 4/5
SNR: 14.0
RSSI: -48
Power: -
Payload(b64): A5csAAAABJhRAAln//8=
Payload(hex): 03972c000000049851000967ffff
JSON: {""current"":0.81,""temperature_sensor_status"":2,""total_current"":0.44}
MIC: 5b88b5ba"
24E124746E228250,24E124FFFEFAB29D,472900000,SF7BW125, -48/11.5,14,11,UpUnc,2026-07-15T11:59:57+08:00,"Dev Addr/Multicast Addr: 06d5c9db
GwEUI: 24E124FFFEFAB29D
AppEUI: 24E124C0002A0001
Device EUI/Group Name: 24E124746E228250
Class Type: Class A
Immediately: -
Timestamp: 3232747235
Type: UpUnc
Adr: true
AdrAcKReq: false
Ack: false
Fcnt: 11
Port: 85
Modulation: LORA
Bandwidth: 125
SpreadFactor: 7
Bitrate: 0
CodeRate: 4/5
SNR: 11.5
RSSI: -48
Power: -
Payload(b64): A5crAAAABJhPAAln//8=
Payload(hex): 03972b00000004984f000967ffff
JSON: {""current"":0.79,""temperature_sensor_status"":2,""total_current"":0.43}
MIC: 0d504f31"
24E124746E228250,24E124FFFEFAB29D,471900000,SF7BW125, -49/13.8,14,10,UpUnc,2026-07-15T11:58:57+08:00,"Dev Addr/Multicast Addr: 06d5c9db
GwEUI: 24E124FFFEFAB29D
AppEUI: 24E124C0002A0001
Device EUI/Group Name: 24E124746E228250
Class Type: Class A
Immediately: -
Timestamp: 3172748088
Type: UpUnc
Adr: true
AdrAcKReq: false
Ack: false
Fcnt: 10
Port: 85
Modulation: LORA
Bandwidth: 125
SpreadFactor: 7
Bitrate: 0
CodeRate: 4/5
SNR: 13.8
RSSI: -49
Power: -
Payload(b64): A5cqAAAABJhhAAln//8=
Payload(hex): 03972a000000049861000967ffff
JSON: {""current"":0.97,""temperature_sensor_status"":2,""total_current"":0.42}
MIC: c44ea771"
24E124746E228250,24E124FFFEFAB29D,503100000,SF7BW125, -/-,0,3,DnUnc,2026-07-15T11:55:06+08:00,"Dev Addr/Multicast Addr: 06d5c9db
GwEUI: 24E124FFFEFAB29D
AppEUI: 24E124C0002A0001
Device EUI/Group Name: 24E124746E228250
Class Type: Class A
Immediately: false
Timestamp: 2942680450
Type: DnUnc
Adr: true
AdrAcKReq: false
Ack: false
Fcnt: 3
Port: -
Modulation: LORA
Bandwidth: 125
SpreadFactor: 7
Bitrate: 0
CodeRate: 4/5
SNR: -
RSSI: -
Power: 20
Payload(b64): 
Payload(hex): 
JSON: 
MIC: c23c31d1"
24E124746E228250,24E124FFFEFAB29D,473100000,SF7BW125, -48/13.2,14,9,UpUnc,2026-07-15T11:55:06+08:00,"Dev Addr/Multicast Addr: 06d5c9db
GwEUI: 24E124FFFEFAB29D
AppEUI: 24E124C0002A0001
Device EUI/Group Name: 24E124746E228250
Class Type: Class A
Immediately: -
Timestamp: 2941680450
Type: UpUnc
Adr: true
AdrAcKReq: false
Ack: false
Fcnt: 9
Port: 85
Modulation: LORA
Bandwidth: 125
SpreadFactor: 7
Bitrate: 0
CodeRate: 4/5
SNR: 13.2
RSSI: -48
Power: -
Payload(b64): A5ckAAAABJhkAAln//8=
Payload(hex): 039724000000049864000967ffff
JSON: {""current"":1,""temperature_sensor_status"":2,""total_current"":0.36}
MIC: 1c2a27df"
24E124746E228250,24E124FFFEFAB29D,472100000,SF7BW125, -50/13.5,14,8,UpUnc,2026-07-15T11:22:32+08:00,"Dev Addr/Multicast Addr: 06d5c9db
GwEUI: 24E124FFFEFAB29D
AppEUI: 24E124C0002A0001
Device EUI/Group Name: 24E124746E228250
Class Type: Class A
Immediately: -
Timestamp: 988177995
Type: UpUnc
Adr: true
AdrAcKReq: false
Ack: false
Fcnt: 8
Port: 85
Modulation: LORA
Bandwidth: 125
SpreadFactor: 7
Bitrate: 0
CodeRate: 4/5
SNR: 13.5
RSSI: -50
Power: -
Payload(b64): A5cCAAAABJgdAAln//8=
Payload(hex): 03970200000004981d000967ffff
JSON: {""current"":0.29,""temperature_sensor_status"":2,""total_current"":0.02}
MIC: 03a7d3a0"
24E124746E228250,24E124FFFEFAB29D,472500000,SF7BW125, -52/14.2,14,7,UpUnc,2026-07-15T11:19:32+08:00,"Dev Addr/Multicast Addr: 06d5c9db
GwEUI: 24E124FFFEFAB29D
AppEUI: 24E124C0002A0001
Device EUI/Group Name: 24E124746E228250
Class Type: Class A
Immediately: -
Timestamp: 808181386
Type: UpUnc
Adr: true
AdrAcKReq: false
Ack: false
Fcnt: 7
Port: 85
Modulation: LORA
Bandwidth: 125
SpreadFactor: 7
Bitrate: 0
CodeRate: 4/5
SNR: 14.2
RSSI: -52
Power: -
Payload(b64): A5cAAAAABJgdAAln//8=
Payload(hex): 03970000000004981d000967ffff
JSON: {""current"":0.29,""temperature_sensor_status"":2,""total_current"":0}
MIC: 4ca03ba2"
24E124746E228250,24E124FFFEFAB29D,472500000,SF7BW125, -58/13.5,14,6,UpUnc,2026-07-15T11:16:32+08:00,"Dev Addr/Multicast Addr: 06d5c9db
GwEUI: 24E124FFFEFAB29D
AppEUI: 24E124C0002A0001
Device EUI/Group Name: 24E124746E228250
Class Type: Class A
Immediately: -
Timestamp: 628188605
Type: UpUnc
Adr: true
AdrAcKReq: false
Ack: false
Fcnt: 6
Port: 85
Modulation: LORA
Bandwidth: 125
SpreadFactor: 7
Bitrate: 0
CodeRate: 4/5
SNR: 13.5
RSSI: -58
Power: -
Payload(b64): A5cAAAAABJgAAAln//8=
Payload(hex): 039700000000049800000967ffff
JSON: {""current"":0,""temperature_sensor_status"":2,""total_current"":0}
MIC: 2954562b"
24E124746E228250,24E124FFFEFAB29D,473100000,SF7BW125, -51/13.8,14,5,UpUnc,2026-07-15T11:13:32+08:00,"Dev Addr/Multicast Addr: 06d5c9db
GwEUI: 24E124FFFEFAB29D
AppEUI: 24E124C0002A0001
Device EUI/Group Name: 24E124746E228250
Class Type: Class A
Immediately: -
Timestamp: 448194386
Type: UpUnc
Adr: true
AdrAcKReq: false
Ack: false
Fcnt: 5
Port: 85
Modulation: LORA
Bandwidth: 125
SpreadFactor: 7
Bitrate: 0
CodeRate: 4/5
SNR: 13.8
RSSI: -51
Power: -
Payload(b64): A5cAAAAABJgAAAln//8=
Payload(hex): 039700000000049800000967ffff
JSON: {""current"":0,""temperature_sensor_status"":2,""total_current"":0}
MIC: 43219e47"
24E124746E228250,24E124FFFEFAB29D,472900000,SF7BW125, -49/11.2,14,4,UpUnc,2026-07-15T11:10:32+08:00,"Dev Addr/Multicast Addr: 06d5c9db
GwEUI: 24E124FFFEFAB29D
AppEUI: 24E124C0002A0001
Device EUI/Group Name: 24E124746E228250
Class Type: Class A
Immediately: -
Timestamp: 268192592
Type: UpUnc
Adr: true
AdrAcKReq: false
Ack: false
Fcnt: 4
Port: 85
Modulation: LORA
Bandwidth: 125
SpreadFactor: 7
Bitrate: 0
CodeRate: 4/5
SNR: 11.2
RSSI: -49
Power: -
Payload(b64): A5cAAAAABJgAAAln//8=
Payload(hex): 039700000000049800000967ffff
JSON: {""current"":0,""temperature_sensor_status"":2,""total_current"":0}
MIC: 7b897db2"
24E124746E228250,24E124FFFEFAB29D,503300000,SF7BW125, -/-,0,2,DnUnc,2026-07-15T11:07:32+08:00,"Dev Addr/Multicast Addr: 06d5c9db
GwEUI: 24E124FFFEFAB29D
AppEUI: 24E124C0002A0001
Device EUI/Group Name: 24E124746E228250
Class Type: Class A
Immediately: false
Timestamp: 89203505
Type: DnUnc
Adr: true
AdrAcKReq: false
Ack: false
Fcnt: 2
Port: -
Modulation: LORA
Bandwidth: 125
SpreadFactor: 7
Bitrate: 0
CodeRate: 4/5
SNR: -
RSSI: -
Power: 20
Payload(b64): 
Payload(hex): 
JSON: 
MIC: 7f1379d6"
24E124746E228250,24E124FFFEFAB29D,473300000,SF7BW125, -48/14.2,14,3,UpUnc,2026-07-15T11:07:32+08:00,"Dev Addr/Multicast Addr: 06d5c9db
GwEUI: 24E124FFFEFAB29D
AppEUI: 24E124C0002A0001
Device EUI/Group Name: 24E124746E228250
Class Type: Class A
Immediately: -
Timestamp: 88203505
Type: UpUnc
Adr: true
AdrAcKReq: false
Ack: false
Fcnt: 3
Port: 85
Modulation: LORA
Bandwidth: 125
SpreadFactor: 7
Bitrate: 0
CodeRate: 4/5
SNR: 14.2
RSSI: -48
Power: -
Payload(b64): A5cAAAAABJgAAAln//8=
Payload(hex): 039700000000049800000967ffff
JSON: {""current"":0,""temperature_sensor_status"":2,""total_current"":0}
MIC: e675fa90"
24E124746E228250,24E124FFFEFAB29D,503300000,SF7BW125, -/-,0,1,DnUnc,2026-07-15T11:06:48+08:00,"Dev Addr/Multicast Addr: 06d5c9db
GwEUI: 24E124FFFEFAB29D
AppEUI: 24E124C0002A0001
Device EUI/Group Name: 24E124746E228250
Class Type: Class A
Immediately: false
Timestamp: 44670062
Type: DnUnc
Adr: true
AdrAcKReq: false
Ack: false
Fcnt: 1
Port: -
Modulation: LORA
Bandwidth: 125
SpreadFactor: 7
Bitrate: 0
CodeRate: 4/5
SNR: -
RSSI: -
Power: 20
Payload(b64): 
Payload(hex): 
JSON: 
MIC: c518ec8d"
24E124746E228250,24E124FFFEFAB29D,473300000,SF7BW125, -55/13.8,14,2,UpUnc,2026-07-15T11:06:47+08:00,"Dev Addr/Multicast Addr: 06d5c9db
GwEUI: 24E124FFFEFAB29D
AppEUI: 24E124C0002A0001
Device EUI/Group Name: 24E124746E228250
Class Type: Class A
Immediately: -
Timestamp: 43670062
Type: UpUnc
Adr: true
AdrAcKReq: false
Ack: false
Fcnt: 2
Port: 85
Modulation: LORA
Bandwidth: 125
SpreadFactor: 7
Bitrate: 0
CodeRate: 4/5
SNR: 13.8
RSSI: -55
Power: -
Payload(b64): A5cAAAAABJgAAAln//8=
Payload(hex): 039700000000049800000967ffff
JSON: {""current"":0,""temperature_sensor_status"":2,""total_current"":0}
MIC: e07a09d6"
24E124746E228250,24E124FFFEFAB29D,502500000,SF10BW125, -/-,36,0,DnUnc,2026-07-15T11:06:30+08:00,"Dev Addr/Multicast Addr: 06d5c9db
GwEUI: 24E124FFFEFAB29D
AppEUI: 24E124C0002A0001
Device EUI/Group Name: 24E124746E228250
Class Type: Class A
Immediately: false
Timestamp: 26696061
Type: DnUnc
Adr: true
AdrAcKReq: false
Ack: false
Fcnt: 0
Port: 0
Modulation: LORA
Bandwidth: 125
SpreadFactor: 10
Bitrate: 0
CodeRate: 4/5
SNR: -
RSSI: -
Power: 20
Payload(b64): 334D1LuFD8YDZavYVdzkshVFE7t6VVESYaYU/r58eQtZJVz6
Payload(hex): df7e03d4bb850fc60365abd855dce4b2154513bb7a55511261a614febe7c790b59255cfa
JSON: 
MIC: 4e0a1528"
24E124746E228250,24E124FFFEFAB29D,472500000,SF10BW125, -48/13.2,31,1,UpUnc,2026-07-15T11:06:29+08:00,"Dev Addr/Multicast Addr: 06d5c9db
GwEUI: 24E124FFFEFAB29D
AppEUI: 24E124C0002A0001
Device EUI/Group Name: 24E124746E228250
Class Type: Class A
Immediately: -
Timestamp: 25696061
Type: UpUnc
Adr: true
AdrAcKReq: false
Ack: false
Fcnt: 1
Port: 85
Modulation: LORA
Bandwidth: 125
SpreadFactor: 10
Bitrate: 0
CodeRate: 4/5
SNR: 13.2
RSSI: -48
Power: -
Payload(b64): /wv//wEB//8BAP8WZ0biKCUDABf/CQEQ/woBAv8PAA==
Payload(hex): ff0bffff0101ffff0100ff166746e22825030017ff090110ff0a0102ff0f00
JSON: {""device_status"":1,""firmware_version"":""v1.2"",""hardware_version"":""v1.1"",""ipso_version"":""v0.1"",""lorawan_class"":0,""sn"":""6746e22825030017"",""tsl_version"":""v1.0""}
MIC: c66a5654"
24E124746E228250,24E124FFFEFAB29D,503300000,SF10BW125, -/-,17,0,JnAcc,2026-07-15T11:06:20+08:00,"Dev Addr/Multicast Addr: 06d5c9db
GwEUI: 24E124FFFEFAB29D
AppEUI: 24E124C0002A0001
Device EUI/Group Name: 24E124746E228250
Class Type: Class A
Immediately: false
Timestamp: 20733406
Type: JnAcc
Adr: -
AdrAcKReq: -
Ack: -
Fcnt: 0
Port: -
Modulation: LORA
Bandwidth: 125
SpreadFactor: 10
Bitrate: 0
CodeRate: 4/5
SNR: -
RSSI: -
Power: 20
Payload(b64): IAAAAQMCAdvJ1QYAAQcVeJc=
Payload(hex): 20000001030201dbc9d506000107157897
JSON: 
MIC: f737103e"
24E124746E228250,24E124FFFEFAB29D,473300000,SF10BW125, -52/12.2,18,0,JnReq,2026-07-15T11:06:19+08:00,"Dev Addr/Multicast Addr: 00000000
GwEUI: 24E124FFFEFAB29D
AppEUI: 24E124C0002A0001
Device EUI/Group Name: 24E124746E228250
Class Type: Class A
Immediately: -
Timestamp: 15733406
Type: JnReq
Adr: -
AdrAcKReq: -
Ack: -
Fcnt: 0
Port: -
Modulation: LORA
Bandwidth: 125
SpreadFactor: 10
Bitrate: 0
CodeRate: 4/5
SNR: 12.2
RSSI: -52
Power: -
Payload(b64): AQAqAMAk4SRQgiJudCThJFsi
Payload(hex): 01002a00c024e1245082226e7424e1245b22
JSON: 
MIC: 3448097d"
24E124746E228250,24E124FFFEFAB29D,473300000,SF10BW125, -54/13.8,18,0,JnReq,2026-07-15T11:06:06+08:00,"Dev Addr/Multicast Addr: 00000000
GwEUI: 24E124FFFEFAB29D
AppEUI: 24E124C0002A0001
Device EUI/Group Name: 24E124746E228250
Class Type: Class A
Immediately: -
Timestamp: 1804259
Type: JnReq
Adr: -
AdrAcKReq: -
Ack: -
Fcnt: 0
Port: -
Modulation: LORA
Bandwidth: 125
SpreadFactor: 10
Bitrate: 0
CodeRate: 4/5
SNR: 13.8
RSSI: -54
Power: -
Payload(b64): AQAqAMAk4SRQgiJudCThJAIV
Payload(hex): 01002a00c024e1245082226e7424e1240215
JSON: 
MIC: 27bc1e68"
24E124746E228250,24E124FFFEFAB29D,472100000,SF10BW125, -45/13.2,18,0,JnReq,2026-07-15T11:05:49+08:00,"Dev Addr/Multicast Addr: 00000000
GwEUI: 24E124FFFEFAB29D
AppEUI: 24E124C0002A0001
Device EUI/Group Name: 24E124746E228250
Class Type: Class A
Immediately: -
Timestamp: 4280487015
Type: JnReq
Adr: -
AdrAcKReq: -
Ack: -
Fcnt: 0
Port: -
Modulation: LORA
Bandwidth: 125
SpreadFactor: 10
Bitrate: 0
CodeRate: 4/5
SNR: 13.2
RSSI: -45
Power: -
Payload(b64): AQAqAMAk4SRQgiJudCThJDVa
Payload(hex): 01002a00c024e1245082226e7424e124355a
JSON: 
MIC: 822cacab"
24E124746E228250,24E124FFFEFAB29D,472500000,SF10BW125, -49/12.8,18,0,JnReq,2026-07-15T11:05:34+08:00,"Dev Addr/Multicast Addr: 00000000
GwEUI: 24E124FFFEFAB29D
AppEUI: 24E124C0002A0001
Device EUI/Group Name: 24E124746E228250
Class Type: Class A
Immediately: -
Timestamp: 4265287473
Type: JnReq
Adr: -
AdrAcKReq: -
Ack: -
Fcnt: 0
Port: -
Modulation: LORA
Bandwidth: 125
SpreadFactor: 10
Bitrate: 0
CodeRate: 4/5
SNR: 12.8
RSSI: -49
Power: -
Payload(b64): AQAqAMAk4SRQgiJudCThJAHR
Payload(hex): 01002a00c024e1245082226e7424e12401d1
JSON: 
MIC: aad3e00f"
24E124710E317752,24E124FFFEFAB29D,472300000,SF7BW125, -52/9.0,37,1151,UpUnc,2026-07-15T09:54:24+08:00,"Dev Addr/Multicast Addr: 06f5800d
GwEUI: 24E124FFFEFAB29D
AppEUI: 24E124C0002A0001
Device EUI/Group Name: 24E124710E317752
Class Type: Class C
Immediately: -
Timestamp: 4289599373
Type: UpUnc
Adr: true
AdrAcKReq: false
Ack: false
Fcnt: 1151
Port: 85
Modulation: LORA
Bandwidth: 125
SpreadFactor: 7
Bitrate: 0
CodeRate: 4/5
SNR: 9.0
RSSI: -52
Power: -
Payload(b64): A2cLAQRobwUAAQbLAAd9LgMI5hMACXMuJwp9AgALfQgADH0IAA==
Payload(hex): 03670b0104686f05000106cb00077d2e0308e6130009732e270a7d02000b7d08000c7d0800
JSON: {""co2"":814,""hcho"":0.02,""humidity"":55.5,""light_level"":0,""pir"":1,""pm10"":8,""pm2_5"":8,""pressure"":1003,""temperature"":26.7,""tvoc"":19}
MIC: 6c68dd02"
24E124710E317752,24E124FFFEFAB29D,472500000,SF7BW125, -51/12.2,37,1150,UpUnc,2026-07-15T09:53:24+08:00,"Dev Addr/Multicast Addr: 06f5800d
GwEUI: 24E124FFFEFAB29D
AppEUI: 24E124C0002A0001
Device EUI/Group Name: 24E124710E317752
Class Type: Class C
Immediately: -
Timestamp: 4229590374
Type: UpUnc
Adr: true
AdrAcKReq: false
Ack: false
Fcnt: 1150
Port: 85
Modulation: LORA
Bandwidth: 125
SpreadFactor: 7
Bitrate: 0
CodeRate: 4/5
SNR: 12.2
RSSI: -51
Power: -
Payload(b64): A2cLAQRobwUAAQbLAAd9LAMI5hMACXMuJwp9AgALfQgADH0IAA==
Payload(hex): 03670b0104686f05000106cb00077d2c0308e6130009732e270a7d02000b7d08000c7d0800
JSON: {""co2"":812,""hcho"":0.02,""humidity"":55.5,""light_level"":0,""pir"":1,""pm10"":8,""pm2_5"":8,""pressure"":1003,""temperature"":26.7,""tvoc"":19}
MIC: 8a705b59"
24E124710E317752,24E124FFFEFAB29D,472900000,SF7BW125, -50/9.0,37,1149,UpUnc,2026-07-15T09:52:24+08:00,"Dev Addr/Multicast Addr: 06f5800d
GwEUI: 24E124FFFEFAB29D
AppEUI: 24E124C0002A0001
Device EUI/Group Name: 24E124710E317752
Class Type: Class C
Immediately: -
Timestamp: 4169593304
Type: UpUnc
Adr: true
AdrAcKReq: false
Ack: false
Fcnt: 1149
Port: 85
Modulation: LORA
Bandwidth: 125
SpreadFactor: 7
Bitrate: 0
CodeRate: 4/5
SNR: 9.0
RSSI: -50
Power: -
Payload(b64): A2cLAQRocAUAAQbLAAd9KwMI5hQACXMuJwp9AQALfQwADH0MAA==
Payload(hex): 03670b0104687005000106cb00077d2b0308e6140009732e270a7d01000b7d0c000c7d0c00
JSON: {""co2"":811,""hcho"":0.01,""humidity"":56,""light_level"":0,""pir"":1,""pm10"":12,""pm2_5"":12,""pressure"":1003,""temperature"":26.7,""tvoc"":20}
MIC: b87cb698"
24E124710E317752,24E124FFFEFAB29D,471900000,SF7BW125, -51/13.2,37,1148,UpUnc,2026-07-15T09:51:24+08:00,"Dev Addr/Multicast Addr: 06f5800d
GwEUI: 24E124FFFEFAB29D
AppEUI: 24E124C0002A0001
Device EUI/Group Name: 24E124710E317752
Class Type: Class C
Immediately: -
Timestamp: 4109595237
Type: UpUnc
Adr: true
AdrAcKReq: false
Ack: false
Fcnt: 1148
Port: 85
Modulation: LORA
Bandwidth: 125
SpreadFactor: 7
Bitrate: 0
CodeRate: 4/5
SNR: 13.2
RSSI: -51
Power: -
Payload(b64): A2cLAQRocAUAAQbLAAd9LAMI5hYACXMuJwp9AQALfQwADH0MAA==
Payload(hex): 03670b0104687005000106cb00077d2c0308e6160009732e270a7d01000b7d0c000c7d0c00
JSON: {""co2"":812,""hcho"":0.01,""humidity"":56,""light_level"":0,""pir"":1,""pm10"":12,""pm2_5"":12,""pressure"":1003,""temperature"":26.7,""tvoc"":22}
MIC: e13a90ad"
24E124710E317752,24E124FFFEFAB29D,472300000,SF7BW125, -50/11.8,37,1147,UpUnc,2026-07-15T09:50:24+08:00,"Dev Addr/Multicast Addr: 06f5800d
GwEUI: 24E124FFFEFAB29D
AppEUI: 24E124C0002A0001
Device EUI/Group Name: 24E124710E317752
Class Type: Class C
Immediately: -
Timestamp: 4049595234
Type: UpUnc
Adr: true
AdrAcKReq: false
Ack: false
Fcnt: 1147
Port: 85
Modulation: LORA
Bandwidth: 125
SpreadFactor: 7
Bitrate: 0
CodeRate: 4/5
SNR: 11.8
RSSI: -50
Power: -
Payload(b64): A2cLAQRocAUAAQbLAAd9KwMI5hEACXMtJwp9AgALfQwADH0MAA==
Payload(hex): 03670b0104687005000106cb00077d2b0308e6110009732d270a7d02000b7d0c000c7d0c00
JSON: {""co2"":811,""hcho"":0.02,""humidity"":56,""light_level"":0,""pir"":1,""pm10"":12,""pm2_5"":12,""pressure"":1002.9,""temperature"":26.7,""tvoc"":17}
MIC: 0f385be6"
24E124710E317752,24E124FFFEFAB29D,472700000,SF7BW125, -52/13.8,37,1146,UpUnc,2026-07-15T09:49:24+08:00,"Dev Addr/Multicast Addr: 06f5800d
GwEUI: 24E124FFFEFAB29D
AppEUI: 24E124C0002A0001
Device EUI/Group Name: 24E124710E317752
Class Type: Class C
Immediately: -
Timestamp: 3989597097
Type: UpUnc
Adr: true
AdrAcKReq: false
Ack: false
Fcnt: 1146
Port: 85
Modulation: LORA
Bandwidth: 125
SpreadFactor: 7
Bitrate: 0
CodeRate: 4/5
SNR: 13.8
RSSI: -52
Power: -
Payload(b64): A2cLAQRocQUAAQbLAAd9CAMI5hIACXMtJwp9AgALfQsADH0LAA==
Payload(hex): 03670b0104687105000106cb00077d080308e6120009732d270a7d02000b7d0b000c7d0b00
JSON: {""co2"":776,""hcho"":0.02,""humidity"":56.5,""light_level"":0,""pir"":1,""pm10"":11,""pm2_5"":11,""pressure"":1002.9,""temperature"":26.7,""tvoc"":18}
MIC: 0fdef668"
24E124710E317752,24E124FFFEFAB29D,472900000,SF7BW125, -53/11.8,37,1145,UpUnc,2026-07-15T09:48:23+08:00,"Dev Addr/Multicast Addr: 06f5800d
GwEUI: 24E124FFFEFAB29D
AppEUI: 24E124C0002A0001
Device EUI/Group Name: 24E124710E317752
Class Type: Class C
Immediately: -
Timestamp: 3929590064
Type: UpUnc
Adr: true
AdrAcKReq: false
Ack: false
Fcnt: 1145
Port: 85
Modulation: LORA
Bandwidth: 125
SpreadFactor: 7
Bitrate: 0
CodeRate: 4/5
SNR: 11.8
RSSI: -53
Power: -
Payload(b64): A2cMAQRocQUAAQbLAAd9AgMI5hMACXMtJwp9AgALfQsADH0LAA==
Payload(hex): 03670c0104687105000106cb00077d020308e6130009732d270a7d02000b7d0b000c7d0b00
JSON: {""co2"":770,""hcho"":0.02,""humidity"":56.5,""light_level"":0,""pir"":1,""pm10"":11,""pm2_5"":11,""pressure"":1002.9,""temperature"":26.8,""tvoc"":19}
MIC: e645b113"
24E124710E317752,24E124FFFEFAB29D,471900000,SF7BW125, -54/13.5,37,1144,UpUnc,2026-07-15T09:47:23+08:00,"Dev Addr/Multicast Addr: 06f5800d
GwEUI: 24E124FFFEFAB29D
AppEUI: 24E124C0002A0001
Device EUI/Group Name: 24E124710E317752
Class Type: Class C
Immediately: -
Timestamp: 3869594880
Type: UpUnc
Adr: true
AdrAcKReq: false
Ack: false
Fcnt: 1144
Port: 85
Modulation: LORA
Bandwidth: 125
SpreadFactor: 7
Bitrate: 0
CodeRate: 4/5
SNR: 13.5
RSSI: -54
Power: -
Payload(b64): A2cMAQRocgUAAQbLAAd9AQMI5hIACXMuJwp9AQALfQsADH0LAA==
Payload(hex): 03670c0104687205000106cb00077d010308e6120009732e270a7d01000b7d0b000c7d0b00
JSON: {""co2"":769,""hcho"":0.01,""humidity"":57,""light_level"":0,""pir"":1,""pm10"":11,""pm2_5"":11,""pressure"":1003,""temperature"":26.8,""tvoc"":18}
MIC: 2d09e6aa"
24E124710E317752,24E124FFFEFAB29D,472300000,SF7BW125, -53/11.8,37,1143,UpUnc,2026-07-15T09:46:23+08:00,"Dev Addr/Multicast Addr: 06f5800d
GwEUI: 24E124FFFEFAB29D
AppEUI: 24E124C0002A0001
Device EUI/Group Name: 24E124710E317752
Class Type: Class C
Immediately: -
Timestamp: 3809596904
Type: UpUnc
Adr: true
AdrAcKReq: false
Ack: false
Fcnt: 1143
Port: 85
Modulation: LORA
Bandwidth: 125
SpreadFactor: 7
Bitrate: 0
CodeRate: 4/5
SNR: 11.8
RSSI: -53
Power: -
Payload(b64): A2cMAQRocgUAAQbLAAd9/gII5hcACXMuJwp9AQALfQoADH0KAA==
Payload(hex): 03670c0104687205000106cb00077dfe0208e6170009732e270a7d01000b7d0a000c7d0a00
JSON: {""co2"":766,""hcho"":0.01,""humidity"":57,""light_level"":0,""pir"":1,""pm10"":10,""pm2_5"":10,""pressure"":1003,""temperature"":26.8,""tvoc"":23}
MIC: 12f6fbe4"
24E124710E317752,24E124FFFEFAB29D,472500000,SF7BW125, -53/14.0,37,1142,UpUnc,2026-07-15T09:45:23+08:00,"Dev Addr/Multicast Addr: 06f5800d
GwEUI: 24E124FFFEFAB29D
AppEUI: 24E124C0002A0001
Device EUI/Group Name: 24E124710E317752
Class Type: Class C
Immediately: -
Timestamp: 3749592700
Type: UpUnc
Adr: true
AdrAcKReq: false
Ack: false
Fcnt: 1142
Port: 85
Modulation: LORA
Bandwidth: 125
SpreadFactor: 7
Bitrate: 0
CodeRate: 4/5
SNR: 14.0
RSSI: -53
Power: -
Payload(b64): A2cLAQRocwUAAQbLAAd9/AII5hgACXMuJwp9AgALfQoADH0KAA==
Payload(hex): 03670b0104687305000106cb00077dfc0208e6180009732e270a7d02000b7d0a000c7d0a00
JSON: {""co2"":764,""hcho"":0.02,""humidity"":57.5,""light_level"":0,""pir"":1,""pm10"":10,""pm2_5"":10,""pressure"":1003,""temperature"":26.7,""tvoc"":24}
MIC: 2d531d75"
24E124710E317752,24E124FFFEFAB29D,473100000,SF7BW125, -52/13.2,37,1141,UpUnc,2026-07-15T09:44:23+08:00,"Dev Addr/Multicast Addr: 06f5800d
GwEUI: 24E124FFFEFAB29D
AppEUI: 24E124C0002A0001
Device EUI/Group Name: 24E124710E317752
Class Type: Class C
Immediately: -
Timestamp: 3689593814
Type: UpUnc
Adr: true
AdrAcKReq: false
Ack: false
Fcnt: 1141
Port: 85
Modulation: LORA
Bandwidth: 125
SpreadFactor: 7
Bitrate: 0
CodeRate: 4/5
SNR: 13.2
RSSI: -52
Power: -
Payload(b64): A2cLAQRocwUAAQbLAAd9+QII5hUACXMuJwp9AgALfQoADH0KAA==
Payload(hex): 03670b0104687305000106cb00077df90208e6150009732e270a7d02000b7d0a000c7d0a00
JSON: {""co2"":761,""hcho"":0.02,""humidity"":57.5,""light_level"":0,""pir"":1,""pm10"":10,""pm2_5"":10,""pressure"":1003,""temperature"":26.7,""tvoc"":21}
MIC: fb3cdfc8"
24E124710E317752,24E124FFFEFAB29D,471900000,SF7BW125, -55/14.0,37,1140,UpUnc,2026-07-15T09:43:23+08:00,"Dev Addr/Multicast Addr: 06f5800d
GwEUI: 24E124FFFEFAB29D
AppEUI: 24E124C0002A0001
Device EUI/Group Name: 24E124710E317752
Class Type: Class C
Immediately: -
Timestamp: 3629600608
Type: UpUnc
Adr: true
AdrAcKReq: false
Ack: false
Fcnt: 1140
Port: 85
Modulation: LORA
Bandwidth: 125
SpreadFactor: 7
Bitrate: 0
CodeRate: 4/5
SNR: 14.0
RSSI: -55
Power: -
Payload(b64): A2cLAQRocwUAAQbLAAd98gII5h0ACXMuJwp9AgALfQkADH0JAA==
Payload(hex): 03670b0104687305000106cb00077df20208e61d0009732e270a7d02000b7d09000c7d0900
JSON: {""co2"":754,""hcho"":0.02,""humidity"":57.5,""light_level"":0,""pir"":1,""pm10"":9,""pm2_5"":9,""pressure"":1003,""temperature"":26.7,""tvoc"":29}
MIC: 506cf6c9"
24E124710E317752,24E124FFFEFAB29D,472100000,SF7BW125, -54/13.5,37,1139,UpUnc,2026-07-15T09:42:23+08:00,"Dev Addr/Multicast Addr: 06f5800d
GwEUI: 24E124FFFEFAB29D
AppEUI: 24E124C0002A0001
Device EUI/Group Name: 24E124710E317752
Class Type: Class C
Immediately: -
Timestamp: 3569599644
Type: UpUnc
Adr: true
AdrAcKReq: false
Ack: false
Fcnt: 1139
Port: 85
Modulation: LORA
Bandwidth: 125
SpreadFactor: 7
Bitrate: 0
CodeRate: 4/5
SNR: 13.5
RSSI: -54
Power: -
Payload(b64): A2cMAQRodAUAAQbLAAd97AII5iUACXMvJwp9AQALfQkADH0JAA==
Payload(hex): 03670c0104687405000106cb00077dec0208e6250009732f270a7d01000b7d09000c7d0900
JSON: {""co2"":748,""hcho"":0.01,""humidity"":58,""light_level"":0,""pir"":1,""pm10"":9,""pm2_5"":9,""pressure"":1003.1,""temperature"":26.8,""tvoc"":37}
MIC: 4e48ad02"
24E124710E317752,24E124FFFEFAB29D,472500000,SF7BW125, -54/13.5,37,1138,UpUnc,2026-07-15T09:41:23+08:00,"Dev Addr/Multicast Addr: 06f5800d
GwEUI: 24E124FFFEFAB29D
AppEUI: 24E124C0002A0001
Device EUI/Group Name: 24E124710E317752
Class Type: Class C
Immediately: -
Timestamp: 3509592426
Type: UpUnc
Adr: true
AdrAcKReq: false
Ack: false
Fcnt: 1138
Port: 85
Modulation: LORA
Bandwidth: 125
SpreadFactor: 7
Bitrate: 0
CodeRate: 4/5
SNR: 13.5
RSSI: -54
Power: -
Payload(b64): A2cMAQRodQUAAQbLAAd96AII5isACXMvJwp9AQALfQkADH0JAA==
Payload(hex): 03670c0104687505000106cb00077de80208e62b0009732f270a7d01000b7d09000c7d0900
JSON: {""co2"":744,""hcho"":0.01,""humidity"":58.5,""light_level"":0,""pir"":1,""pm10"":9,""pm2_5"":9,""pressure"":1003.1,""temperature"":26.8,""tvoc"":43}
MIC: bcf55862"
24E124710E317752,24E124FFFEFAB29D,473100000,SF7BW125, -53/13.5,37,1137,UpUnc,2026-07-15T09:40:23+08:00,"Dev Addr/Multicast Addr: 06f5800d
GwEUI: 24E124FFFEFAB29D
AppEUI: 24E124C0002A0001
Device EUI/Group Name: 24E124710E317752
Class Type: Class C
Immediately: -
Timestamp: 3449595389
Type: UpUnc
Adr: true
AdrAcKReq: false
Ack: false
Fcnt: 1137
Port: 85
Modulation: LORA
Bandwidth: 125
SpreadFactor: 7
Bitrate: 0
CodeRate: 4/5
SNR: 13.5
RSSI: -53
Power: -
Payload(b64): A2cMAQRodQUAAQbLAAd95QII5i8ACXMvJwp9AgALfQoADH0LAA==
Payload(hex): 03670c0104687505000106cb00077de50208e62f0009732f270a7d02000b7d0a000c7d0b00
JSON: {""co2"":741,""hcho"":0.02,""humidity"":58.5,""light_level"":0,""pir"":1,""pm10"":11,""pm2_5"":10,""pressure"":1003.1,""temperature"":26.8,""tvoc"":47}
MIC: 7172ef13"
24E124710E317752,24E124FFFEFAB29D,471900000,SF7BW125, -55/14.2,37,1136,UpUnc,2026-07-15T09:39:23+08:00,"Dev Addr/Multicast Addr: 06f5800d
GwEUI: 24E124FFFEFAB29D
AppEUI: 24E124C0002A0001
Device EUI/Group Name: 24E124710E317752
Class Type: Class C
Immediately: -
Timestamp: 3389596388
Type: UpUnc
Adr: true
AdrAcKReq: false
Ack: false
Fcnt: 1136
Port: 85
Modulation: LORA
Bandwidth: 125
SpreadFactor: 7
Bitrate: 0
CodeRate: 4/5
SNR: 14.2
RSSI: -55
Power: -
Payload(b64): A2cMAQRodgUAAQbLAAd95AII5iAACXMvJwp9AgALfQoADH0LAA==
Payload(hex): 03670c0104687605000106cb00077de40208e6200009732f270a7d02000b7d0a000c7d0b00
JSON: {""co2"":740,""hcho"":0.02,""humidity"":59,""light_level"":0,""pir"":1,""pm10"":11,""pm2_5"":10,""pressure"":1003.1,""temperature"":26.8,""tvoc"":32}
MIC: 4581c597"
24E124710E317752,24E124FFFEFAB29D,472100000,SF7BW125, -52/13.8,37,1135,UpUnc,2026-07-15T09:38:23+08:00,"Dev Addr/Multicast Addr: 06f5800d
GwEUI: 24E124FFFEFAB29D
AppEUI: 24E124C0002A0001
Device EUI/Group Name: 24E124710E317752
Class Type: Class C
Immediately: -
Timestamp: 3329597230
Type: UpUnc
Adr: true
AdrAcKReq: false
Ack: false
Fcnt: 1135
Port: 85
Modulation: LORA
Bandwidth: 125
SpreadFactor: 7
Bitrate: 0
CodeRate: 4/5
SNR: 13.8
RSSI: -52
Power: -
Payload(b64): A2cMAQRodwUAAQbLAAd92wII5iQACXMvJwp9AgALfQoADH0LAA==
Payload(hex): 03670c0104687705000106cb00077ddb0208e6240009732f270a7d02000b7d0a000c7d0b00
JSON: {""co2"":731,""hcho"":0.02,""humidity"":59.5,""light_level"":0,""pir"":1,""pm10"":11,""pm2_5"":10,""pressure"":1003.1,""temperature"":26.8,""tvoc"":36}
MIC: 451ec482"
24E124710E317752,24E124FFFEFAB29D,472500000,SF7BW125, -58/14.0,37,1134,UpUnc,2026-07-15T09:37:23+08:00,"Dev Addr/Multicast Addr: 06f5800d
GwEUI: 24E124FFFEFAB29D
AppEUI: 24E124C0002A0001
Device EUI/Group Name: 24E124710E317752
Class Type: Class C
Immediately: -
Timestamp: 3269601149
Type: UpUnc
Adr: true
AdrAcKReq: false
Ack: false
Fcnt: 1134
Port: 85
Modulation: LORA
Bandwidth: 125
SpreadFactor: 7
Bitrate: 0
CodeRate: 4/5
SNR: 14.0
RSSI: -58
Power: -
Payload(b64): A2cMAQRoeAUAAQbLAAd9xgII5iMACXMvJwp9AQALfQsADH0MAA==
Payload(hex): 03670c0104687805000106cb00077dc60208e6230009732f270a7d01000b7d0b000c7d0c00
JSON: {""co2"":710,""hcho"":0.01,""humidity"":60,""light_level"":0,""pir"":1,""pm10"":12,""pm2_5"":11,""pressure"":1003.1,""temperature"":26.8,""tvoc"":35}
MIC: 92aba136"
24E124710E317752,24E124FFFEFAB29D,472900000,SF7BW125, -51/8.5,37,1133,UpUnc,2026-07-15T09:36:23+08:00,"Dev Addr/Multicast Addr: 06f5800d
GwEUI: 24E124FFFEFAB29D
AppEUI: 24E124C0002A0001
Device EUI/Group Name: 24E124710E317752
Class Type: Class C
Immediately: -
Timestamp: 3209597206
Type: UpUnc
Adr: true
AdrAcKReq: false
Ack: false
Fcnt: 1133
Port: 85
Modulation: LORA
Bandwidth: 125
SpreadFactor: 7
Bitrate: 0
CodeRate: 4/5
SNR: 8.5
RSSI: -51
Power: -
Payload(b64): A2cMAQRoeAUAAQbLAAd9wgII5h8ACXMvJwp9AgALfQsADH0MAA==
Payload(hex): 03670c0104687805000106cb00077dc20208e61f0009732f270a7d02000b7d0b000c7d0c00
JSON: {""co2"":706,""hcho"":0.02,""humidity"":60,""light_level"":0,""pir"":1,""pm10"":12,""pm2_5"":11,""pressure"":1003.1,""temperature"":26.8,""tvoc"":31}
MIC: 1ad7c9ab"
24E124710E317752,24E124FFFEFAB29D,471900000,SF7BW125, -57/13.5,37,1132,UpUnc,2026-07-15T09:35:23+08:00,"Dev Addr/Multicast Addr: 06f5800d
GwEUI: 24E124FFFEFAB29D
AppEUI: 24E124C0002A0001
Device EUI/Group Name: 24E124710E317752
Class Type: Class C
Immediately: -
Timestamp: 3149599128
Type: UpUnc
Adr: true
AdrAcKReq: false
Ack: false
Fcnt: 1132
Port: 85
Modulation: LORA
Bandwidth: 125
SpreadFactor: 7
Bitrate: 0
CodeRate: 4/5
SNR: 13.5
RSSI: -57
Power: -
Payload(b64): A2cNAQRoeAUAAQbLAAd9vAII5iMACXMwJwp9AgALfQsADH0MAA==
Payload(hex): 03670d0104687805000106cb00077dbc0208e62300097330270a7d02000b7d0b000c7d0c00
JSON: {""co2"":700,""hcho"":0.02,""humidity"":60,""light_level"":0,""pir"":1,""pm10"":12,""pm2_5"":11,""pressure"":1003.2,""temperature"":26.9,""tvoc"":35}
MIC: d498233b"
24E124710E317752,24E124FFFEFAB29D,501900000,SF7BW125, -/-,0,38,DnUnc,2026-07-15T09:34:37+08:00,"Dev Addr/Multicast Addr: 06f5800d
GwEUI: 24E124FFFEFAB29D
AppEUI: 24E124C0002A0001
Device EUI/Group Name: 24E124710E317752
Class Type: Class C
Immediately: false
Timestamp: 3103384087
Type: DnUnc
Adr: true
AdrAcKReq: false
Ack: false
Fcnt: 38
Port: -
Modulation: LORA
Bandwidth: 125
SpreadFactor: 7
Bitrate: 0
CodeRate: 4/5
SNR: -
RSSI: -
Power: 20
Payload(b64): 
Payload(hex): 
JSON: 
MIC: e0e32d65"
24E124710E317752,24E124FFFEFAB29D,471900000,SF7BW125, -56/14.0,0,1131,UpUnc,2026-07-15T09:34:36+08:00,"Dev Addr/Multicast Addr: 06f5800d
GwEUI: 24E124FFFEFAB29D
AppEUI: 24E124C0002A0001
Device EUI/Group Name: 24E124710E317752
Class Type: Class C
Immediately: -
Timestamp: 3102384087
Type: UpUnc
Adr: true
AdrAcKReq: false
Ack: false
Fcnt: 1131
Port: 0
Modulation: LORA
Bandwidth: 125
SpreadFactor: 7
Bitrate: 0
CodeRate: 4/5
SNR: 14.0
RSSI: -56
Power: -
Payload(b64): 
Payload(hex): 
JSON: 
MIC: e02f418d"
24E124710E317752,24E124FFFEFAB29D,472300000,SF7BW125, -60/10.8,37,1130,UpUnc,2026-07-15T09:34:23+08:00,"Dev Addr/Multicast Addr: 06f5800d
GwEUI: 24E124FFFEFAB29D
AppEUI: 24E124C0002A0001
Device EUI/Group Name: 24E124710E317752
Class Type: Class C
Immediately: -
Timestamp: 3089592960
Type: UpUnc
Adr: true
AdrAcKReq: false
Ack: false
Fcnt: 1130
Port: 85
Modulation: LORA
Bandwidth: 125
SpreadFactor: 7
Bitrate: 0
CodeRate: 4/5
SNR: 10.8
RSSI: -60
Power: -
Payload(b64): A2cNAQRoeAUAAQbLAAd9uwII5iIACXMvJwp9AgALfQwADH0MAA==
Payload(hex): 03670d0104687805000106cb00077dbb0208e6220009732f270a7d02000b7d0c000c7d0c00
JSON: {""co2"":699,""hcho"":0.02,""humidity"":60,""light_level"":0,""pir"":1,""pm10"":12,""pm2_5"":12,""pressure"":1003.1,""temperature"":26.9,""tvoc"":34}
MIC: bcc69168"
24E124710E317752,24E124FFFEFAB29D,472900000,SF7BW125, -57/8.5,37,1129,UpUnc,2026-07-15T09:33:23+08:00,"Dev Addr/Multicast Addr: 06f5800d
GwEUI: 24E124FFFEFAB29D
AppEUI: 24E124C0002A0001
Device EUI/Group Name: 24E124710E317752
Class Type: Class C
Immediately: -
Timestamp: 3029593873
Type: UpUnc
Adr: true
AdrAcKReq: false
Ack: false
Fcnt: 1129
Port: 85
Modulation: LORA
Bandwidth: 125
SpreadFactor: 7
Bitrate: 0
CodeRate: 4/5
SNR: 8.5
RSSI: -57
Power: -
Payload(b64): A2cNAQRoeQUAAQbLAAd9vgII5ioACXMvJwp9AgALfQwADH0MAA==
Payload(hex): 03670d0104687905000106cb00077dbe0208e62a0009732f270a7d02000b7d0c000c7d0c00
JSON: {""co2"":702,""hcho"":0.02,""humidity"":60.5,""light_level"":0,""pir"":1,""pm10"":12,""pm2_5"":12,""pressure"":1003.1,""temperature"":26.9,""tvoc"":42}
MIC: 911f266b"
24E124710E317752,24E124FFFEFAB29D,473100000,SF7BW125, -54/13.5,37,1128,UpUnc,2026-07-15T09:32:23+08:00,"Dev Addr/Multicast Addr: 06f5800d
GwEUI: 24E124FFFEFAB29D
AppEUI: 24E124C0002A0001
Device EUI/Group Name: 24E124710E317752
Class Type: Class C
Immediately: -
Timestamp: 2969594826
Type: UpUnc
Adr: true
AdrAcKReq: false
Ack: false
Fcnt: 1128
Port: 85
Modulation: LORA
Bandwidth: 125
SpreadFactor: 7
Bitrate: 0
CodeRate: 4/5
SNR: 13.5
RSSI: -54
Power: -
Payload(b64): A2cNAQRoeQUAAQbLAAd9vAII5igACXMvJwp9AQALfQwADH0MAA==
Payload(hex): 03670d0104687905000106cb00077dbc0208e6280009732f270a7d01000b7d0c000c7d0c00
JSON: {""co2"":700,""hcho"":0.01,""humidity"":60.5,""light_level"":0,""pir"":1,""pm10"":12,""pm2_5"":12,""pressure"":1003.1,""temperature"":26.9,""tvoc"":40}
MIC: 52a1c986"
24E124710E317752,24E124FFFEFAB29D,472100000,SF7BW125, -59/13.8,37,1127,UpUnc,2026-07-15T09:31:23+08:00,"Dev Addr/Multicast Addr: 06f5800d
GwEUI: 24E124FFFEFAB29D
AppEUI: 24E124C0002A0001
Device EUI/Group Name: 24E124710E317752
Class Type: Class C
Immediately: -
Timestamp: 2909598750
Type: UpUnc
Adr: true
AdrAcKReq: false
Ack: false
Fcnt: 1127
Port: 85
Modulation: LORA
Bandwidth: 125
SpreadFactor: 7
Bitrate: 0
CodeRate: 4/5
SNR: 13.8
RSSI: -59
Power: -
Payload(b64): A2cNAQRoeQUAAQbLAAd9uAII5iYACXMvJwp9AgALfQ0ADH0NAA==
Payload(hex): 03670d0104687905000106cb00077db80208e6260009732f270a7d02000b7d0d000c7d0d00
JSON: {""co2"":696,""hcho"":0.02,""humidity"":60.5,""light_level"":0,""pir"":1,""pm10"":13,""pm2_5"":13,""pressure"":1003.1,""temperature"":26.9,""tvoc"":38}
MIC: cdf895ba"
24E124710E317752,24E124FFFEFAB29D,472500000,SF7BW125, -60/13.2,37,1126,UpUnc,2026-07-15T09:30:23+08:00,"Dev Addr/Multicast Addr: 06f5800d
GwEUI: 24E124FFFEFAB29D
AppEUI: 24E124C0002A0001
Device EUI/Group Name: 24E124710E317752
Class Type: Class C
Immediately: -
Timestamp: 2849599641
Type: UpUnc
Adr: true
AdrAcKReq: false
Ack: false
Fcnt: 1126
Port: 85
Modulation: LORA
Bandwidth: 125
SpreadFactor: 7
Bitrate: 0
CodeRate: 4/5
SNR: 13.2
RSSI: -60
Power: -
Payload(b64): A2cNAQRoeQUAAQbLAAd9tQII5iIACXMvJwp9AgALfQ0ADH0NAA==
Payload(hex): 03670d0104687905000106cb00077db50208e6220009732f270a7d02000b7d0d000c7d0d00
JSON: {""co2"":693,""hcho"":0.02,""humidity"":60.5,""light_level"":0,""pir"":1,""pm10"":13,""pm2_5"":13,""pressure"":1003.1,""temperature"":26.9,""tvoc"":34}
MIC: 1a073774"
24E124710E317752,24E124FFFEFAB29D,472700000,SF7BW125, -58/14.2,37,1125,UpUnc,2026-07-15T09:29:23+08:00,"Dev Addr/Multicast Addr: 06f5800d
GwEUI: 24E124FFFEFAB29D
AppEUI: 24E124C0002A0001
Device EUI/Group Name: 24E124710E317752
Class Type: Class C
Immediately: -
Timestamp: 2789594603
Type: UpUnc
Adr: true
AdrAcKReq: false
Ack: false
Fcnt: 1125
Port: 85
Modulation: LORA
Bandwidth: 125
SpreadFactor: 7
Bitrate: 0
CodeRate: 4/5
SNR: 14.2
RSSI: -58
Power: -
Payload(b64): A2cNAQRoeQUAAQbLAAd9swII5hQACXMvJwp9AgALfQ0ADH0NAA==
Payload(hex): 03670d0104687905000106cb00077db30208e6140009732f270a7d02000b7d0d000c7d0d00
JSON: {""co2"":691,""hcho"":0.02,""humidity"":60.5,""light_level"":0,""pir"":1,""pm10"":13,""pm2_5"":13,""pressure"":1003.1,""temperature"":26.9,""tvoc"":20}
MIC: eac4c437"
24E124710E317752,24E124FFFEFAB29D,473100000,SF7BW125, -52/13.8,37,1124,UpUnc,2026-07-15T09:28:23+08:00,"Dev Addr/Multicast Addr: 06f5800d
GwEUI: 24E124FFFEFAB29D
AppEUI: 24E124C0002A0001
Device EUI/Group Name: 24E124710E317752
Class Type: Class C
Immediately: -
Timestamp: 2729595524
Type: UpUnc
Adr: true
AdrAcKReq: false
Ack: false
Fcnt: 1124
Port: 85
Modulation: LORA
Bandwidth: 125
SpreadFactor: 7
Bitrate: 0
CodeRate: 4/5
SNR: 13.8
RSSI: -52
Power: -
Payload(b64): A2cNAQRoegUAAQbLAAd9rAII5hYACXMvJwp9AgALfQkADH0JAA==
Payload(hex): 03670d0104687a05000106cb00077dac0208e6160009732f270a7d02000b7d09000c7d0900
JSON: {""co2"":684,""hcho"":0.02,""humidity"":61,""light_level"":0,""pir"":1,""pm10"":9,""pm2_5"":9,""pressure"":1003.1,""temperature"":26.9,""tvoc"":22}
MIC: 6602988b"
24E124710E317752,24E124FFFEFAB29D,471900000,SF7BW125, -55/13.8,37,1123,UpUnc,2026-07-15T09:27:23+08:00,"Dev Addr/Multicast Addr: 06f5800d
GwEUI: 24E124FFFEFAB29D
AppEUI: 24E124C0002A0001
Device EUI/Group Name: 24E124710E317752
Class Type: Class C
Immediately: -
Timestamp: 2669599447
Type: UpUnc
Adr: true
AdrAcKReq: false
Ack: false
Fcnt: 1123
Port: 85
Modulation: LORA
Bandwidth: 125
SpreadFactor: 7
Bitrate: 0
CodeRate: 4/5
SNR: 13.8
RSSI: -55
Power: -
Payload(b64): A2cNAQRoegUAAQbLAAd9pQII5hUACXMvJwp9AQALfQkADH0JAA==
Payload(hex): 03670d0104687a05000106cb00077da50208e6150009732f270a7d01000b7d09000c7d0900
JSON: {""co2"":677,""hcho"":0.01,""humidity"":61,""light_level"":0,""pir"":1,""pm10"":9,""pm2_5"":9,""pressure"":1003.1,""temperature"":26.9,""tvoc"":21}
MIC: c7e824bd"
24E124710E317752,24E124FFFEFAB29D,472300000,SF7BW125, -54/11.5,37,1122,UpUnc,2026-07-15T09:26:23+08:00,"Dev Addr/Multicast Addr: 06f5800d
GwEUI: 24E124FFFEFAB29D
AppEUI: 24E124C0002A0001
Device EUI/Group Name: 24E124710E317752
Class Type: Class C
Immediately: -
Timestamp: 2609602494
Type: UpUnc
Adr: true
AdrAcKReq: false
Ack: false
Fcnt: 1122
Port: 85
Modulation: LORA
Bandwidth: 125
SpreadFactor: 7
Bitrate: 0
CodeRate: 4/5
SNR: 11.5
RSSI: -54
Power: -
Payload(b64): A2cNAQRoeQUAAQbLAAd9ogII5hMACXMwJwp9AgALfQkADH0JAA==
Payload(hex): 03670d0104687905000106cb00077da20208e61300097330270a7d02000b7d09000c7d0900
JSON: {""co2"":674,""hcho"":0.02,""humidity"":60.5,""light_level"":0,""pir"":1,""pm10"":9,""pm2_5"":9,""pressure"":1003.2,""temperature"":26.9,""tvoc"":19}
MIC: def40882"
24E124710E317752,24E124FFFEFAB29D,472900000,SF7BW125, -52/11.5,37,1121,UpUnc,2026-07-15T09:25:23+08:00,"Dev Addr/Multicast Addr: 06f5800d
GwEUI: 24E124FFFEFAB29D
AppEUI: 24E124C0002A0001
Device EUI/Group Name: 24E124710E317752
Class Type: Class C
Immediately: -
Timestamp: 2549603430
Type: UpUnc
Adr: true
AdrAcKReq: false
Ack: false
Fcnt: 1121
Port: 85
Modulation: LORA
Bandwidth: 125
SpreadFactor: 7
Bitrate: 0
CodeRate: 4/5
SNR: 11.5
RSSI: -52
Power: -
Payload(b64): A2cNAQRoeQUAAQbLAAd9owII5hEACXMvJwp9AgALfQsADH0LAA==
Payload(hex): 03670d0104687905000106cb00077da30208e6110009732f270a7d02000b7d0b000c7d0b00
JSON: {""co2"":675,""hcho"":0.02,""humidity"":60.5,""light_level"":0,""pir"":1,""pm10"":11,""pm2_5"":11,""pressure"":1003.1,""temperature"":26.9,""tvoc"":17}
MIC: 3adea81d"
24E124710E317752,24E124FFFEFAB29D,473100000,SF7BW125, -53/13.8,37,1120,UpUnc,2026-07-15T09:24:23+08:00,"Dev Addr/Multicast Addr: 06f5800d
GwEUI: 24E124FFFEFAB29D
AppEUI: 24E124C0002A0001
Device EUI/Group Name: 24E124710E317752
Class Type: Class C
Immediately: -
Timestamp: 2489603349
Type: UpUnc
Adr: true
AdrAcKReq: false
Ack: false
Fcnt: 1120
Port: 85
Modulation: LORA
Bandwidth: 125
SpreadFactor: 7
Bitrate: 0
CodeRate: 4/5
SNR: 13.8
RSSI: -53
Power: -
Payload(b64): A2cNAQRoeQUAAQbLAAd9owII5hEACXMvJwp9AgALfQsADH0LAA==
Payload(hex): 03670d0104687905000106cb00077da30208e6110009732f270a7d02000b7d0b000c7d0b00
JSON: {""co2"":675,""hcho"":0.02,""humidity"":60.5,""light_level"":0,""pir"":1,""pm10"":11,""pm2_5"":11,""pressure"":1003.1,""temperature"":26.9,""tvoc"":17}
MIC: 2e506025"
24E124710E317752,24E124FFFEFAB29D,471900000,SF7BW125, -55/13.8,37,1119,UpUnc,2026-07-15T09:23:23+08:00,"Dev Addr/Multicast Addr: 06f5800d
GwEUI: 24E124FFFEFAB29D
AppEUI: 24E124C0002A0001
Device EUI/Group Name: 24E124710E317752
Class Type: Class C
Immediately: -
Timestamp: 2429597162
Type: UpUnc
Adr: true
AdrAcKReq: false
Ack: false
Fcnt: 1119
Port: 85
Modulation: LORA
Bandwidth: 125
SpreadFactor: 7
Bitrate: 0
CodeRate: 4/5
SNR: 13.8
RSSI: -55
Power: -
Payload(b64): A2cOAQRoeQUAAQbLAAd9pQII5hUACXMvJwp9AgALfQsADH0LAA==
Payload(hex): 03670e0104687905000106cb00077da50208e6150009732f270a7d02000b7d0b000c7d0b00
JSON: {""co2"":677,""hcho"":0.02,""humidity"":60.5,""light_level"":0,""pir"":1,""pm10"":11,""pm2_5"":11,""pressure"":1003.1,""temperature"":27,""tvoc"":21}
MIC: f08a1f88"
24E124710E317752,24E124FFFEFAB29D,472300000,SF7BW125, -53/11.2,37,1118,UpUnc,2026-07-15T09:22:23+08:00,"Dev Addr/Multicast Addr: 06f5800d
GwEUI: 24E124FFFEFAB29D
AppEUI: 24E124C0002A0001
Device EUI/Group Name: 24E124710E317752
Class Type: Class C
Immediately: -
Timestamp: 2369595197
Type: UpUnc
Adr: true
AdrAcKReq: false
Ack: false
Fcnt: 1118
Port: 85
Modulation: LORA
Bandwidth: 125
SpreadFactor: 7
Bitrate: 0
CodeRate: 4/5
SNR: 11.2
RSSI: -53
Power: -
Payload(b64): A2cOAQRoegUAAQbLAAd9pgII5hUACXMvJwp9AQALfQ4ADH0OAA==
Payload(hex): 03670e0104687a05000106cb00077da60208e6150009732f270a7d01000b7d0e000c7d0e00
JSON: {""co2"":678,""hcho"":0.01,""humidity"":61,""light_level"":0,""pir"":1,""pm10"":14,""pm2_5"":14,""pressure"":1003.1,""temperature"":27,""tvoc"":21}
MIC: 912ef696"
24E124710E317752,24E124FFFEFAB29D,472700000,SF7BW125, -54/13.2,37,1117,UpUnc,2026-07-15T09:21:23+08:00,"Dev Addr/Multicast Addr: 06f5800d
GwEUI: 24E124FFFEFAB29D
AppEUI: 24E124C0002A0001
Device EUI/Group Name: 24E124710E317752
Class Type: Class C
Immediately: -
Timestamp: 2309598135
Type: UpUnc
Adr: true
AdrAcKReq: false
Ack: false
Fcnt: 1117
Port: 85
Modulation: LORA
Bandwidth: 125
SpreadFactor: 7
Bitrate: 0
CodeRate: 4/5
SNR: 13.2
RSSI: -54
Power: -
Payload(b64): A2cOAQRoegUAAQbLAAd9pAII5hkACXMuJwp9AgALfQ4ADH0OAA==
Payload(hex): 03670e0104687a05000106cb00077da40208e6190009732e270a7d02000b7d0e000c7d0e00
JSON: {""co2"":676,""hcho"":0.02,""humidity"":61,""light_level"":0,""pir"":1,""pm10"":14,""pm2_5"":14,""pressure"":1003,""temperature"":27,""tvoc"":25}
MIC: 13d982c3"
24E124710E317752,24E124FFFEFAB29D,473100000,SF7BW125, -52/13.5,37,1116,UpUnc,2026-07-15T09:20:23+08:00,"Dev Addr/Multicast Addr: 06f5800d
GwEUI: 24E124FFFEFAB29D
AppEUI: 24E124C0002A0001
Device EUI/Group Name: 24E124710E317752
Class Type: Class C
Immediately: -
Timestamp: 2249600944
Type: UpUnc
Adr: true
AdrAcKReq: false
Ack: false
Fcnt: 1116
Port: 85
Modulation: LORA
Bandwidth: 125
SpreadFactor: 7
Bitrate: 0
CodeRate: 4/5
SNR: 13.5
RSSI: -52
Power: -
Payload(b64): A2cPAQRoegUAAQbLAAd9oAII5hoACXMuJwp9AQALfQ4ADH0OAA==
Payload(hex): 03670f0104687a05000106cb00077da00208e61a0009732e270a7d01000b7d0e000c7d0e00
JSON: {""co2"":672,""hcho"":0.01,""humidity"":61,""light_level"":0,""pir"":1,""pm10"":14,""pm2_5"":14,""pressure"":1003,""temperature"":27.1,""tvoc"":26}
MIC: 590acece"
24E124710E317752,24E124FFFEFAB29D,472100000,SF7BW125, -52/15.0,37,1115,UpUnc,2026-07-15T09:19:23+08:00,"Dev Addr/Multicast Addr: 06f5800d
GwEUI: 24E124FFFEFAB29D
AppEUI: 24E124C0002A0001
Device EUI/Group Name: 24E124710E317752
Class Type: Class C
Immediately: -
Timestamp: 2189604988
Type: UpUnc
Adr: true
AdrAcKReq: false
Ack: false
Fcnt: 1115
Port: 85
Modulation: LORA
Bandwidth: 125
SpreadFactor: 7
Bitrate: 0
CodeRate: 4/5
SNR: 15.0
RSSI: -52
Power: -
Payload(b64): A2cPAQRoegUAAQbLAAd9nQII5hsACXMuJwp9AgALfQkADH0JAA==
Payload(hex): 03670f0104687a05000106cb00077d9d0208e61b0009732e270a7d02000b7d09000c7d0900
JSON: {""co2"":669,""hcho"":0.02,""humidity"":61,""light_level"":0,""pir"":1,""pm10"":9,""pm2_5"":9,""pressure"":1003,""temperature"":27.1,""tvoc"":27}
MIC: 748f1374"
24E124710E317752,24E124FFFEFAB29D,472500000,SF7BW125, -53/14.0,37,1114,UpUnc,2026-07-15T09:18:23+08:00,"Dev Addr/Multicast Addr: 06f5800d
GwEUI: 24E124FFFEFAB29D
AppEUI: 24E124C0002A0001
Device EUI/Group Name: 24E124710E317752
Class Type: Class C
Immediately: -
Timestamp: 2129596830
Type: UpUnc
Adr: true
AdrAcKReq: false
Ack: false
Fcnt: 1114
Port: 85
Modulation: LORA
Bandwidth: 125
SpreadFactor: 7
Bitrate: 0
CodeRate: 4/5
SNR: 14.0
RSSI: -53
Power: -
Payload(b64): A2cPAQRoegUAAQbLAAd9kQII5hUACXMuJwp9AgALfQkADH0JAA==
Payload(hex): 03670f0104687a05000106cb00077d910208e6150009732e270a7d02000b7d09000c7d0900
JSON: {""co2"":657,""hcho"":0.02,""humidity"":61,""light_level"":0,""pir"":1,""pm10"":9,""pm2_5"":9,""pressure"":1003,""temperature"":27.1,""tvoc"":21}
MIC: d6614b42"
24E124710E317752,24E124FFFEFAB29D,472900000,SF7BW125, -53/11.8,37,1113,UpUnc,2026-07-15T09:17:23+08:00,"Dev Addr/Multicast Addr: 06f5800d
GwEUI: 24E124FFFEFAB29D
AppEUI: 24E124C0002A0001
Device EUI/Group Name: 24E124710E317752
Class Type: Class C
Immediately: -
Timestamp: 2069601717
Type: UpUnc
Adr: true
AdrAcKReq: false
Ack: false
Fcnt: 1113
Port: 85
Modulation: LORA
Bandwidth: 125
SpreadFactor: 7
Bitrate: 0
CodeRate: 4/5
SNR: 11.8
RSSI: -53
Power: -
Payload(b64): A2cPAQRoewUAAQbLAAd9hgII5hYACXMuJwp9AQALfQkADH0JAA==
Payload(hex): 03670f0104687b05000106cb00077d860208e6160009732e270a7d01000b7d09000c7d0900
JSON: {""co2"":646,""hcho"":0.01,""humidity"":61.5,""light_level"":0,""pir"":1,""pm10"":9,""pm2_5"":9,""pressure"":1003,""temperature"":27.1,""tvoc"":22}
MIC: 26166817"
24E124710E317752,24E124FFFEFAB29D,473300000,SF7BW125, -64/13.0,37,1112,UpUnc,2026-07-15T09:16:23+08:00,"Dev Addr/Multicast Addr: 06f5800d
GwEUI: 24E124FFFEFAB29D
AppEUI: 24E124C0002A0001
Device EUI/Group Name: 24E124710E317752
Class Type: Class C
Immediately: -
Timestamp: 2009596643
Type: UpUnc
Adr: true
AdrAcKReq: false
Ack: false
Fcnt: 1112
Port: 85
Modulation: LORA
Bandwidth: 125
SpreadFactor: 7
Bitrate: 0
CodeRate: 4/5
SNR: 13.0
RSSI: -64
Power: -
Payload(b64): A2cPAQRoewUAAQbLAAd9hAII5hUACXMtJwp9AgALfQsADH0LAA==
Payload(hex): 03670f0104687b05000106cb00077d840208e6150009732d270a7d02000b7d0b000c7d0b00
JSON: {""co2"":644,""hcho"":0.02,""humidity"":61.5,""light_level"":0,""pir"":1,""pm10"":11,""pm2_5"":11,""pressure"":1002.9,""temperature"":27.1,""tvoc"":21}
MIC: 34313c55"
24E124710E317752,24E124FFFEFAB29D,472100000,SF7BW125, -54/13.8,37,1111,UpUnc,2026-07-15T09:15:23+08:00,"Dev Addr/Multicast Addr: 06f5800d
GwEUI: 24E124FFFEFAB29D
AppEUI: 24E124C0002A0001
Device EUI/Group Name: 24E124710E317752
Class Type: Class C
Immediately: -
Timestamp: 1949599688
Type: UpUnc
Adr: true
AdrAcKReq: false
Ack: false
Fcnt: 1111
Port: 85
Modulation: LORA
Bandwidth: 125
SpreadFactor: 7
Bitrate: 0
CodeRate: 4/5
SNR: 13.8
RSSI: -54
Power: -
Payload(b64): A2cQAQRoewUAAQbLAAd9ggII5hoACXMuJwp9AQALfQsADH0LAA==
Payload(hex): 0367100104687b05000106cb00077d820208e61a0009732e270a7d01000b7d0b000c7d0b00
JSON: {""co2"":642,""hcho"":0.01,""humidity"":61.5,""light_level"":0,""pir"":1,""pm10"":11,""pm2_5"":11,""pressure"":1003,""temperature"":27.2,""tvoc"":26}
MIC: 36391b53"
24E124710E317752,24E124FFFEFAB29D,472300000,SF7BW125, -54/12.0,37,1110,UpUnc,2026-07-15T09:14:23+08:00,"Dev Addr/Multicast Addr: 06f5800d
GwEUI: 24E124FFFEFAB29D
AppEUI: 24E124C0002A0001
Device EUI/Group Name: 24E124710E317752
Class Type: Class C
Immediately: -
Timestamp: 1889598617
Type: UpUnc
Adr: true
AdrAcKReq: false
Ack: false
Fcnt: 1110
Port: 85
Modulation: LORA
Bandwidth: 125
SpreadFactor: 7
Bitrate: 0
CodeRate: 4/5
SNR: 12.0
RSSI: -54
Power: -
Payload(b64): A2cQAQRoewUAAQbLAAd9ewII5hMACXMtJwp9AgALfQsADH0LAA==
Payload(hex): 0367100104687b05000106cb00077d7b0208e6130009732d270a7d02000b7d0b000c7d0b00
JSON: {""co2"":635,""hcho"":0.02,""humidity"":61.5,""light_level"":0,""pir"":1,""pm10"":11,""pm2_5"":11,""pressure"":1002.9,""temperature"":27.2,""tvoc"":19}
MIC: 02eec5c1"
24E124710E317752,24E124FFFEFAB29D,472900000,SF7BW125, -52/10.5,37,1109,UpUnc,2026-07-15T09:13:23+08:00,"Dev Addr/Multicast Addr: 06f5800d
GwEUI: 24E124FFFEFAB29D
AppEUI: 24E124C0002A0001
Device EUI/Group Name: 24E124710E317752
Class Type: Class C
Immediately: -
Timestamp: 1829599542
Type: UpUnc
Adr: true
AdrAcKReq: false
Ack: false
Fcnt: 1109
Port: 85
Modulation: LORA
Bandwidth: 125
SpreadFactor: 7
Bitrate: 0
CodeRate: 4/5
SNR: 10.5
RSSI: -52
Power: -
Payload(b64): A2cRAQRoewUAAQbLAAd9egII5hQACXMtJwp9AgALfQsADH0LAA==
Payload(hex): 0367110104687b05000106cb00077d7a0208e6140009732d270a7d02000b7d0b000c7d0b00
JSON: {""co2"":634,""hcho"":0.02,""humidity"":61.5,""light_level"":0,""pir"":1,""pm10"":11,""pm2_5"":11,""pressure"":1002.9,""temperature"":27.3,""tvoc"":20}
MIC: a798c083"
24E124710E317752,24E124FFFEFAB29D,473100000,SF7BW125, -51/14.0,37,1108,UpUnc,2026-07-15T09:12:23+08:00,"Dev Addr/Multicast Addr: 06f5800d
GwEUI: 24E124FFFEFAB29D
AppEUI: 24E124C0002A0001
Device EUI/Group Name: 24E124710E317752
Class Type: Class C
Immediately: -
Timestamp: 1769602514
Type: UpUnc
Adr: true
AdrAcKReq: false
Ack: false
Fcnt: 1108
Port: 85
Modulation: LORA
Bandwidth: 125
SpreadFactor: 7
Bitrate: 0
CodeRate: 4/5
SNR: 14.0
RSSI: -51
Power: -
Payload(b64): A2cRAQRoewUAAQbLAAd9bwII5hcACXMtJwp9AQALfQsADH0LAA==
Payload(hex): 0367110104687b05000106cb00077d6f0208e6170009732d270a7d01000b7d0b000c7d0b00
JSON: {""co2"":623,""hcho"":0.01,""humidity"":61.5,""light_level"":0,""pir"":1,""pm10"":11,""pm2_5"":11,""pressure"":1002.9,""temperature"":27.3,""tvoc"":23}
MIC: b4f798f8"
24E124710E317752,24E124FFFEFAB29D,471900000,SF7BW125, -61/14.0,37,1107,UpUnc,2026-07-15T09:11:23+08:00,"Dev Addr/Multicast Addr: 06f5800d
GwEUI: 24E124FFFEFAB29D
AppEUI: 24E124C0002A0001
Device EUI/Group Name: 24E124710E317752
Class Type: Class C
Immediately: -
Timestamp: 1709605298
Type: UpUnc
Adr: true
AdrAcKReq: false
Ack: false
Fcnt: 1107
Port: 85
Modulation: LORA
Bandwidth: 125
SpreadFactor: 7
Bitrate: 0
CodeRate: 4/5
SNR: 14.0
RSSI: -61
Power: -
Payload(b64): A2cRAQRoewUAAQbLAAd9aQII5hYACXMtJwp9AgALfQsADH0LAA==
Payload(hex): 0367110104687b05000106cb00077d690208e6160009732d270a7d02000b7d0b000c7d0b00
JSON: {""co2"":617,""hcho"":0.02,""humidity"":61.5,""light_level"":0,""pir"":1,""pm10"":11,""pm2_5"":11,""pressure"":1002.9,""temperature"":27.3,""tvoc"":22}
MIC: 9030a2c1"
24E124710E317752,24E124FFFEFAB29D,472300000,SF7BW125, -52/9.5,37,1106,UpUnc,2026-07-15T09:10:23+08:00,"Dev Addr/Multicast Addr: 06f5800d
GwEUI: 24E124FFFEFAB29D
AppEUI: 24E124C0002A0001
Device EUI/Group Name: 24E124710E317752
Class Type: Class C
Immediately: -
Timestamp: 1649609425
Type: UpUnc
Adr: true
AdrAcKReq: false
Ack: false
Fcnt: 1106
Port: 85
Modulation: LORA
Bandwidth: 125
SpreadFactor: 7
Bitrate: 0
CodeRate: 4/5
SNR: 9.5
RSSI: -52
Power: -
Payload(b64): A2cSAQRoewUAAQbLAAd9ZAII5hEACXMtJwp9AQALfQsADH0MAA==
Payload(hex): 0367120104687b05000106cb00077d640208e6110009732d270a7d01000b7d0b000c7d0c00
JSON: {""co2"":612,""hcho"":0.01,""humidity"":61.5,""light_level"":0,""pir"":1,""pm10"":12,""pm2_5"":11,""pressure"":1002.9,""temperature"":27.4,""tvoc"":17}
MIC: e86d90b7"
24E124710E317752,24E124FFFEFAB29D,472700000,SF7BW125, -54/13.8,37,1105,UpUnc,2026-07-15T09:09:23+08:00,"Dev Addr/Multicast Addr: 06f5800d
GwEUI: 24E124FFFEFAB29D
AppEUI: 24E124C0002A0001
Device EUI/Group Name: 24E124710E317752
Class Type: Class C
Immediately: -
Timestamp: 1589600253
Type: UpUnc
Adr: true
AdrAcKReq: false
Ack: false
Fcnt: 1105
Port: 85
Modulation: LORA
Bandwidth: 125
SpreadFactor: 7
Bitrate: 0
CodeRate: 4/5
SNR: 13.8
RSSI: -54
Power: -
Payload(b64): A2cSAQRofAUAAQbLAAd9VQII5hUACXMtJwp9AgALfQsADH0MAA==
Payload(hex): 0367120104687c05000106cb00077d550208e6150009732d270a7d02000b7d0b000c7d0c00
JSON: {""co2"":597,""hcho"":0.02,""humidity"":62,""light_level"":0,""pir"":1,""pm10"":12,""pm2_5"":11,""pressure"":1002.9,""temperature"":27.4,""tvoc"":21}
MIC: e92cd723"
24E124710E317752,24E124FFFEFAB29D,473100000,SF7BW125, -57/13.8,37,1104,UpUnc,2026-07-15T09:08:23+08:00,"Dev Addr/Multicast Addr: 06f5800d
GwEUI: 24E124FFFEFAB29D
AppEUI: 24E124C0002A0001
Device EUI/Group Name: 24E124710E317752
Class Type: Class C
Immediately: -
Timestamp: 1529603064
Type: UpUnc
Adr: true
AdrAcKReq: false
Ack: false
Fcnt: 1104
Port: 85
Modulation: LORA
Bandwidth: 125
SpreadFactor: 7
Bitrate: 0
CodeRate: 4/5
SNR: 13.8
RSSI: -57
Power: -
Payload(b64): A2cTAQRofAUAAQbLAAd9PwII5hoACXMtJwp9AgALfQsADH0MAA==
Payload(hex): 0367130104687c05000106cb00077d3f0208e61a0009732d270a7d02000b7d0b000c7d0c00
JSON: {""co2"":575,""hcho"":0.02,""humidity"":62,""light_level"":0,""pir"":1,""pm10"":12,""pm2_5"":11,""pressure"":1002.9,""temperature"":27.5,""tvoc"":26}
MIC: a79f1961"
24E124710E317752,24E124FFFEFAB29D,471900000,SF7BW125, -64/13.8,37,1103,UpUnc,2026-07-15T09:07:23+08:00,"Dev Addr/Multicast Addr: 06f5800d
GwEUI: 24E124FFFEFAB29D
AppEUI: 24E124C0002A0001
Device EUI/Group Name: 24E124710E317752
Class Type: Class C
Immediately: -
Timestamp: 1469598984
Type: UpUnc
Adr: true
AdrAcKReq: false
Ack: false
Fcnt: 1103
Port: 85
Modulation: LORA
Bandwidth: 125
SpreadFactor: 7
Bitrate: 0
CodeRate: 4/5
SNR: 13.8
RSSI: -64
Power: -
Payload(b64): A2cTAQRofAUAAQbLAAd9PAII5iIACXMsJwp9AQALfQgADH0IAA==
Payload(hex): 0367130104687c05000106cb00077d3c0208e6220009732c270a7d01000b7d08000c7d0800
JSON: {""co2"":572,""hcho"":0.01,""humidity"":62,""light_level"":0,""pir"":1,""pm10"":8,""pm2_5"":8,""pressure"":1002.8,""temperature"":27.5,""tvoc"":34}
MIC: 995ab4eb"
24E124710E317752,24E124FFFEFAB29D,472500000,SF7BW125, -62/13.8,37,1102,UpUnc,2026-07-15T09:06:23+08:00,"Dev Addr/Multicast Addr: 06f5800d
GwEUI: 24E124FFFEFAB29D
AppEUI: 24E124C0002A0001
Device EUI/Group Name: 24E124710E317752
Class Type: Class C
Immediately: -
Timestamp: 1409598897
Type: UpUnc
Adr: true
AdrAcKReq: false
Ack: false
Fcnt: 1102
Port: 85
Modulation: LORA
Bandwidth: 125
SpreadFactor: 7
Bitrate: 0
CodeRate: 4/5
SNR: 13.8
RSSI: -62
Power: -
Payload(b64): A2cTAQRofQUAAQbLAAd9MQII5iAACXMsJwp9AgALfQgADH0IAA==
Payload(hex): 0367130104687d05000106cb00077d310208e6200009732c270a7d02000b7d08000c7d0800
JSON: {""co2"":561,""hcho"":0.02,""humidity"":62.5,""light_level"":0,""pir"":1,""pm10"":8,""pm2_5"":8,""pressure"":1002.8,""temperature"":27.5,""tvoc"":32}
MIC: c7b45e1b"
24E124710E317752,24E124FFFEFAB29D,472700000,SF7BW125, -55/13.8,37,1101,UpUnc,2026-07-15T09:05:23+08:00,"Dev Addr/Multicast Addr: 06f5800d
GwEUI: 24E124FFFEFAB29D
AppEUI: 24E124C0002A0001
Device EUI/Group Name: 24E124710E317752
Class Type: Class C
Immediately: -
Timestamp: 1349599949
Type: UpUnc
Adr: true
AdrAcKReq: false
Ack: false
Fcnt: 1101
Port: 85
Modulation: LORA
Bandwidth: 125
SpreadFactor: 7
Bitrate: 0
CodeRate: 4/5
SNR: 13.8
RSSI: -55
Power: -
Payload(b64): A2cUAQRofQUAAQbLAAd9LwII5g8ACXMsJwp9AQALfQgADH0IAA==
Payload(hex): 0367140104687d05000106cb00077d2f0208e60f0009732c270a7d01000b7d08000c7d0800
JSON: {""co2"":559,""hcho"":0.01,""humidity"":62.5,""light_level"":0,""pir"":1,""pm10"":8,""pm2_5"":8,""pressure"":1002.8,""temperature"":27.6,""tvoc"":15}
MIC: 790215d2"
24E124710E317752,24E124FFFEFAB29D,473300000,SF7BW125, -55/14.0,37,1100,UpUnc,2026-07-15T09:04:23+08:00,"Dev Addr/Multicast Addr: 06f5800d
GwEUI: 24E124FFFEFAB29D
AppEUI: 24E124C0002A0001
Device EUI/Group Name: 24E124710E317752
Class Type: Class C
Immediately: -
Timestamp: 1289605771
Type: UpUnc
Adr: true
AdrAcKReq: false
Ack: false
Fcnt: 1100
Port: 85
Modulation: LORA
Bandwidth: 125
SpreadFactor: 7
Bitrate: 0
CodeRate: 4/5
SNR: 14.0
RSSI: -55
Power: -
Payload(b64): A2cUAQRofgUAAQbLAAd9KwII5g8ACXMrJwp9AgALfQgADH0IAA==
Payload(hex): 0367140104687e05000106cb00077d2b0208e60f0009732b270a7d02000b7d08000c7d0800
JSON: {""co2"":555,""hcho"":0.02,""humidity"":63,""light_level"":0,""pir"":1,""pm10"":8,""pm2_5"":8,""pressure"":1002.7,""temperature"":27.6,""tvoc"":15}
MIC: fd0ee763"
24E124710E317752,24E124FFFEFAB29D,472100000,SF7BW125, -57/13.2,37,1099,UpUnc,2026-07-15T09:03:23+08:00,"Dev Addr/Multicast Addr: 06f5800d
GwEUI: 24E124FFFEFAB29D
AppEUI: 24E124C0002A0001
Device EUI/Group Name: 24E124710E317752
Class Type: Class C
Immediately: -
Timestamp: 1229601821
Type: UpUnc
Adr: true
AdrAcKReq: false
Ack: false
Fcnt: 1099
Port: 85
Modulation: LORA
Bandwidth: 125
SpreadFactor: 7
Bitrate: 0
CodeRate: 4/5
SNR: 13.2
RSSI: -57
Power: -
Payload(b64): A2cUAQRofgUAAQbLAAd9KQII5g8ACXMrJwp9AgALfQgADH0IAA==
Payload(hex): 0367140104687e05000106cb00077d290208e60f0009732b270a7d02000b7d08000c7d0800
JSON: {""co2"":553,""hcho"":0.02,""humidity"":63,""light_level"":0,""pir"":1,""pm10"":8,""pm2_5"":8,""pressure"":1002.7,""temperature"":27.6,""tvoc"":15}
MIC: 0d98096d"
24E124710E317752,24E124FFFEFAB29D,503100000,SF7BW125, -/-,0,37,DnUnc,2026-07-15T09:02:45+08:00,"Dev Addr/Multicast Addr: 06f5800d
GwEUI: 24E124FFFEFAB29D
AppEUI: 24E124C0002A0001
Device EUI/Group Name: 24E124710E317752
Class Type: Class C
Immediately: false
Timestamp: 1191645750
Type: DnUnc
Adr: true
AdrAcKReq: false
Ack: false
Fcnt: 37
Port: -
Modulation: LORA
Bandwidth: 125
SpreadFactor: 7
Bitrate: 0
CodeRate: 4/5
SNR: -
RSSI: -
Power: 20
Payload(b64): 
Payload(hex): 
JSON: 
MIC: 3ab35dad"
24E124710E317752,24E124FFFEFAB29D,473100000,SF7BW125, -54/14.0,0,1098,UpUnc,2026-07-15T09:02:44+08:00,"Dev Addr/Multicast Addr: 06f5800d
GwEUI: 24E124FFFEFAB29D
AppEUI: 24E124C0002A0001
Device EUI/Group Name: 24E124710E317752
Class Type: Class C
Immediately: -
Timestamp: 1190645750
Type: UpUnc
Adr: true
AdrAcKReq: false
Ack: false
Fcnt: 1098
Port: 0
Modulation: LORA
Bandwidth: 125
SpreadFactor: 7
Bitrate: 0
CodeRate: 4/5
SNR: 14.0
RSSI: -54
Power: -
Payload(b64): 
Payload(hex): 
JSON: 
MIC: eb3660fd"
24E124710E317752,24E124FFFEFAB29D,471900000,SF7BW125, -58/13.8,37,1097,UpUnc,2026-07-15T09:02:23+08:00,"Dev Addr/Multicast Addr: 06f5800d
GwEUI: 24E124FFFEFAB29D
AppEUI: 24E124C0002A0001
Device EUI/Group Name: 24E124710E317752
Class Type: Class C
Immediately: -
Timestamp: 1169601618
Type: UpUnc
Adr: true
AdrAcKReq: false
Ack: false
Fcnt: 1097
Port: 85
Modulation: LORA
Bandwidth: 125
SpreadFactor: 7
Bitrate: 0
CodeRate: 4/5
SNR: 13.8
RSSI: -58
Power: -
Payload(b64): A2cUAQRofwUAAQbLAAd9JQII5g8ACXMrJwp9AQALfQgADH0IAA==
Payload(hex): 0367140104687f05000106cb00077d250208e60f0009732b270a7d01000b7d08000c7d0800
JSON: {""co2"":549,""hcho"":0.01,""humidity"":63.5,""light_level"":0,""pir"":1,""pm10"":8,""pm2_5"":8,""pressure"":1002.7,""temperature"":27.6,""tvoc"":15}
MIC: 13b89bf2"
24E124710E317752,24E124FFFEFAB29D,472300000,SF7BW125, -55/12.2,37,1096,UpUnc,2026-07-15T09:01:23+08:00,"Dev Addr/Multicast Addr: 06f5800d
GwEUI: 24E124FFFEFAB29D
AppEUI: 24E124C0002A0001
Device EUI/Group Name: 24E124710E317752
Class Type: Class C
Immediately: -
Timestamp: 1109610849
Type: UpUnc
Adr: true
AdrAcKReq: false
Ack: false
Fcnt: 1096
Port: 85
Modulation: LORA
Bandwidth: 125
SpreadFactor: 7
Bitrate: 0
CodeRate: 4/5
SNR: 12.2
RSSI: -55
Power: -
Payload(b64): A2cUAQRofwUAAQbLAAd9IgII5g8ACXMrJwp9AgALfQoADH0KAA==
Payload(hex): 0367140104687f05000106cb00077d220208e60f0009732b270a7d02000b7d0a000c7d0a00
JSON: {""co2"":546,""hcho"":0.02,""humidity"":63.5,""light_level"":0,""pir"":1,""pm10"":10,""pm2_5"":10,""pressure"":1002.7,""temperature"":27.6,""tvoc"":15}
MIC: 85bdffe8"
24E124710E317752,24E124FFFEFAB29D,472500000,SF7BW125, -55/14.0,37,1095,UpUnc,2026-07-15T09:00:23+08:00,"Dev Addr/Multicast Addr: 06f5800d
GwEUI: 24E124FFFEFAB29D
AppEUI: 24E124C0002A0001
Device EUI/Group Name: 24E124710E317752
Class Type: Class C
Immediately: -
Timestamp: 1049601460
Type: UpUnc
Adr: true
AdrAcKReq: false
Ack: false
Fcnt: 1095
Port: 85
Modulation: LORA
Bandwidth: 125
SpreadFactor: 7
Bitrate: 0
CodeRate: 4/5
SNR: 14.0
RSSI: -55
Power: -
Payload(b64): A2cVAQRofwUAAQbLAAd9IAII5g8ACXMrJwp9AQALfQoADH0KAA==
Payload(hex): 0367150104687f05000106cb00077d200208e60f0009732b270a7d01000b7d0a000c7d0a00
JSON: {""co2"":544,""hcho"":0.01,""humidity"":63.5,""light_level"":0,""pir"":1,""pm10"":10,""pm2_5"":10,""pressure"":1002.7,""temperature"":27.7,""tvoc"":15}
MIC: c439db3b"
24E124710E317752,24E124FFFEFAB29D,473100000,SF7BW125, -53/13.8,37,1094,UpUnc,2026-07-15T08:59:23+08:00,"Dev Addr/Multicast Addr: 06f5800d
GwEUI: 24E124FFFEFAB29D
AppEUI: 24E124C0002A0001
Device EUI/Group Name: 24E124710E317752
Class Type: Class C
Immediately: -
Timestamp: 989609509
Type: UpUnc
Adr: true
AdrAcKReq: false
Ack: false
Fcnt: 1094
Port: 85
Modulation: LORA
Bandwidth: 125
SpreadFactor: 7
Bitrate: 0
CodeRate: 4/5
SNR: 13.8
RSSI: -53
Power: -
Payload(b64): A2cVAQRogAUAAQbLAAd9HQII5g8ACXMrJwp9AQALfQoADH0KAA==
Payload(hex): 0367150104688005000106cb00077d1d0208e60f0009732b270a7d01000b7d0a000c7d0a00
JSON: {""co2"":541,""hcho"":0.01,""humidity"":64,""light_level"":0,""pir"":1,""pm10"":10,""pm2_5"":10,""pressure"":1002.7,""temperature"":27.7,""tvoc"":15}
MIC: 55f53ccd"
24E124710E317752,24E124FFFEFAB29D,471900000,SF7BW125, -55/14.0,37,1093,UpUnc,2026-07-15T08:58:23+08:00,"Dev Addr/Multicast Addr: 06f5800d
GwEUI: 24E124FFFEFAB29D
AppEUI: 24E124C0002A0001
Device EUI/Group Name: 24E124710E317752
Class Type: Class C
Immediately: -
Timestamp: 929604423
Type: UpUnc
Adr: true
AdrAcKReq: false
Ack: false
Fcnt: 1093
Port: 85
Modulation: LORA
Bandwidth: 125
SpreadFactor: 7
Bitrate: 0
CodeRate: 4/5
SNR: 14.0
RSSI: -55
Power: -
Payload(b64): A2cVAQRogAUAAQbLAAd9FwII5g8ACXMqJwp9AgALfQkADH0JAA==
Payload(hex): 0367150104688005000106cb00077d170208e60f0009732a270a7d02000b7d09000c7d0900
JSON: {""co2"":535,""hcho"":0.02,""humidity"":64,""light_level"":0,""pir"":1,""pm10"":9,""pm2_5"":9,""pressure"":1002.6,""temperature"":27.7,""tvoc"":15}
MIC: 7d93444d"
24E124710E317752,24E124FFFEFAB29D,472100000,SF7BW125, -55/14.2,37,1092,UpUnc,2026-07-15T08:57:23+08:00,"Dev Addr/Multicast Addr: 06f5800d
GwEUI: 24E124FFFEFAB29D
AppEUI: 24E124C0002A0001
Device EUI/Group Name: 24E124710E317752
Class Type: Class C
Immediately: -
Timestamp: 869600366
Type: UpUnc
Adr: true
AdrAcKReq: false
Ack: false
Fcnt: 1092
Port: 85
Modulation: LORA
Bandwidth: 125
SpreadFactor: 7
Bitrate: 0
CodeRate: 4/5
SNR: 14.2
RSSI: -55
Power: -
Payload(b64): A2cVAQRogQUAAQbLAAd9EwII5g8ACXMqJwp9AQALfQkADH0JAA==
Payload(hex): 0367150104688105000106cb00077d130208e60f0009732a270a7d01000b7d09000c7d0900
JSON: {""co2"":531,""hcho"":0.01,""humidity"":64.5,""light_level"":0,""pir"":1,""pm10"":9,""pm2_5"":9,""pressure"":1002.6,""temperature"":27.7,""tvoc"":15}
MIC: c9065195"
24E124710E317752,24E124FFFEFAB29D,472500000,SF7BW125, -54/13.5,37,1091,UpUnc,2026-07-15T08:56:23+08:00,"Dev Addr/Multicast Addr: 06f5800d
GwEUI: 24E124FFFEFAB29D
AppEUI: 24E124C0002A0001
Device EUI/Group Name: 24E124710E317752
Class Type: Class C
Immediately: -
Timestamp: 809605173
Type: UpUnc
Adr: true
AdrAcKReq: false
Ack: false
Fcnt: 1091
Port: 85
Modulation: LORA
Bandwidth: 125
SpreadFactor: 7
Bitrate: 0
CodeRate: 4/5
SNR: 13.5
RSSI: -54
Power: -
Payload(b64): A2cVAQRogQUAAQbLAAd9EAII5g8ACXMrJwp9AgALfQkADH0JAA==
Payload(hex): 0367150104688105000106cb00077d100208e60f0009732b270a7d02000b7d09000c7d0900
JSON: {""co2"":528,""hcho"":0.02,""humidity"":64.5,""light_level"":0,""pir"":1,""pm10"":9,""pm2_5"":9,""pressure"":1002.7,""temperature"":27.7,""tvoc"":15}
MIC: 9ed806cb"
24E124710E317752,24E124FFFEFAB29D,472900000,SF7BW125, -52/9.5,37,1090,UpUnc,2026-07-15T08:55:23+08:00,"Dev Addr/Multicast Addr: 06f5800d
GwEUI: 24E124FFFEFAB29D
AppEUI: 24E124C0002A0001
Device EUI/Group Name: 24E124710E317752
Class Type: Class C
Immediately: -
Timestamp: 749609206
Type: UpUnc
Adr: true
AdrAcKReq: false
Ack: false
Fcnt: 1090
Port: 85
Modulation: LORA
Bandwidth: 125
SpreadFactor: 7
Bitrate: 0
CodeRate: 4/5
SNR: 9.5
RSSI: -52
Power: -
Payload(b64): A2cVAQRogQUAAQbLAAd9EQII5g8ACXMqJwp9AQALfQoADH0KAA==
Payload(hex): 0367150104688105000106cb00077d110208e60f0009732a270a7d01000b7d0a000c7d0a00
JSON: {""co2"":529,""hcho"":0.01,""humidity"":64.5,""light_level"":0,""pir"":1,""pm10"":10,""pm2_5"":10,""pressure"":1002.6,""temperature"":27.7,""tvoc"":15}
MIC: 5c5a0546"
24E124710E317752,24E124FFFEFAB29D,473300000,SF7BW125, -53/13.2,37,1089,UpUnc,2026-07-15T08:54:23+08:00,"Dev Addr/Multicast Addr: 06f5800d
GwEUI: 24E124FFFEFAB29D
AppEUI: 24E124C0002A0001
Device EUI/Group Name: 24E124710E317752
Class Type: Class C
Immediately: -
Timestamp: 689604178
Type: UpUnc
Adr: true
AdrAcKReq: false
Ack: false
Fcnt: 1089
Port: 85
Modulation: LORA
Bandwidth: 125
SpreadFactor: 7
Bitrate: 0
CodeRate: 4/5
SNR: 13.2
RSSI: -53
Power: -
Payload(b64): A2cVAQRogAUAAQbLAAd9EwII5g8ACXMqJwp9AQALfQoADH0KAA==
Payload(hex): 0367150104688005000106cb00077d130208e60f0009732a270a7d01000b7d0a000c7d0a00
JSON: {""co2"":531,""hcho"":0.01,""humidity"":64,""light_level"":0,""pir"":1,""pm10"":10,""pm2_5"":10,""pressure"":1002.6,""temperature"":27.7,""tvoc"":15}
MIC: 92f4d56f"
24E124710E317752,24E124FFFEFAB29D,472100000,SF7BW125, -55/13.5,37,1088,UpUnc,2026-07-15T08:53:23+08:00,"Dev Addr/Multicast Addr: 06f5800d
GwEUI: 24E124FFFEFAB29D
AppEUI: 24E124C0002A0001
Device EUI/Group Name: 24E124710E317752
Class Type: Class C
Immediately: -
Timestamp: 629610085
Type: UpUnc
Adr: true
AdrAcKReq: false
Ack: false
Fcnt: 1088
Port: 85
Modulation: LORA
Bandwidth: 125
SpreadFactor: 7
Bitrate: 0
CodeRate: 4/5
SNR: 13.5
RSSI: -55
Power: -
Payload(b64): A2cVAQRogAUAAQbLAAd9EwII5g8ACXMqJwp9AgALfQoADH0KAA==
Payload(hex): 0367150104688005000106cb00077d130208e60f0009732a270a7d02000b7d0a000c7d0a00
JSON: {""co2"":531,""hcho"":0.02,""humidity"":64,""light_level"":0,""pir"":1,""pm10"":10,""pm2_5"":10,""pressure"":1002.6,""temperature"":27.7,""tvoc"":15}
MIC: 4c38387a"
24E124710E317752,24E124FFFEFAB29D,472500000,SF7BW125, -54/13.8,37,1087,UpUnc,2026-07-15T08:52:23+08:00,"Dev Addr/Multicast Addr: 06f5800d
GwEUI: 24E124FFFEFAB29D
AppEUI: 24E124C0002A0001
Device EUI/Group Name: 24E124710E317752
Class Type: Class C
Immediately: -
Timestamp: 569604954
Type: UpUnc
Adr: true
AdrAcKReq: false
Ack: false
Fcnt: 1087
Port: 85
Modulation: LORA
Bandwidth: 125
SpreadFactor: 7
Bitrate: 0
CodeRate: 4/5
SNR: 13.8
RSSI: -54
Power: -
Payload(b64): A2cVAQRogAUAAQbLAAd9EwII5g8ACXMrJwp9AQALfQkADH0JAA==
Payload(hex): 0367150104688005000106cb00077d130208e60f0009732b270a7d01000b7d09000c7d0900
JSON: {""co2"":531,""hcho"":0.01,""humidity"":64,""light_level"":0,""pir"":1,""pm10"":9,""pm2_5"":9,""pressure"":1002.7,""temperature"":27.7,""tvoc"":15}
MIC: cbb3095c"
24E124710E317752,24E124FFFEFAB29D,473100000,SF7BW125, -52/14.2,37,1086,UpUnc,2026-07-15T08:51:23+08:00,"Dev Addr/Multicast Addr: 06f5800d
GwEUI: 24E124FFFEFAB29D
AppEUI: 24E124C0002A0001
Device EUI/Group Name: 24E124710E317752
Class Type: Class C
Immediately: -
Timestamp: 509605120
Type: UpUnc
Adr: true
AdrAcKReq: false
Ack: false
Fcnt: 1086
Port: 85
Modulation: LORA
Bandwidth: 125
SpreadFactor: 7
Bitrate: 0
CodeRate: 4/5
SNR: 14.2
RSSI: -52
Power: -
Payload(b64): A2cVAQRogAUAAQbLAAd9EQII5g8ACXMqJwp9AQALfQkADH0JAA==
Payload(hex): 0367150104688005000106cb00077d110208e60f0009732a270a7d01000b7d09000c7d0900
JSON: {""co2"":529,""hcho"":0.01,""humidity"":64,""light_level"":0,""pir"":1,""pm10"":9,""pm2_5"":9,""pressure"":1002.6,""temperature"":27.7,""tvoc"":15}
MIC: 088fec55"
24E124710E317752,24E124FFFEFAB29D,471900000,SF7BW125, -56/13.5,37,1085,UpUnc,2026-07-15T08:50:23+08:00,"Dev Addr/Multicast Addr: 06f5800d
GwEUI: 24E124FFFEFAB29D
AppEUI: 24E124C0002A0001
Device EUI/Group Name: 24E124710E317752
Class Type: Class C
Immediately: -
Timestamp: 449601870
Type: UpUnc
Adr: true
AdrAcKReq: false
Ack: false
Fcnt: 1085
Port: 85
Modulation: LORA
Bandwidth: 125
SpreadFactor: 7
Bitrate: 0
CodeRate: 4/5
SNR: 13.5
RSSI: -56
Power: -
Payload(b64): A2cVAQRogAUAAQbLAAd9EQII5g8ACXMqJwp9AQALfQkADH0JAA==
Payload(hex): 0367150104688005000106cb00077d110208e60f0009732a270a7d01000b7d09000c7d0900
JSON: {""co2"":529,""hcho"":0.01,""humidity"":64,""light_level"":0,""pir"":1,""pm10"":9,""pm2_5"":9,""pressure"":1002.6,""temperature"":27.7,""tvoc"":15}
MIC: 4fc4f4ea"
24E124710E317752,24E124FFFEFAB29D,472100000,SF7BW125, -55/13.5,37,1084,UpUnc,2026-07-15T08:49:23+08:00,"Dev Addr/Multicast Addr: 06f5800d
GwEUI: 24E124FFFEFAB29D
AppEUI: 24E124C0002A0001
Device EUI/Group Name: 24E124710E317752
Class Type: Class C
Immediately: -
Timestamp: 389608678
Type: UpUnc
Adr: true
AdrAcKReq: false
Ack: false
Fcnt: 1084
Port: 85
Modulation: LORA
Bandwidth: 125
SpreadFactor: 7
Bitrate: 0
CodeRate: 4/5
SNR: 13.5
RSSI: -55
Power: -
Payload(b64): A2cVAQRogAUAAQbLAAd9EAII5g8ACXMpJwp9AQALfQgADH0IAA==
Payload(hex): 0367150104688005000106cb00077d100208e60f00097329270a7d01000b7d08000c7d0800
JSON: {""co2"":528,""hcho"":0.01,""humidity"":64,""light_level"":0,""pir"":1,""pm10"":8,""pm2_5"":8,""pressure"":1002.5,""temperature"":27.7,""tvoc"":15}
MIC: b23d21f0"
24E124710E317752,24E124FFFEFAB29D,472500000,SF7BW125, -54/13.5,37,1083,UpUnc,2026-07-15T08:48:23+08:00,"Dev Addr/Multicast Addr: 06f5800d
GwEUI: 24E124FFFEFAB29D
AppEUI: 24E124C0002A0001
Device EUI/Group Name: 24E124710E317752
Class Type: Class C
Immediately: -
Timestamp: 329603654
Type: UpUnc
Adr: true
AdrAcKReq: false
Ack: false
Fcnt: 1083
Port: 85
Modulation: LORA
Bandwidth: 125
SpreadFactor: 7
Bitrate: 0
CodeRate: 4/5
SNR: 13.5
RSSI: -54
Power: -
Payload(b64): A2cVAQRogAUAAQbLAAd9DwII5g8ACXMqJwp9AgALfQgADH0IAA==
Payload(hex): 0367150104688005000106cb00077d0f0208e60f0009732a270a7d02000b7d08000c7d0800
JSON: {""co2"":527,""hcho"":0.02,""humidity"":64,""light_level"":0,""pir"":1,""pm10"":8,""pm2_5"":8,""pressure"":1002.6,""temperature"":27.7,""tvoc"":15}
MIC: 95abeb8b"
24E124710E317752,24E124FFFEFAB29D,472900000,SF7BW125, -52/11.8,37,1082,UpUnc,2026-07-15T08:47:23+08:00,"Dev Addr/Multicast Addr: 06f5800d
GwEUI: 24E124FFFEFAB29D
AppEUI: 24E124C0002A0001
Device EUI/Group Name: 24E124710E317752
Class Type: Class C
Immediately: -
Timestamp: 269609638
Type: UpUnc
Adr: true
AdrAcKReq: false
Ack: false
Fcnt: 1082
Port: 85
Modulation: LORA
Bandwidth: 125
SpreadFactor: 7
Bitrate: 0
CodeRate: 4/5
SNR: 11.8
RSSI: -52
Power: -
Payload(b64): A2cVAQRogAUAAQbLAAd9EAII5g8ACXMqJwp9AQALfQgADH0IAA==
Payload(hex): 0367150104688005000106cb00077d100208e60f0009732a270a7d01000b7d08000c7d0800
JSON: {""co2"":528,""hcho"":0.01,""humidity"":64,""light_level"":0,""pir"":1,""pm10"":8,""pm2_5"":8,""pressure"":1002.6,""temperature"":27.7,""tvoc"":15}
MIC: cfe9cb38"
24E124710E317752,24E124FFFEFAB29D,473300000,SF7BW125, -53/14.0,37,1081,UpUnc,2026-07-15T08:46:23+08:00,"Dev Addr/Multicast Addr: 06f5800d
GwEUI: 24E124FFFEFAB29D
AppEUI: 24E124C0002A0001
Device EUI/Group Name: 24E124710E317752
Class Type: Class C
Immediately: -
Timestamp: 209605598
Type: UpUnc
Adr: true
AdrAcKReq: false
Ack: false
Fcnt: 1081
Port: 85
Modulation: LORA
Bandwidth: 125
SpreadFactor: 7
Bitrate: 0
CodeRate: 4/5
SNR: 14.0
RSSI: -53
Power: -
Payload(b64): A2cVAQRogAUAAQbLAAd9EAII5g8ACXMqJwp9AQALfQcADH0HAA==
Payload(hex): 0367150104688005000106cb00077d100208e60f0009732a270a7d01000b7d07000c7d0700
JSON: {""co2"":528,""hcho"":0.01,""humidity"":64,""light_level"":0,""pir"":1,""pm10"":7,""pm2_5"":7,""pressure"":1002.6,""temperature"":27.7,""tvoc"":15}
MIC: 6347cc6e"
24E124710E317752,24E124FFFEFAB29D,472300000,SF7BW125, -54/11.5,37,1080,UpUnc,2026-07-15T08:45:23+08:00,"Dev Addr/Multicast Addr: 06f5800d
GwEUI: 24E124FFFEFAB29D
AppEUI: 24E124C0002A0001
Device EUI/Group Name: 24E124710E317752
Class Type: Class C
Immediately: -
Timestamp: 149614597
Type: UpUnc
Adr: true
AdrAcKReq: false
Ack: false
Fcnt: 1080
Port: 85
Modulation: LORA
Bandwidth: 125
SpreadFactor: 7
Bitrate: 0
CodeRate: 4/5
SNR: 11.5
RSSI: -54
Power: -
Payload(b64): A2cVAQRogAUAAQbLAAd9EQII5g8ACXMqJwp9AQALfQcADH0HAA==
Payload(hex): 0367150104688005000106cb00077d110208e60f0009732a270a7d01000b7d07000c7d0700
JSON: {""co2"":529,""hcho"":0.01,""humidity"":64,""light_level"":0,""pir"":1,""pm10"":7,""pm2_5"":7,""pressure"":1002.6,""temperature"":27.7,""tvoc"":15}
MIC: 62e1d35b"
24E124710E317752,24E124FFFEFAB29D,472700000,SF7BW125, -54/13.5,37,1079,UpUnc,2026-07-15T08:44:23+08:00,"Dev Addr/Multicast Addr: 06f5800d
GwEUI: 24E124FFFEFAB29D
AppEUI: 24E124C0002A0001
Device EUI/Group Name: 24E124710E317752
Class Type: Class C
Immediately: -
Timestamp: 89608447
Type: UpUnc
Adr: true
AdrAcKReq: false
Ack: false
Fcnt: 1079
Port: 85
Modulation: LORA
Bandwidth: 125
SpreadFactor: 7
Bitrate: 0
CodeRate: 4/5
SNR: 13.5
RSSI: -54
Power: -
Payload(b64): A2cVAQRogAUAAQbLAAd9EgII5g8ACXMqJwp9AQALfQcADH0HAA==
Payload(hex): 0367150104688005000106cb00077d120208e60f0009732a270a7d01000b7d07000c7d0700
JSON: {""co2"":530,""hcho"":0.01,""humidity"":64,""light_level"":0,""pir"":1,""pm10"":7,""pm2_5"":7,""pressure"":1002.6,""temperature"":27.7,""tvoc"":15}
MIC: d4f7c539"
24E124710E317752,24E124FFFEFAB29D,472900000,SF7BW125, -52/11.0,37,1078,UpUnc,2026-07-15T08:43:23+08:00,"Dev Addr/Multicast Addr: 06f5800d
GwEUI: 24E124FFFEFAB29D
AppEUI: 24E124C0002A0001
Device EUI/Group Name: 24E124710E317752
Class Type: Class C
Immediately: -
Timestamp: 29603346
Type: UpUnc
Adr: true
AdrAcKReq: false
Ack: false
Fcnt: 1078
Port: 85
Modulation: LORA
Bandwidth: 125
SpreadFactor: 7
Bitrate: 0
CodeRate: 4/5
SNR: 11.0
RSSI: -52
Power: -
Payload(b64): A2cVAQRogAUAAQbLAAd9EgII5g8ACXMpJwp9AgALfQsADH0LAA==
Payload(hex): 0367150104688005000106cb00077d120208e60f00097329270a7d02000b7d0b000c7d0b00
JSON: {""co2"":530,""hcho"":0.02,""humidity"":64,""light_level"":0,""pir"":1,""pm10"":11,""pm2_5"":11,""pressure"":1002.5,""temperature"":27.7,""tvoc"":15}
MIC: 3f58a907"
24E124710E317752,24E124FFFEFAB29D,471900000,SF7BW125, -56/13.2,37,1077,UpUnc,2026-07-15T08:42:23+08:00,"Dev Addr/Multicast Addr: 06f5800d
GwEUI: 24E124FFFEFAB29D
AppEUI: 24E124C0002A0001
Device EUI/Group Name: 24E124710E317752
Class Type: Class C
Immediately: -
Timestamp: 4264577597
Type: UpUnc
Adr: true
AdrAcKReq: false
Ack: false
Fcnt: 1077
Port: 85
Modulation: LORA
Bandwidth: 125
SpreadFactor: 7
Bitrate: 0
CodeRate: 4/5
SNR: 13.2
RSSI: -56
Power: -
Payload(b64): A2cVAQRogAUAAQbLAAd9DwII5g8ACXMpJwp9AQALfQsADH0LAA==
Payload(hex): 0367150104688005000106cb00077d0f0208e60f00097329270a7d01000b7d0b000c7d0b00
JSON: {""co2"":527,""hcho"":0.01,""humidity"":64,""light_level"":0,""pir"":1,""pm10"":11,""pm2_5"":11,""pressure"":1002.5,""temperature"":27.7,""tvoc"":15}
MIC: aed582ed"
24E124710E317752,24E124FFFEFAB29D,472300000,SF7BW125, -54/11.8,37,1076,UpUnc,2026-07-15T08:41:23+08:00,"Dev Addr/Multicast Addr: 06f5800d
GwEUI: 24E124FFFEFAB29D
AppEUI: 24E124C0002A0001
Device EUI/Group Name: 24E124710E317752
Class Type: Class C
Immediately: -
Timestamp: 4204574488
Type: UpUnc
Adr: true
AdrAcKReq: false
Ack: false
Fcnt: 1076
Port: 85
Modulation: LORA
Bandwidth: 125
SpreadFactor: 7
Bitrate: 0
CodeRate: 4/5
SNR: 11.8
RSSI: -54
Power: -
Payload(b64): A2cVAQRogAUAAQbLAAd9EwII5g8ACXMpJwp9AQALfQsADH0LAA==
Payload(hex): 0367150104688005000106cb00077d130208e60f00097329270a7d01000b7d0b000c7d0b00
JSON: {""co2"":531,""hcho"":0.01,""humidity"":64,""light_level"":0,""pir"":1,""pm10"":11,""pm2_5"":11,""pressure"":1002.5,""temperature"":27.7,""tvoc"":15}
MIC: d9e3da6e"
24E124710E317752,24E124FFFEFAB29D,472500000,SF7BW125, -54/14.2,37,1075,UpUnc,2026-07-15T08:40:23+08:00,"Dev Addr/Multicast Addr: 06f5800d
GwEUI: 24E124FFFEFAB29D
AppEUI: 24E124C0002A0001
Device EUI/Group Name: 24E124710E317752
Class Type: Class C
Immediately: -
Timestamp: 4144582507
Type: UpUnc
Adr: true
AdrAcKReq: false
Ack: false
Fcnt: 1075
Port: 85
Modulation: LORA
Bandwidth: 125
SpreadFactor: 7
Bitrate: 0
CodeRate: 4/5
SNR: 14.2
RSSI: -54
Power: -
Payload(b64): A2cVAQRogAUAAQbLAAd9FQII5g8ACXMpJwp9AQALfQsADH0LAA==
Payload(hex): 0367150104688005000106cb00077d150208e60f00097329270a7d01000b7d0b000c7d0b00
JSON: {""co2"":533,""hcho"":0.01,""humidity"":64,""light_level"":0,""pir"":1,""pm10"":11,""pm2_5"":11,""pressure"":1002.5,""temperature"":27.7,""tvoc"":15}
MIC: c370d355"
24E124710E317752,24E124FFFEFAB29D,472900000,SF7BW125, -52/11.0,37,1074,UpUnc,2026-07-15T08:39:23+08:00,"Dev Addr/Multicast Addr: 06f5800d
GwEUI: 24E124FFFEFAB29D
AppEUI: 24E124C0002A0001
Device EUI/Group Name: 24E124710E317752
Class Type: Class C
Immediately: -
Timestamp: 4084574244
Type: UpUnc
Adr: true
AdrAcKReq: false
Ack: false
Fcnt: 1074
Port: 85
Modulation: LORA
Bandwidth: 125
SpreadFactor: 7
Bitrate: 0
CodeRate: 4/5
SNR: 11.0
RSSI: -52
Power: -
Payload(b64): A2cVAQRogAUAAQbLAAd9FAII5g8ACXMpJwp9AQALfQsADH0LAA==
Payload(hex): 0367150104688005000106cb00077d140208e60f00097329270a7d01000b7d0b000c7d0b00
JSON: {""co2"":532,""hcho"":0.01,""humidity"":64,""light_level"":0,""pir"":1,""pm10"":11,""pm2_5"":11,""pressure"":1002.5,""temperature"":27.7,""tvoc"":15}
MIC: 2e4d6de4"
24E124710E317752,24E124FFFEFAB29D,473300000,SF7BW125, -52/13.5,37,1073,UpUnc,2026-07-15T08:38:23+08:00,"Dev Addr/Multicast Addr: 06f5800d
GwEUI: 24E124FFFEFAB29D
AppEUI: 24E124C0002A0001
Device EUI/Group Name: 24E124710E317752
Class Type: Class C
Immediately: -
Timestamp: 4024579318
Type: UpUnc
Adr: true
AdrAcKReq: false
Ack: false
Fcnt: 1073
Port: 85
Modulation: LORA
Bandwidth: 125
SpreadFactor: 7
Bitrate: 0
CodeRate: 4/5
SNR: 13.5
RSSI: -52
Power: -
Payload(b64): A2cVAQRogAUAAQbLAAd9FQII5g8ACXMpJwp9AgALfQsADH0LAA==
Payload(hex): 0367150104688005000106cb00077d150208e60f00097329270a7d02000b7d0b000c7d0b00
JSON: {""co2"":533,""hcho"":0.02,""humidity"":64,""light_level"":0,""pir"":1,""pm10"":11,""pm2_5"":11,""pressure"":1002.5,""temperature"":27.7,""tvoc"":15}
MIC: 015fa7e9"
24E124710E317752,24E124FFFEFAB29D,472100000,SF7BW125, -55/13.8,37,1072,UpUnc,2026-07-15T08:37:23+08:00,"Dev Addr/Multicast Addr: 06f5800d
GwEUI: 24E124FFFEFAB29D
AppEUI: 24E124C0002A0001
Device EUI/Group Name: 24E124710E317752
Class Type: Class C
Immediately: -
Timestamp: 3964575111
Type: UpUnc
Adr: true
AdrAcKReq: false
Ack: false
Fcnt: 1072
Port: 85
Modulation: LORA
Bandwidth: 125
SpreadFactor: 7
Bitrate: 0
CodeRate: 4/5
SNR: 13.8
RSSI: -55
Power: -
Payload(b64): A2cVAQRogAUAAQbLAAd9FAII5g8ACXMoJwp9AQALfQoADH0KAA==
Payload(hex): 0367150104688005000106cb00077d140208e60f00097328270a7d01000b7d0a000c7d0a00
JSON: {""co2"":532,""hcho"":0.01,""humidity"":64,""light_level"":0,""pir"":1,""pm10"":10,""pm2_5"":10,""pressure"":1002.4,""temperature"":27.7,""tvoc"":15}
MIC: efb98383"
24E124710E317752,24E124FFFEFAB29D,472500000,SF7BW125, -54/14.0,37,1071,UpUnc,2026-07-15T08:36:23+08:00,"Dev Addr/Multicast Addr: 06f5800d
GwEUI: 24E124FFFEFAB29D
AppEUI: 24E124C0002A0001
Device EUI/Group Name: 24E124710E317752
Class Type: Class C
Immediately: -
Timestamp: 3904581086
Type: UpUnc
Adr: true
AdrAcKReq: false
Ack: false
Fcnt: 1071
Port: 85
Modulation: LORA
Bandwidth: 125
SpreadFactor: 7
Bitrate: 0
CodeRate: 4/5
SNR: 14.0
RSSI: -54
Power: -
Payload(b64): A2cVAQRogAUAAQbLAAd9FwII5g8ACXMpJwp9AQALfQoADH0KAA==
Payload(hex): 0367150104688005000106cb00077d170208e60f00097329270a7d01000b7d0a000c7d0a00
JSON: {""co2"":535,""hcho"":0.01,""humidity"":64,""light_level"":0,""pir"":1,""pm10"":10,""pm2_5"":10,""pressure"":1002.5,""temperature"":27.7,""tvoc"":15}
MIC: e6ba31cf"
24E124710E317752,24E124FFFEFAB29D,472900000,SF7BW125, -52/11.0,37,1070,UpUnc,2026-07-15T08:35:23+08:00,"Dev Addr/Multicast Addr: 06f5800d
GwEUI: 24E124FFFEFAB29D
AppEUI: 24E124C0002A0001
Device EUI/Group Name: 24E124710E317752
Class Type: Class C
Immediately: -
Timestamp: 3844577090
Type: UpUnc
Adr: true
AdrAcKReq: false
Ack: false
Fcnt: 1070
Port: 85
Modulation: LORA
Bandwidth: 125
SpreadFactor: 7
Bitrate: 0
CodeRate: 4/5
SNR: 11.0
RSSI: -52
Power: -
Payload(b64): A2cVAQRogAUAAAbLAAd9FwII5g8ACXMpJwp9AQALfQoADH0KAA==
Payload(hex): 0367150104688005000006cb00077d170208e60f00097329270a7d01000b7d0a000c7d0a00
JSON: {""co2"":535,""hcho"":0.01,""humidity"":64,""light_level"":0,""pir"":0,""pm10"":10,""pm2_5"":10,""pressure"":1002.5,""temperature"":27.7,""tvoc"":15}
MIC: 378d03b3"
24E124710E317752,24E124FFFEFAB29D,473300000,SF7BW125, -52/13.8,37,1069,UpUnc,2026-07-15T08:34:23+08:00,"Dev Addr/Multicast Addr: 06f5800d
GwEUI: 24E124FFFEFAB29D
AppEUI: 24E124C0002A0001
Device EUI/Group Name: 24E124710E317752
Class Type: Class C
Immediately: -
Timestamp: 3784582031
Type: UpUnc
Adr: true
AdrAcKReq: false
Ack: false
Fcnt: 1069
Port: 85
Modulation: LORA
Bandwidth: 125
SpreadFactor: 7
Bitrate: 0
CodeRate: 4/5
SNR: 13.8
RSSI: -52
Power: -
Payload(b64): A2cVAQRogAUAAQbLAAd9EwII5g8ACXMpJwp9AQALfQgADH0IAA==
Payload(hex): 0367150104688005000106cb00077d130208e60f00097329270a7d01000b7d08000c7d0800
JSON: {""co2"":531,""hcho"":0.01,""humidity"":64,""light_level"":0,""pir"":1,""pm10"":8,""pm2_5"":8,""pressure"":1002.5,""temperature"":27.7,""tvoc"":15}
MIC: 395071f9"
24E124710E317752,24E124FFFEFAB29D,472300000,SF7BW125, -54/11.5,37,1068,UpUnc,2026-07-15T08:33:23+08:00,"Dev Addr/Multicast Addr: 06f5800d
GwEUI: 24E124FFFEFAB29D
AppEUI: 24E124C0002A0001
Device EUI/Group Name: 24E124710E317752
Class Type: Class C
Immediately: -
Timestamp: 3724575831
Type: UpUnc
Adr: true
AdrAcKReq: false
Ack: false
Fcnt: 1068
Port: 85
Modulation: LORA
Bandwidth: 125
SpreadFactor: 7
Bitrate: 0
CodeRate: 4/5
SNR: 11.5
RSSI: -54
Power: -
Payload(b64): A2cVAQRogAUAAQbLAAd9FAII5g8ACXMpJwp9AgALfQgADH0IAA==
Payload(hex): 0367150104688005000106cb00077d140208e60f00097329270a7d02000b7d08000c7d0800
JSON: {""co2"":532,""hcho"":0.02,""humidity"":64,""light_level"":0,""pir"":1,""pm10"":8,""pm2_5"":8,""pressure"":1002.5,""temperature"":27.7,""tvoc"":15}
MIC: fff783e0"
24E124710E317752,24E124FFFEFAB29D,502300000,SF7BW125, -/-,0,36,DnUnc,2026-07-15T08:33:14+08:00,"Dev Addr/Multicast Addr: 06f5800d
GwEUI: 24E124FFFEFAB29D
AppEUI: 24E124C0002A0001
Device EUI/Group Name: 24E124710E317752
Class Type: Class C
Immediately: false
Timestamp: 3715849904
Type: DnUnc
Adr: true
AdrAcKReq: false
Ack: false
Fcnt: 36
Port: -
Modulation: LORA
Bandwidth: 125
SpreadFactor: 7
Bitrate: 0
CodeRate: 4/5
SNR: -
RSSI: -
Power: 20
Payload(b64): 
Payload(hex): 
JSON: 
MIC: 40f5d29e"
24E124710E317752,24E124FFFEFAB29D,472300000,SF7BW125, -54/11.8,0,1067,UpUnc,2026-07-15T08:33:14+08:00,"Dev Addr/Multicast Addr: 06f5800d
GwEUI: 24E124FFFEFAB29D
AppEUI: 24E124C0002A0001
Device EUI/Group Name: 24E124710E317752
Class Type: Class C
Immediately: -
Timestamp: 3714849904
Type: UpUnc
Adr: true
AdrAcKReq: false
Ack: false
Fcnt: 1067
Port: 0
Modulation: LORA
Bandwidth: 125
SpreadFactor: 7
Bitrate: 0
CodeRate: 4/5
SNR: 11.8
RSSI: -54
Power: -
Payload(b64): 
Payload(hex): 
JSON: 
MIC: 38caf677"
24E124710E317752,24E124FFFEFAB29D,472900000,SF7BW125, -52/11.5,37,1066,UpUnc,2026-07-15T08:32:23+08:00,"Dev Addr/Multicast Addr: 06f5800d
GwEUI: 24E124FFFEFAB29D
AppEUI: 24E124C0002A0001
Device EUI/Group Name: 24E124710E317752
Class Type: Class C
Immediately: -
Timestamp: 3664575877
Type: UpUnc
Adr: true
AdrAcKReq: false
Ack: false
Fcnt: 1066
Port: 85
Modulation: LORA
Bandwidth: 125
SpreadFactor: 7
Bitrate: 0
CodeRate: 4/5
SNR: 11.5
RSSI: -52
Power: -
Payload(b64): A2cVAQRogAUAAQbLAAd9EwII5g8ACXMpJwp9AgALfQgADH0IAA==
Payload(hex): 0367150104688005000106cb00077d130208e60f00097329270a7d02000b7d08000c7d0800
JSON: {""co2"":531,""hcho"":0.02,""humidity"":64,""light_level"":0,""pir"":1,""pm10"":8,""pm2_5"":8,""pressure"":1002.5,""temperature"":27.7,""tvoc"":15}
MIC: c2ca5449"
24E124710E317752,24E124FFFEFAB29D,473100000,SF7BW125, -51/14.0,37,1065,UpUnc,2026-07-15T08:31:23+08:00,"Dev Addr/Multicast Addr: 06f5800d
GwEUI: 24E124FFFEFAB29D
AppEUI: 24E124C0002A0001
Device EUI/Group Name: 24E124710E317752
Class Type: Class C
Immediately: -
Timestamp: 3604581816
Type: UpUnc
Adr: true
AdrAcKReq: false
Ack: false
Fcnt: 1065
Port: 85
Modulation: LORA
Bandwidth: 125
SpreadFactor: 7
Bitrate: 0
CodeRate: 4/5
SNR: 14.0
RSSI: -51
Power: -
Payload(b64): A2cUAQRogAUAAQbLAAd9EgII5g8ACXMoJwp9AQALfQgADH0IAA==
Payload(hex): 0367140104688005000106cb00077d120208e60f00097328270a7d01000b7d08000c7d0800
JSON: {""co2"":530,""hcho"":0.01,""humidity"":64,""light_level"":0,""pir"":1,""pm10"":8,""pm2_5"":8,""pressure"":1002.4,""temperature"":27.6,""tvoc"":15}
MIC: 61778b64"
24E124710E317752,24E124FFFEFAB29D,472100000,SF7BW125, -55/13.5,37,1064,UpUnc,2026-07-15T08:30:23+08:00,"Dev Addr/Multicast Addr: 06f5800d
GwEUI: 24E124FFFEFAB29D
AppEUI: 24E124C0002A0001
Device EUI/Group Name: 24E124710E317752
Class Type: Class C
Immediately: -
Timestamp: 3544579731
Type: UpUnc
Adr: true
AdrAcKReq: false
Ack: false
Fcnt: 1064
Port: 85
Modulation: LORA
Bandwidth: 125
SpreadFactor: 7
Bitrate: 0
CodeRate: 4/5
SNR: 13.5
RSSI: -55
Power: -
Payload(b64): A2cVAQRogAUAAQbLAAd9EQII5g8ACXMoJwp9AQALfQgADH0IAA==
Payload(hex): 0367150104688005000106cb00077d110208e60f00097328270a7d01000b7d08000c7d0800
JSON: {""co2"":529,""hcho"":0.01,""humidity"":64,""light_level"":0,""pir"":1,""pm10"":8,""pm2_5"":8,""pressure"":1002.4,""temperature"":27.7,""tvoc"":15}
MIC: cc9cd18b"
24E124710E317752,24E124FFFEFAB29D,472300000,SF7BW125, -54/11.8,37,1063,UpUnc,2026-07-15T08:29:23+08:00,"Dev Addr/Multicast Addr: 06f5800d
GwEUI: 24E124FFFEFAB29D
AppEUI: 24E124C0002A0001
Device EUI/Group Name: 24E124710E317752
Class Type: Class C
Immediately: -
Timestamp: 3484579547
Type: UpUnc
Adr: true
AdrAcKReq: false
Ack: false
Fcnt: 1063
Port: 85
Modulation: LORA
Bandwidth: 125
SpreadFactor: 7
Bitrate: 0
CodeRate: 4/5
SNR: 11.8
RSSI: -54
Power: -
Payload(b64): A2cVAQRogAUAAQbLAAd9EAII5g8ACXMnJwp9AgALfQgADH0IAA==
Payload(hex): 0367150104688005000106cb00077d100208e60f00097327270a7d02000b7d08000c7d0800
JSON: {""co2"":528,""hcho"":0.02,""humidity"":64,""light_level"":0,""pir"":1,""pm10"":8,""pm2_5"":8,""pressure"":1002.3,""temperature"":27.7,""tvoc"":15}
MIC: ab73841b"
24E124710E317752,24E124FFFEFAB29D,472700000,SF7BW125, -53/13.8,37,1062,UpUnc,2026-07-15T08:28:23+08:00,"Dev Addr/Multicast Addr: 06f5800d
GwEUI: 24E124FFFEFAB29D
AppEUI: 24E124C0002A0001
Device EUI/Group Name: 24E124710E317752
Class Type: Class C
Immediately: -
Timestamp: 3424580511
Type: UpUnc
Adr: true
AdrAcKReq: false
Ack: false
Fcnt: 1062
Port: 85
Modulation: LORA
Bandwidth: 125
SpreadFactor: 7
Bitrate: 0
CodeRate: 4/5
SNR: 13.8
RSSI: -53
Power: -
Payload(b64): A2cVAQRogAUAAQbLAAd9EgII5g8ACXMnJwp9AgALfQoADH0KAA==
Payload(hex): 0367150104688005000106cb00077d120208e60f00097327270a7d02000b7d0a000c7d0a00
JSON: {""co2"":530,""hcho"":0.02,""humidity"":64,""light_level"":0,""pir"":1,""pm10"":10,""pm2_5"":10,""pressure"":1002.3,""temperature"":27.7,""tvoc"":15}
MIC: fea35eaf"
24E124710E317752,24E124FFFEFAB29D,473100000,SF7BW125, -52/13.5,37,1061,UpUnc,2026-07-15T08:27:23+08:00,"Dev Addr/Multicast Addr: 06f5800d
GwEUI: 24E124FFFEFAB29D
AppEUI: 24E124C0002A0001
Device EUI/Group Name: 24E124710E317752
Class Type: Class C
Immediately: -
Timestamp: 3364577523
Type: UpUnc
Adr: true
AdrAcKReq: false
Ack: false
Fcnt: 1061
Port: 85
Modulation: LORA
Bandwidth: 125
SpreadFactor: 7
Bitrate: 0
CodeRate: 4/5
SNR: 13.5
RSSI: -52
Power: -
Payload(b64): A2cVAQRogAUAAQbLAAd9DwII5g8ACXMmJwp9AgALfQoADH0KAA==
Payload(hex): 0367150104688005000106cb00077d0f0208e60f00097326270a7d02000b7d0a000c7d0a00
JSON: {""co2"":527,""hcho"":0.02,""humidity"":64,""light_level"":0,""pir"":1,""pm10"":10,""pm2_5"":10,""pressure"":1002.2,""temperature"":27.7,""tvoc"":15}
MIC: 69b16397"
24E124710E317752,24E124FFFEFAB29D,472100000,SF7BW125, -55/13.8,37,1060,UpUnc,2026-07-15T08:26:23+08:00,"Dev Addr/Multicast Addr: 06f5800d
GwEUI: 24E124FFFEFAB29D
AppEUI: 24E124C0002A0001
Device EUI/Group Name: 24E124710E317752
Class Type: Class C
Immediately: -
Timestamp: 3304582469
Type: UpUnc
Adr: true
AdrAcKReq: false
Ack: false
Fcnt: 1060
Port: 85
Modulation: LORA
Bandwidth: 125
SpreadFactor: 7
Bitrate: 0
CodeRate: 4/5
SNR: 13.8
RSSI: -55
Power: -
Payload(b64): A2cUAQRogAUAAQbLAAd9EwII5g8ACXMmJwp9AQALfQoADH0KAA==
Payload(hex): 0367140104688005000106cb00077d130208e60f00097326270a7d01000b7d0a000c7d0a00
JSON: {""co2"":531,""hcho"":0.01,""humidity"":64,""light_level"":0,""pir"":1,""pm10"":10,""pm2_5"":10,""pressure"":1002.2,""temperature"":27.6,""tvoc"":15}
MIC: 508bdd25"
24E124710E317752,24E124FFFEFAB29D,472500000,SF7BW125, -54/13.5,37,1059,UpUnc,2026-07-15T08:25:23+08:00,"Dev Addr/Multicast Addr: 06f5800d
GwEUI: 24E124FFFEFAB29D
AppEUI: 24E124C0002A0001
Device EUI/Group Name: 24E124710E317752
Class Type: Class C
Immediately: -
Timestamp: 3244578231
Type: UpUnc
Adr: true
AdrAcKReq: false
Ack: false
Fcnt: 1059
Port: 85
Modulation: LORA
Bandwidth: 125
SpreadFactor: 7
Bitrate: 0
CodeRate: 4/5
SNR: 13.5
RSSI: -54
Power: -
Payload(b64): A2cUAQRogAUAAQbLAAd9FAII5g8ACXMmJwp9AgALfQoADH0KAA==
Payload(hex): 0367140104688005000106cb00077d140208e60f00097326270a7d02000b7d0a000c7d0a00
JSON: {""co2"":532,""hcho"":0.02,""humidity"":64,""light_level"":0,""pir"":1,""pm10"":10,""pm2_5"":10,""pressure"":1002.2,""temperature"":27.6,""tvoc"":15}
MIC: fa228b63"
24E124710E317752,24E124FFFEFAB29D,472900000,SF7BW125, -52/11.8,37,1058,UpUnc,2026-07-15T08:24:23+08:00,"Dev Addr/Multicast Addr: 06f5800d
GwEUI: 24E124FFFEFAB29D
AppEUI: 24E124C0002A0001
Device EUI/Group Name: 24E124710E317752
Class Type: Class C
Immediately: -
Timestamp: 3184582188
Type: UpUnc
Adr: true
AdrAcKReq: false
Ack: false
Fcnt: 1058
Port: 85
Modulation: LORA
Bandwidth: 125
SpreadFactor: 7
Bitrate: 0
CodeRate: 4/5
SNR: 11.8
RSSI: -52
Power: -
Payload(b64): A2cUAQRogAUAAQbLAAd9EwII5g8ACXMmJwp9AgALfQoADH0KAA==
Payload(hex): 0367140104688005000106cb00077d130208e60f00097326270a7d02000b7d0a000c7d0a00
JSON: {""co2"":531,""hcho"":0.02,""humidity"":64,""light_level"":0,""pir"":1,""pm10"":10,""pm2_5"":10,""pressure"":1002.2,""temperature"":27.6,""tvoc"":15}
MIC: 3ed0ce40"
24E124710E317752,24E124FFFEFAB29D,473300000,SF7BW125, -53/13.8,37,1057,UpUnc,2026-07-15T08:23:23+08:00,"Dev Addr/Multicast Addr: 06f5800d
GwEUI: 24E124FFFEFAB29D
AppEUI: 24E124C0002A0001
Device EUI/Group Name: 24E124710E317752
Class Type: Class C
Immediately: -
Timestamp: 3124577193
Type: UpUnc
Adr: true
AdrAcKReq: false
Ack: false
Fcnt: 1057
Port: 85
Modulation: LORA
Bandwidth: 125
SpreadFactor: 7
Bitrate: 0
CodeRate: 4/5
SNR: 13.8
RSSI: -53
Power: -
Payload(b64): A2cVAQRogAUAAQbLAAd9FQII5g8ACXMlJwp9AgALfQoADH0KAA==
Payload(hex): 0367150104688005000106cb00077d150208e60f00097325270a7d02000b7d0a000c7d0a00
JSON: {""co2"":533,""hcho"":0.02,""humidity"":64,""light_level"":0,""pir"":1,""pm10"":10,""pm2_5"":10,""pressure"":1002.1,""temperature"":27.7,""tvoc"":15}
MIC: b6914fb0"
24E124710E317752,24E124FFFEFAB29D,472100000,SF7BW125, -55/14.0,37,1056,UpUnc,2026-07-15T08:22:23+08:00,"Dev Addr/Multicast Addr: 06f5800d
GwEUI: 24E124FFFEFAB29D
AppEUI: 24E124C0002A0001
Device EUI/Group Name: 24E124710E317752
Class Type: Class C
Immediately: -
Timestamp: 3064583044
Type: UpUnc
Adr: true
AdrAcKReq: false
Ack: false
Fcnt: 1056
Port: 85
Modulation: LORA
Bandwidth: 125
SpreadFactor: 7
Bitrate: 0
CodeRate: 4/5
SNR: 14.0
RSSI: -55
Power: -
Payload(b64): A2cVAQRogAUAAQbLAAd9EwII5g8ACXMmJwp9AgALfQoADH0KAA==
Payload(hex): 0367150104688005000106cb00077d130208e60f00097326270a7d02000b7d0a000c7d0a00
JSON: {""co2"":531,""hcho"":0.02,""humidity"":64,""light_level"":0,""pir"":1,""pm10"":10,""pm2_5"":10,""pressure"":1002.2,""temperature"":27.7,""tvoc"":15}
MIC: d576af46"
24E124710E317752,24E124FFFEFAB29D,472500000,SF7BW125, -54/13.5,37,1055,UpUnc,2026-07-15T08:21:23+08:00,"Dev Addr/Multicast Addr: 06f5800d
GwEUI: 24E124FFFEFAB29D
AppEUI: 24E124C0002A0001
Device EUI/Group Name: 24E124710E317752
Class Type: Class C
Immediately: -
Timestamp: 3004581925
Type: UpUnc
Adr: true
AdrAcKReq: false
Ack: false
Fcnt: 1055
Port: 85
Modulation: LORA
Bandwidth: 125
SpreadFactor: 7
Bitrate: 0
CodeRate: 4/5
SNR: 13.5
RSSI: -54
Power: -
Payload(b64): A2cVAQRogAUAAQbLAAd9GAII5g8ACXMlJwp9AQALfQoADH0KAA==
Payload(hex): 0367150104688005000106cb00077d180208e60f00097325270a7d01000b7d0a000c7d0a00
JSON: {""co2"":536,""hcho"":0.01,""humidity"":64,""light_level"":0,""pir"":1,""pm10"":10,""pm2_5"":10,""pressure"":1002.1,""temperature"":27.7,""tvoc"":15}
MIC: bac2f5d3"
24E124710E317752,24E124FFFEFAB29D,472900000,SF7BW125, -52/11.5,37,1054,UpUnc,2026-07-15T08:20:23+08:00,"Dev Addr/Multicast Addr: 06f5800d
GwEUI: 24E124FFFEFAB29D
AppEUI: 24E124C0002A0001
Device EUI/Group Name: 24E124710E317752
Class Type: Class C
Immediately: -
Timestamp: 2944581915
Type: UpUnc
Adr: true
AdrAcKReq: false
Ack: false
Fcnt: 1054
Port: 85
Modulation: LORA
Bandwidth: 125
SpreadFactor: 7
Bitrate: 0
CodeRate: 4/5
SNR: 11.5
RSSI: -52
Power: -
Payload(b64): A2cVAQRogAUAAQbLAAd9GQII5g8ACXMlJwp9AgALfQoADH0KAA==
Payload(hex): 0367150104688005000106cb00077d190208e60f00097325270a7d02000b7d0a000c7d0a00
JSON: {""co2"":537,""hcho"":0.02,""humidity"":64,""light_level"":0,""pir"":1,""pm10"":10,""pm2_5"":10,""pressure"":1002.1,""temperature"":27.7,""tvoc"":15}
MIC: 5fe0430a"
24E124710E317752,24E124FFFEFAB29D,473300000,SF7BW125, -52/14.0,37,1053,UpUnc,2026-07-15T08:19:23+08:00,"Dev Addr/Multicast Addr: 06f5800d
GwEUI: 24E124FFFEFAB29D
AppEUI: 24E124C0002A0001
Device EUI/Group Name: 24E124710E317752
Class Type: Class C
Immediately: -
Timestamp: 2884582988
Type: UpUnc
Adr: true
AdrAcKReq: false
Ack: false
Fcnt: 1053
Port: 85
Modulation: LORA
Bandwidth: 125
SpreadFactor: 7
Bitrate: 0
CodeRate: 4/5
SNR: 14.0
RSSI: -52
Power: -
Payload(b64): A2cVAQRofwUAAQbLAAd9GQII5g8ACXMlJwp9AgALfQ0ADH0NAA==
Payload(hex): 0367150104687f05000106cb00077d190208e60f00097325270a7d02000b7d0d000c7d0d00
JSON: {""co2"":537,""hcho"":0.02,""humidity"":63.5,""light_level"":0,""pir"":1,""pm10"":13,""pm2_5"":13,""pressure"":1002.1,""temperature"":27.7,""tvoc"":15}
MIC: 8b3e1bee"
24E124710E317752,24E124FFFEFAB29D,472100000,SF7BW125, -55/13.5,37,1052,UpUnc,2026-07-15T08:18:23+08:00,"Dev Addr/Multicast Addr: 06f5800d
GwEUI: 24E124FFFEFAB29D
AppEUI: 24E124C0002A0001
Device EUI/Group Name: 24E124710E317752
Class Type: Class C
Immediately: -
Timestamp: 2824579801
Type: UpUnc
Adr: true
AdrAcKReq: false
Ack: false
Fcnt: 1052
Port: 85
Modulation: LORA
Bandwidth: 125
SpreadFactor: 7
Bitrate: 0
CodeRate: 4/5
SNR: 13.5
RSSI: -55
Power: -
Payload(b64): A2cVAQRofwUAAQbLAAd9GQII5g8ACXMlJwp9AgALfQ0ADH0NAA==
Payload(hex): 0367150104687f05000106cb00077d190208e60f00097325270a7d02000b7d0d000c7d0d00
JSON: {""co2"":537,""hcho"":0.02,""humidity"":63.5,""light_level"":0,""pir"":1,""pm10"":13,""pm2_5"":13,""pressure"":1002.1,""temperature"":27.7,""tvoc"":15}
MIC: a1fc6594"
24E124710E317752,24E124FFFEFAB29D,472300000,SF7BW125, -54/11.5,37,1051,UpUnc,2026-07-15T08:17:23+08:00,"Dev Addr/Multicast Addr: 06f5800d
GwEUI: 24E124FFFEFAB29D
AppEUI: 24E124C0002A0001
Device EUI/Group Name: 24E124710E317752
Class Type: Class C
Immediately: -
Timestamp: 2764588883
Type: UpUnc
Adr: true
AdrAcKReq: false
Ack: false
Fcnt: 1051
Port: 85
Modulation: LORA
Bandwidth: 125
SpreadFactor: 7
Bitrate: 0
CodeRate: 4/5
SNR: 11.5
RSSI: -54
Power: -
Payload(b64): A2cVAQRofwUAAQbLAAd9GwII5g8ACXMlJwp9AgALfQ0ADH0NAA==
Payload(hex): 0367150104687f05000106cb00077d1b0208e60f00097325270a7d02000b7d0d000c7d0d00
JSON: {""co2"":539,""hcho"":0.02,""humidity"":63.5,""light_level"":0,""pir"":1,""pm10"":13,""pm2_5"":13,""pressure"":1002.1,""temperature"":27.7,""tvoc"":15}
MIC: 58d5836a"
24E124710E317752,24E124FFFEFAB29D,472900000,SF7BW125, -52/11.8,37,1050,UpUnc,2026-07-15T08:16:23+08:00,"Dev Addr/Multicast Addr: 06f5800d
GwEUI: 24E124FFFEFAB29D
AppEUI: 24E124C0002A0001
Device EUI/Group Name: 24E124710E317752
Class Type: Class C
Immediately: -
Timestamp: 2704581608
Type: UpUnc
Adr: true
AdrAcKReq: false
Ack: false
Fcnt: 1050
Port: 85
Modulation: LORA
Bandwidth: 125
SpreadFactor: 7
Bitrate: 0
CodeRate: 4/5
SNR: 11.8
RSSI: -52
Power: -
Payload(b64): A2cVAQRofwUAAQbLAAd9GwII5g8ACXMlJwp9AQALfQoADH0KAA==
Payload(hex): 0367150104687f05000106cb00077d1b0208e60f00097325270a7d01000b7d0a000c7d0a00
JSON: {""co2"":539,""hcho"":0.01,""humidity"":63.5,""light_level"":0,""pir"":1,""pm10"":10,""pm2_5"":10,""pressure"":1002.1,""temperature"":27.7,""tvoc"":15}
MIC: 7a8cd774"
24E124710E317752,24E124FFFEFAB29D,473300000,SF7BW125, -53/13.5,37,1049,UpUnc,2026-07-15T08:15:23+08:00,"Dev Addr/Multicast Addr: 06f5800d
GwEUI: 24E124FFFEFAB29D
AppEUI: 24E124C0002A0001
Device EUI/Group Name: 24E124710E317752
Class Type: Class C
Immediately: -
Timestamp: 2644585615
Type: UpUnc
Adr: true
AdrAcKReq: false
Ack: false
Fcnt: 1049
Port: 85
Modulation: LORA
Bandwidth: 125
SpreadFactor: 7
Bitrate: 0
CodeRate: 4/5
SNR: 13.5
RSSI: -53
Power: -
Payload(b64): A2cVAQRofwUAAQbLAAd9FgII5g8ACXMlJwp9AgALfQoADH0KAA==
Payload(hex): 0367150104687f05000106cb00077d160208e60f00097325270a7d02000b7d0a000c7d0a00
JSON: {""co2"":534,""hcho"":0.02,""humidity"":63.5,""light_level"":0,""pir"":1,""pm10"":10,""pm2_5"":10,""pressure"":1002.1,""temperature"":27.7,""tvoc"":15}
MIC: e59f5d7e"
24E124710E317752,24E124FFFEFAB29D,471900000,SF7BW125, -56/13.2,37,1048,UpUnc,2026-07-15T08:14:23+08:00,"Dev Addr/Multicast Addr: 06f5800d
GwEUI: 24E124FFFEFAB29D
AppEUI: 24E124C0002A0001
Device EUI/Group Name: 24E124710E317752
Class Type: Class C
Immediately: -
Timestamp: 2584581469
Type: UpUnc
Adr: true
AdrAcKReq: false
Ack: false
Fcnt: 1048
Port: 85
Modulation: LORA
Bandwidth: 125
SpreadFactor: 7
Bitrate: 0
CodeRate: 4/5
SNR: 13.2
RSSI: -56
Power: -
Payload(b64): A2cVAQRofwUAAQbLAAd9FwII5g8ACXMlJwp9AgALfQoADH0KAA==
Payload(hex): 0367150104687f05000106cb00077d170208e60f00097325270a7d02000b7d0a000c7d0a00
JSON: {""co2"":535,""hcho"":0.02,""humidity"":63.5,""light_level"":0,""pir"":1,""pm10"":10,""pm2_5"":10,""pressure"":1002.1,""temperature"":27.7,""tvoc"":15}
MIC: e2c93a87"
24E124710E317752,24E124FFFEFAB29D,472500000,SF7BW125, -54/13.8,37,1047,UpUnc,2026-07-15T08:13:23+08:00,"Dev Addr/Multicast Addr: 06f5800d
GwEUI: 24E124FFFEFAB29D
AppEUI: 24E124C0002A0001
Device EUI/Group Name: 24E124710E317752
Class Type: Class C
Immediately: -
Timestamp: 2524587481
Type: UpUnc
Adr: true
AdrAcKReq: false
Ack: false
Fcnt: 1047
Port: 85
Modulation: LORA
Bandwidth: 125
SpreadFactor: 7
Bitrate: 0
CodeRate: 4/5
SNR: 13.8
RSSI: -54
Power: -
Payload(b64): A2cUAQRofwUAAQbLAAd9FwII5g8ACXMkJwp9AgALfQoADH0KAA==
Payload(hex): 0367140104687f05000106cb00077d170208e60f00097324270a7d02000b7d0a000c7d0a00
JSON: {""co2"":535,""hcho"":0.02,""humidity"":63.5,""light_level"":0,""pir"":1,""pm10"":10,""pm2_5"":10,""pressure"":1002,""temperature"":27.6,""tvoc"":15}
MIC: e0e11b98"
24E124710E317752,24E124FFFEFAB29D,472900000,SF7BW125, -52/11.8,37,1046,UpUnc,2026-07-15T08:12:23+08:00,"Dev Addr/Multicast Addr: 06f5800d
GwEUI: 24E124FFFEFAB29D
AppEUI: 24E124C0002A0001
Device EUI/Group Name: 24E124710E317752
Class Type: Class C
Immediately: -
Timestamp: 2464586420
Type: UpUnc
Adr: true
AdrAcKReq: false
Ack: false
Fcnt: 1046
Port: 85
Modulation: LORA
Bandwidth: 125
SpreadFactor: 7
Bitrate: 0
CodeRate: 4/5
SNR: 11.8
RSSI: -52
Power: -
Payload(b64): A2cVAQRofwUAAQbLAAd9FwII5g8ACXMkJwp9AgALfQoADH0KAA==
Payload(hex): 0367150104687f05000106cb00077d170208e60f00097324270a7d02000b7d0a000c7d0a00
JSON: {""co2"":535,""hcho"":0.02,""humidity"":63.5,""light_level"":0,""pir"":1,""pm10"":10,""pm2_5"":10,""pressure"":1002,""temperature"":27.7,""tvoc"":15}
MIC: 5322e0f7"
24E124710E317752,24E124FFFEFAB29D,473100000,SF7BW125, -52/14.0,37,1045,UpUnc,2026-07-15T08:11:23+08:00,"Dev Addr/Multicast Addr: 06f5800d
GwEUI: 24E124FFFEFAB29D
AppEUI: 24E124C0002A0001
Device EUI/Group Name: 24E124710E317752
Class Type: Class C
Immediately: -
Timestamp: 2404583254
Type: UpUnc
Adr: true
AdrAcKReq: false
Ack: false
Fcnt: 1045
Port: 85
Modulation: LORA
Bandwidth: 125
SpreadFactor: 7
Bitrate: 0
CodeRate: 4/5
SNR: 14.0
RSSI: -52
Power: -
Payload(b64): A2cVAQRofwUAAQbLAAd9FwII5g8ACXMkJwp9AQALfQoADH0KAA==
Payload(hex): 0367150104687f05000106cb00077d170208e60f00097324270a7d01000b7d0a000c7d0a00
JSON: {""co2"":535,""hcho"":0.01,""humidity"":63.5,""light_level"":0,""pir"":1,""pm10"":10,""pm2_5"":10,""pressure"":1002,""temperature"":27.7,""tvoc"":15}
MIC: 9b51dffc"
24E124710E317752,24E124FFFEFAB29D,472100000,SF7BW125, -55/13.5,37,1044,UpUnc,2026-07-15T08:10:23+08:00,"Dev Addr/Multicast Addr: 06f5800d
GwEUI: 24E124FFFEFAB29D
AppEUI: 24E124C0002A0001
Device EUI/Group Name: 24E124710E317752
Class Type: Class C
Immediately: -
Timestamp: 2344583171
Type: UpUnc
Adr: true
AdrAcKReq: false
Ack: false
Fcnt: 1044
Port: 85
Modulation: LORA
Bandwidth: 125
SpreadFactor: 7
Bitrate: 0
CodeRate: 4/5
SNR: 13.5
RSSI: -55
Power: -
Payload(b64): A2cUAQRofwUAAQbLAAd9FgII5g8ACXMkJwp9AgALfQoADH0KAA==
Payload(hex): 0367140104687f05000106cb00077d160208e60f00097324270a7d02000b7d0a000c7d0a00
JSON: {""co2"":534,""hcho"":0.02,""humidity"":63.5,""light_level"":0,""pir"":1,""pm10"":10,""pm2_5"":10,""pressure"":1002,""temperature"":27.6,""tvoc"":15}
MIC: bab674d6"
24E124710E317752,24E124FFFEFAB29D,472300000,SF7BW125, -54/11.8,37,1043,UpUnc,2026-07-15T08:09:23+08:00,"Dev Addr/Multicast Addr: 06f5800d
GwEUI: 24E124FFFEFAB29D
AppEUI: 24E124C0002A0001
Device EUI/Group Name: 24E124710E317752
Class Type: Class C
Immediately: -
Timestamp: 2284581148
Type: UpUnc
Adr: true
AdrAcKReq: false
Ack: false
Fcnt: 1043
Port: 85
Modulation: LORA
Bandwidth: 125
SpreadFactor: 7
Bitrate: 0
CodeRate: 4/5
SNR: 11.8
RSSI: -54
Power: -
Payload(b64): A2cVAQRofwUAAQbLAAd9FwII5g8ACXMkJwp9AgALfQoADH0KAA==
Payload(hex): 0367150104687f05000106cb00077d170208e60f00097324270a7d02000b7d0a000c7d0a00
JSON: {""co2"":535,""hcho"":0.02,""humidity"":63.5,""light_level"":0,""pir"":1,""pm10"":10,""pm2_5"":10,""pressure"":1002,""temperature"":27.7,""tvoc"":15}
MIC: ee87efec"
24E124710E317752,24E124FFFEFAB29D,472900000,SF7BW125, -52/9.0,37,1042,UpUnc,2026-07-15T08:08:23+08:00,"Dev Addr/Multicast Addr: 06f5800d
GwEUI: 24E124FFFEFAB29D
AppEUI: 24E124C0002A0001
Device EUI/Group Name: 24E124710E317752
Class Type: Class C
Immediately: -
Timestamp: 2224583199
Type: UpUnc
Adr: true
AdrAcKReq: false
Ack: false
Fcnt: 1042
Port: 85
Modulation: LORA
Bandwidth: 125
SpreadFactor: 7
Bitrate: 0
CodeRate: 4/5
SNR: 9.0
RSSI: -52
Power: -
Payload(b64): A2cVAQRofwUAAQbLAAd9FwII5g8ACXMkJwp9AgALfQoADH0KAA==
Payload(hex): 0367150104687f05000106cb00077d170208e60f00097324270a7d02000b7d0a000c7d0a00
JSON: {""co2"":535,""hcho"":0.02,""humidity"":63.5,""light_level"":0,""pir"":1,""pm10"":10,""pm2_5"":10,""pressure"":1002,""temperature"":27.7,""tvoc"":15}
MIC: c7a09d94"
24E124710E317752,24E124FFFEFAB29D,473100000,SF7BW125, -51/13.8,37,1041,UpUnc,2026-07-15T08:07:23+08:00,"Dev Addr/Multicast Addr: 06f5800d
GwEUI: 24E124FFFEFAB29D
AppEUI: 24E124C0002A0001
Device EUI/Group Name: 24E124710E317752
Class Type: Class C
Immediately: -
Timestamp: 2164585268
Type: UpUnc
Adr: true
AdrAcKReq: false
Ack: false
Fcnt: 1041
Port: 85
Modulation: LORA
Bandwidth: 125
SpreadFactor: 7
Bitrate: 0
CodeRate: 4/5
SNR: 13.8
RSSI: -51
Power: -
Payload(b64): A2cUAQRofwUAAQbLAAd9FQII5g8ACXMkJwp9AgALfQsADH0LAA==
Payload(hex): 0367140104687f05000106cb00077d150208e60f00097324270a7d02000b7d0b000c7d0b00
JSON: {""co2"":533,""hcho"":0.02,""humidity"":63.5,""light_level"":0,""pir"":1,""pm10"":11,""pm2_5"":11,""pressure"":1002,""temperature"":27.6,""tvoc"":15}
MIC: 85acc3d0"
24E124710E317752,24E124FFFEFAB29D,472100000,SF7BW125, -54/13.2,37,1040,UpUnc,2026-07-15T08:06:23+08:00,"Dev Addr/Multicast Addr: 06f5800d
GwEUI: 24E124FFFEFAB29D
AppEUI: 24E124C0002A0001
Device EUI/Group Name: 24E124710E317752
Class Type: Class C
Immediately: -
Timestamp: 2104590179
Type: UpUnc
Adr: true
AdrAcKReq: false
Ack: false
Fcnt: 1040
Port: 85
Modulation: LORA
Bandwidth: 125
SpreadFactor: 7
Bitrate: 0
CodeRate: 4/5
SNR: 13.2
RSSI: -54
Power: -
Payload(b64): A2cVAQRofwUAAQbLAAd9FQII5g8ACXMkJwp9AQALfQsADH0LAA==
Payload(hex): 0367150104687f05000106cb00077d150208e60f00097324270a7d01000b7d0b000c7d0b00
JSON: {""co2"":533,""hcho"":0.01,""humidity"":63.5,""light_level"":0,""pir"":1,""pm10"":11,""pm2_5"":11,""pressure"":1002,""temperature"":27.7,""tvoc"":15}
MIC: 40313d12"
24E124710E317752,24E124FFFEFAB29D,472500000,SF7BW125, -54/13.8,37,1039,UpUnc,2026-07-15T08:05:23+08:00,"Dev Addr/Multicast Addr: 06f5800d
GwEUI: 24E124FFFEFAB29D
AppEUI: 24E124C0002A0001
Device EUI/Group Name: 24E124710E317752
Class Type: Class C
Immediately: -
Timestamp: 2044582794
Type: UpUnc
Adr: true
AdrAcKReq: false
Ack: false
Fcnt: 1039
Port: 85
Modulation: LORA
Bandwidth: 125
SpreadFactor: 7
Bitrate: 0
CodeRate: 4/5
SNR: 13.8
RSSI: -54
Power: -
Payload(b64): A2cVAQRofwUAAQbLAAd9FQII5g8ACXMkJwp9AgALfQsADH0LAA==
Payload(hex): 0367150104687f05000106cb00077d150208e60f00097324270a7d02000b7d0b000c7d0b00
JSON: {""co2"":533,""hcho"":0.02,""humidity"":63.5,""light_level"":0,""pir"":1,""pm10"":11,""pm2_5"":11,""pressure"":1002,""temperature"":27.7,""tvoc"":15}
MIC: e213112d"
24E124710E317752,24E124FFFEFAB29D,472900000,SF7BW125, -51/9.0,37,1038,UpUnc,2026-07-15T08:04:23+08:00,"Dev Addr/Multicast Addr: 06f5800d
GwEUI: 24E124FFFEFAB29D
AppEUI: 24E124C0002A0001
Device EUI/Group Name: 24E124710E317752
Class Type: Class C
Immediately: -
Timestamp: 1984587773
Type: UpUnc
Adr: true
AdrAcKReq: false
Ack: false
Fcnt: 1038
Port: 85
Modulation: LORA
Bandwidth: 125
SpreadFactor: 7
Bitrate: 0
CodeRate: 4/5
SNR: 9.0
RSSI: -51
Power: -
Payload(b64): A2cVAQRofwUAAQbLAAd9FwII5g8ACXMkJwp9AQALfQkADH0JAA==
Payload(hex): 0367150104687f05000106cb00077d170208e60f00097324270a7d01000b7d09000c7d0900
JSON: {""co2"":535,""hcho"":0.01,""humidity"":63.5,""light_level"":0,""pir"":1,""pm10"":9,""pm2_5"":9,""pressure"":1002,""temperature"":27.7,""tvoc"":15}
MIC: dd40a97f"
24E124710E317752,24E124FFFEFAB29D,473100000,SF7BW125, -51/14.0,37,1037,UpUnc,2026-07-15T08:03:23+08:00,"Dev Addr/Multicast Addr: 06f5800d
GwEUI: 24E124FFFEFAB29D
AppEUI: 24E124C0002A0001
Device EUI/Group Name: 24E124710E317752
Class Type: Class C
Immediately: -
Timestamp: 1924586689
Type: UpUnc
Adr: true
AdrAcKReq: false
Ack: false
Fcnt: 1037
Port: 85
Modulation: LORA
Bandwidth: 125
SpreadFactor: 7
Bitrate: 0
CodeRate: 4/5
SNR: 14.0
RSSI: -51
Power: -
Payload(b64): A2cVAQRofwUAAQbLAAd9FwII5g8ACXMkJwp9AgALfQkADH0JAA==
Payload(hex): 0367150104687f05000106cb00077d170208e60f00097324270a7d02000b7d09000c7d0900
JSON: {""co2"":535,""hcho"":0.02,""humidity"":63.5,""light_level"":0,""pir"":1,""pm10"":9,""pm2_5"":9,""pressure"":1002,""temperature"":27.7,""tvoc"":15}
MIC: bac1b00f"
24E124710E317752,24E124FFFEFAB29D,471900000,SF7BW125, -55/13.5,37,1036,UpUnc,2026-07-15T08:02:23+08:00,"Dev Addr/Multicast Addr: 06f5800d
GwEUI: 24E124FFFEFAB29D
AppEUI: 24E124C0002A0001
Device EUI/Group Name: 24E124710E317752
Class Type: Class C
Immediately: -
Timestamp: 1864587631
Type: UpUnc
Adr: true
AdrAcKReq: false
Ack: false
Fcnt: 1036
Port: 85
Modulation: LORA
Bandwidth: 125
SpreadFactor: 7
Bitrate: 0
CodeRate: 4/5
SNR: 13.5
RSSI: -55
Power: -
Payload(b64): A2cUAQRofwUAAQbLAAd9FwII5g8ACXMkJwp9AgALfQkADH0JAA==
Payload(hex): 0367140104687f05000106cb00077d170208e60f00097324270a7d02000b7d09000c7d0900
JSON: {""co2"":535,""hcho"":0.02,""humidity"":63.5,""light_level"":0,""pir"":1,""pm10"":9,""pm2_5"":9,""pressure"":1002,""temperature"":27.6,""tvoc"":15}
MIC: 85735d39"
24E124710E317752,24E124FFFEFAB29D,472300000,SF7BW125, -53/11.8,37,1035,UpUnc,2026-07-15T08:01:23+08:00,"Dev Addr/Multicast Addr: 06f5800d
GwEUI: 24E124FFFEFAB29D
AppEUI: 24E124C0002A0001
Device EUI/Group Name: 24E124710E317752
Class Type: Class C
Immediately: -
Timestamp: 1804586577
Type: UpUnc
Adr: true
AdrAcKReq: false
Ack: false
Fcnt: 1035
Port: 85
Modulation: LORA
Bandwidth: 125
SpreadFactor: 7
Bitrate: 0
CodeRate: 4/5
SNR: 11.8
RSSI: -53
Power: -
Payload(b64): A2cUAQRofwUAAQbLAAd9FwII5g8ACXMkJwp9AQALfQoADH0KAA==
Payload(hex): 0367140104687f05000106cb00077d170208e60f00097324270a7d01000b7d0a000c7d0a00
JSON: {""co2"":535,""hcho"":0.01,""humidity"":63.5,""light_level"":0,""pir"":1,""pm10"":10,""pm2_5"":10,""pressure"":1002,""temperature"":27.6,""tvoc"":15}
MIC: 9fe3c002"
24E124710E317752,24E124FFFEFAB29D,503300000,SF7BW125, -/-,0,35,DnUnc,2026-07-15T08:00:25+08:00,"Dev Addr/Multicast Addr: 06f5800d
GwEUI: 24E124FFFEFAB29D
AppEUI: 24E124C0002A0001
Device EUI/Group Name: 24E124710E317752
Class Type: Class C
Immediately: false
Timestamp: 1747256530
Type: DnUnc
Adr: true
AdrAcKReq: false
Ack: false
Fcnt: 35
Port: -
Modulation: LORA
Bandwidth: 125
SpreadFactor: 7
Bitrate: 0
CodeRate: 4/5
SNR: -
RSSI: -
Power: 20
Payload(b64): 
Payload(hex): 
JSON: 
MIC: 6b400057"
24E124710E317752,24E124FFFEFAB29D,473300000,SF7BW125, -52/13.8,0,1034,UpUnc,2026-07-15T08:00:25+08:00,"Dev Addr/Multicast Addr: 06f5800d
GwEUI: 24E124FFFEFAB29D
AppEUI: 24E124C0002A0001
Device EUI/Group Name: 24E124710E317752
Class Type: Class C
Immediately: -
Timestamp: 1746256530
Type: UpUnc
Adr: true
AdrAcKReq: false
Ack: false
Fcnt: 1034
Port: 0
Modulation: LORA
Bandwidth: 125
SpreadFactor: 7
Bitrate: 0
CodeRate: 4/5
SNR: 13.8
RSSI: -52
Power: -
Payload(b64): 
Payload(hex): 
JSON: 
MIC: 871e0202"
24E124710E317752,24E124FFFEFAB29D,502100000,SF7BW125, -/-,0,34,DnUnc,2026-07-15T08:00:24+08:00,"Dev Addr/Multicast Addr: 06f5800d
GwEUI: 24E124FFFEFAB29D
AppEUI: 24E124C0002A0001
Device EUI/Group Name: 24E124710E317752
Class Type: Class C
Immediately: false
Timestamp: 1745588490
Type: DnUnc
Adr: true
AdrAcKReq: false
Ack: false
Fcnt: 34
Port: -
Modulation: LORA
Bandwidth: 125
SpreadFactor: 7
Bitrate: 0
CodeRate: 4/5
SNR: -
RSSI: -
Power: 20
Payload(b64): 
Payload(hex): 
JSON: 
MIC: d0b551b8"
24E124710E317752,24E124FFFEFAB29D,472100000,SF7BW125, -54/13.8,37,1033,UpUnc,2026-07-15T08:00:24+08:00,"Dev Addr/Multicast Addr: 06f5800d
GwEUI: 24E124FFFEFAB29D
AppEUI: 24E124C0002A0001
Device EUI/Group Name: 24E124710E317752
Class Type: Class C
Immediately: -
Timestamp: 1744588490
Type: UpUnc
Adr: true
AdrAcKReq: true
Ack: false
Fcnt: 1033
Port: 85
Modulation: LORA
Bandwidth: 125
SpreadFactor: 7
Bitrate: 0
CodeRate: 4/5
SNR: 13.8
RSSI: -54
Power: -
Payload(b64): A2cVAQRofwUAAQbLAAd9FQII5g8ACXMjJwp9AgALfQoADH0KAA==
Payload(hex): 0367150104687f05000106cb00077d150208e60f00097323270a7d02000b7d0a000c7d0a00
JSON: {""co2"":533,""hcho"":0.02,""humidity"":63.5,""light_level"":0,""pir"":1,""pm10"":10,""pm2_5"":10,""pressure"":1001.9,""temperature"":27.7,""tvoc"":15}
MIC: 59885c46"
24E124710E317752,24E124FFFEFAB29D,472700000,SF7BW125, -53/13.8,37,1032,UpUnc,2026-07-15T07:59:24+08:00,"Dev Addr/Multicast Addr: 06f5800d
GwEUI: 24E124FFFEFAB29D
AppEUI: 24E124C0002A0001
Device EUI/Group Name: 24E124710E317752
Class Type: Class C
Immediately: -
Timestamp: 1684581422
Type: UpUnc
Adr: true
AdrAcKReq: false
Ack: false
Fcnt: 1032
Port: 85
Modulation: LORA
Bandwidth: 125
SpreadFactor: 7
Bitrate: 0
CodeRate: 4/5
SNR: 13.8
RSSI: -53
Power: -
Payload(b64): A2cVAQRofwUAAQbLAAd9FAII5g8ACXMjJwp9AQALfQoADH0KAA==
Payload(hex): 0367150104687f05000106cb00077d140208e60f00097323270a7d01000b7d0a000c7d0a00
JSON: {""co2"":532,""hcho"":0.01,""humidity"":63.5,""light_level"":0,""pir"":1,""pm10"":10,""pm2_5"":10,""pressure"":1001.9,""temperature"":27.7,""tvoc"":15}
MIC: ed4f0db0"
24E124710E317752,24E124FFFEFAB29D,473100000,SF7BW125, -51/14.2,37,1031,UpUnc,2026-07-15T07:58:24+08:00,"Dev Addr/Multicast Addr: 06f5800d
GwEUI: 24E124FFFEFAB29D
AppEUI: 24E124C0002A0001
Device EUI/Group Name: 24E124710E317752
Class Type: Class C
Immediately: -
Timestamp: 1624585618
Type: UpUnc
Adr: true
AdrAcKReq: false
Ack: false
Fcnt: 1031
Port: 85
Modulation: LORA
Bandwidth: 125
SpreadFactor: 7
Bitrate: 0
CodeRate: 4/5
SNR: 14.2
RSSI: -51
Power: -
Payload(b64): A2cUAQRofwUAAQbLAAd9EwII5g8ACXMkJwp9AgALfQoADH0LAA==
Payload(hex): 0367140104687f05000106cb00077d130208e60f00097324270a7d02000b7d0a000c7d0b00
JSON: {""co2"":531,""hcho"":0.02,""humidity"":63.5,""light_level"":0,""pir"":1,""pm10"":11,""pm2_5"":10,""pressure"":1002,""temperature"":27.6,""tvoc"":15}
MIC: c7d54ade"
24E124710E317752,24E124FFFEFAB29D,471900000,SF7BW125, -55/13.5,37,1030,UpUnc,2026-07-15T07:57:24+08:00,"Dev Addr/Multicast Addr: 06f5800d
GwEUI: 24E124FFFEFAB29D
AppEUI: 24E124C0002A0001
Device EUI/Group Name: 24E124710E317752
Class Type: Class C
Immediately: -
Timestamp: 1564586552
Type: UpUnc
Adr: true
AdrAcKReq: false
Ack: false
Fcnt: 1030
Port: 85
Modulation: LORA
Bandwidth: 125
SpreadFactor: 7
Bitrate: 0
CodeRate: 4/5
SNR: 13.5
RSSI: -55
Power: -
Payload(b64): A2cVAQRofwUAAQbLAAd9FAII5g8ACXMjJwp9AgALfQoADH0LAA==
Payload(hex): 0367150104687f05000106cb00077d140208e60f00097323270a7d02000b7d0a000c7d0b00
JSON: {""co2"":532,""hcho"":0.02,""humidity"":63.5,""light_level"":0,""pir"":1,""pm10"":11,""pm2_5"":10,""pressure"":1001.9,""temperature"":27.7,""tvoc"":15}
MIC: b94904e8"
24E124710E317752,24E124FFFEFAB29D,472100000,SF7BW125, -54/13.5,37,1029,UpUnc,2026-07-15T07:56:24+08:00,"Dev Addr/Multicast Addr: 06f5800d
GwEUI: 24E124FFFEFAB29D
AppEUI: 24E124C0002A0001
Device EUI/Group Name: 24E124710E317752
Class Type: Class C
Immediately: -
Timestamp: 1504587184
Type: UpUnc
Adr: true
AdrAcKReq: false
Ack: false
Fcnt: 1029
Port: 85
Modulation: LORA
Bandwidth: 125
SpreadFactor: 7
Bitrate: 0
CodeRate: 4/5
SNR: 13.5
RSSI: -54
Power: -
Payload(b64): A2cUAQRofwUAAQbLAAd9FgII5g8ACXMjJwp9AQALfQoADH0LAA==
Payload(hex): 0367140104687f05000106cb00077d160208e60f00097323270a7d01000b7d0a000c7d0b00
JSON: {""co2"":534,""hcho"":0.01,""humidity"":63.5,""light_level"":0,""pir"":1,""pm10"":11,""pm2_5"":10,""pressure"":1001.9,""temperature"":27.6,""tvoc"":15}
MIC: 9306c856"
24E124710E317752,24E124FFFEFAB29D,472500000,SF7BW125, -54/13.8,37,1028,UpUnc,2026-07-15T07:55:24+08:00,"Dev Addr/Multicast Addr: 06f5800d
GwEUI: 24E124FFFEFAB29D
AppEUI: 24E124C0002A0001
Device EUI/Group Name: 24E124710E317752
Class Type: Class C
Immediately: -
Timestamp: 1444583096
Type: UpUnc
Adr: true
AdrAcKReq: false
Ack: false
Fcnt: 1028
Port: 85
Modulation: LORA
Bandwidth: 125
SpreadFactor: 7
Bitrate: 0
CodeRate: 4/5
SNR: 13.8
RSSI: -54
Power: -
Payload(b64): A2cUAQRofwUAAQbLAAd9FgII5g8ACXMjJwp9AgALfQoADH0LAA==
Payload(hex): 0367140104687f05000106cb00077d160208e60f00097323270a7d02000b7d0a000c7d0b00
JSON: {""co2"":534,""hcho"":0.02,""humidity"":63.5,""light_level"":0,""pir"":1,""pm10"":11,""pm2_5"":10,""pressure"":1001.9,""temperature"":27.6,""tvoc"":15}
MIC: 8e506e7f"
24E124710E317752,24E124FFFEFAB29D,473100000,SF7BW125, -51/14.0,37,1027,UpUnc,2026-07-15T07:54:24+08:00,"Dev Addr/Multicast Addr: 06f5800d
GwEUI: 24E124FFFEFAB29D
AppEUI: 24E124C0002A0001
Device EUI/Group Name: 24E124710E317752
Class Type: Class C
Immediately: -
Timestamp: 1384588047
Type: UpUnc
Adr: true
AdrAcKReq: false
Ack: false
Fcnt: 1027
Port: 85
Modulation: LORA
Bandwidth: 125
SpreadFactor: 7
Bitrate: 0
CodeRate: 4/5
SNR: 14.0
RSSI: -51
Power: -
Payload(b64): A2cVAQRofwUAAQbLAAd9FgII5g8ACXMjJwp9AQALfQoADH0LAA==
Payload(hex): 0367150104687f05000106cb00077d160208e60f00097323270a7d01000b7d0a000c7d0b00
JSON: {""co2"":534,""hcho"":0.01,""humidity"":63.5,""light_level"":0,""pir"":1,""pm10"":11,""pm2_5"":10,""pressure"":1001.9,""temperature"":27.7,""tvoc"":15}
MIC: c79caa50"
24E124710E317752,24E124FFFEFAB29D,473300000,SF7BW125, -52/13.2,37,1026,UpUnc,2026-07-15T07:53:24+08:00,"Dev Addr/Multicast Addr: 06f5800d
GwEUI: 24E124FFFEFAB29D
AppEUI: 24E124C0002A0001
Device EUI/Group Name: 24E124710E317752
Class Type: Class C
Immediately: -
Timestamp: 1324583968
Type: UpUnc
Adr: true
AdrAcKReq: false
Ack: false
Fcnt: 1026
Port: 85
Modulation: LORA
Bandwidth: 125
SpreadFactor: 7
Bitrate: 0
CodeRate: 4/5
SNR: 13.2
RSSI: -52
Power: -
Payload(b64): A2cUAQRofwUAAQbLAAd9GAII5g8ACXMjJwp9AgALfQoADH0LAA==
Payload(hex): 0367140104687f05000106cb00077d180208e60f00097323270a7d02000b7d0a000c7d0b00
JSON: {""co2"":536,""hcho"":0.02,""humidity"":63.5,""light_level"":0,""pir"":1,""pm10"":11,""pm2_5"":10,""pressure"":1001.9,""temperature"":27.6,""tvoc"":15}
MIC: 56aefba7"
24E124710E317752,24E124FFFEFAB29D,472300000,SF7BW125, -53/11.8,37,1025,UpUnc,2026-07-15T07:52:24+08:00,"Dev Addr/Multicast Addr: 06f5800d
GwEUI: 24E124FFFEFAB29D
AppEUI: 24E124C0002A0001
Device EUI/Group Name: 24E124710E317752
Class Type: Class C
Immediately: -
Timestamp: 1264589911
Type: UpUnc
Adr: true
AdrAcKReq: false
Ack: false
Fcnt: 1025
Port: 85
Modulation: LORA
Bandwidth: 125
SpreadFactor: 7
Bitrate: 0
CodeRate: 4/5
SNR: 11.8
RSSI: -53
Power: -
Payload(b64): A2cUAQRofwUAAQbLAAd9FQII5g8ACXMjJwp9AgALfQwADH0MAA==
Payload(hex): 0367140104687f05000106cb00077d150208e60f00097323270a7d02000b7d0c000c7d0c00
JSON: {""co2"":533,""hcho"":0.02,""humidity"":63.5,""light_level"":0,""pir"":1,""pm10"":12,""pm2_5"":12,""pressure"":1001.9,""temperature"":27.6,""tvoc"":15}
MIC: 18120b53"
24E124710E317752,24E124FFFEFAB29D,472500000,SF7BW125, -54/13.8,37,1024,UpUnc,2026-07-15T07:51:24+08:00,"Dev Addr/Multicast Addr: 06f5800d
GwEUI: 24E124FFFEFAB29D
AppEUI: 24E124C0002A0001
Device EUI/Group Name: 24E124710E317752
Class Type: Class C
Immediately: -
Timestamp: 1204583805
Type: UpUnc
Adr: true
AdrAcKReq: false
Ack: false
Fcnt: 1024
Port: 85
Modulation: LORA
Bandwidth: 125
SpreadFactor: 7
Bitrate: 0
CodeRate: 4/5
SNR: 13.8
RSSI: -54
Power: -
Payload(b64): A2cVAQRofwUAAQbLAAd9EwII5g8ACXMjJwp9AQALfQwADH0MAA==
Payload(hex): 0367150104687f05000106cb00077d130208e60f00097323270a7d01000b7d0c000c7d0c00
JSON: {""co2"":531,""hcho"":0.01,""humidity"":63.5,""light_level"":0,""pir"":1,""pm10"":12,""pm2_5"":12,""pressure"":1001.9,""temperature"":27.7,""tvoc"":15}
MIC: b9319beb"
24E124710E317752,24E124FFFEFAB29D,472900000,SF7BW125, -51/9.5,37,1023,UpUnc,2026-07-15T07:50:24+08:00,"Dev Addr/Multicast Addr: 06f5800d
GwEUI: 24E124FFFEFAB29D
AppEUI: 24E124C0002A0001
Device EUI/Group Name: 24E124710E317752
Class Type: Class C
Immediately: -
Timestamp: 1144588883
Type: UpUnc
Adr: true
AdrAcKReq: false
Ack: false
Fcnt: 1023
Port: 85
Modulation: LORA
Bandwidth: 125
SpreadFactor: 7
Bitrate: 0
CodeRate: 4/5
SNR: 9.5
RSSI: -51
Power: -
Payload(b64): A2cVAQRofwUAAQbLAAd9FQII5g8ACXMiJwp9AgALfQwADH0MAA==
Payload(hex): 0367150104687f05000106cb00077d150208e60f00097322270a7d02000b7d0c000c7d0c00
JSON: {""co2"":533,""hcho"":0.02,""humidity"":63.5,""light_level"":0,""pir"":1,""pm10"":12,""pm2_5"":12,""pressure"":1001.8,""temperature"":27.7,""tvoc"":15}
MIC: 43360100"
24E124710E317752,24E124FFFEFAB29D,471900000,SF7BW125, -55/14.0,37,1022,UpUnc,2026-07-15T07:49:24+08:00,"Dev Addr/Multicast Addr: 06f5800d
GwEUI: 24E124FFFEFAB29D
AppEUI: 24E124C0002A0001
Device EUI/Group Name: 24E124710E317752
Class Type: Class C
Immediately: -
Timestamp: 1084582691
Type: UpUnc
Adr: true
AdrAcKReq: false
Ack: false
Fcnt: 1022
Port: 85
Modulation: LORA
Bandwidth: 125
SpreadFactor: 7
Bitrate: 0
CodeRate: 4/5
SNR: 14.0
RSSI: -55
Power: -
Payload(b64): A2cUAQRofwUAAQbLAAd9GQII5g8ACXMiJwp9AQALfQsADH0LAA==
Payload(hex): 0367140104687f05000106cb00077d190208e60f00097322270a7d01000b7d0b000c7d0b00
JSON: {""co2"":537,""hcho"":0.01,""humidity"":63.5,""light_level"":0,""pir"":1,""pm10"":11,""pm2_5"":11,""pressure"":1001.8,""temperature"":27.6,""tvoc"":15}
MIC: 3195d46e"
24E124710E317752,24E124FFFEFAB29D,472100000,SF7BW125, -54/14.0,37,1021,UpUnc,2026-07-15T07:48:24+08:00,"Dev Addr/Multicast Addr: 06f5800d
GwEUI: 24E124FFFEFAB29D
AppEUI: 24E124C0002A0001
Device EUI/Group Name: 24E124710E317752
Class Type: Class C
Immediately: -
Timestamp: 1024588613
Type: UpUnc
Adr: true
AdrAcKReq: false
Ack: false
Fcnt: 1021
Port: 85
Modulation: LORA
Bandwidth: 125
SpreadFactor: 7
Bitrate: 0
CodeRate: 4/5
SNR: 14.0
RSSI: -54
Power: -
Payload(b64): A2cUAQRofwUAAQbLAAd9FgII5g8ACXMiJwp9AgALfQsADH0LAA==
Payload(hex): 0367140104687f05000106cb00077d160208e60f00097322270a7d02000b7d0b000c7d0b00
JSON: {""co2"":534,""hcho"":0.02,""humidity"":63.5,""light_level"":0,""pir"":1,""pm10"":11,""pm2_5"":11,""pressure"":1001.8,""temperature"":27.6,""tvoc"":15}
MIC: 24f84fbd"
24E124710E317752,24E124FFFEFAB29D,472500000,SF7BW125, -54/13.5,37,1020,UpUnc,2026-07-15T07:47:24+08:00,"Dev Addr/Multicast Addr: 06f5800d
GwEUI: 24E124FFFEFAB29D
AppEUI: 24E124C0002A0001
Device EUI/Group Name: 24E124710E317752
Class Type: Class C
Immediately: -
Timestamp: 964586700
Type: UpUnc
Adr: true
AdrAcKReq: false
Ack: false
Fcnt: 1020
Port: 85
Modulation: LORA
Bandwidth: 125
SpreadFactor: 7
Bitrate: 0
CodeRate: 4/5
SNR: 13.5
RSSI: -54
Power: -
Payload(b64): A2cUAQRofwUAAQbLAAd9FgII5g8ACXMiJwp9AgALfQsADH0LAA==
Payload(hex): 0367140104687f05000106cb00077d160208e60f00097322270a7d02000b7d0b000c7d0b00
JSON: {""co2"":534,""hcho"":0.02,""humidity"":63.5,""light_level"":0,""pir"":1,""pm10"":11,""pm2_5"":11,""pressure"":1001.8,""temperature"":27.6,""tvoc"":15}
MIC: 590be9de"
24E124710E317752,24E124FFFEFAB29D,473100000,SF7BW125, -51/13.5,37,1019,UpUnc,2026-07-15T07:46:24+08:00,"Dev Addr/Multicast Addr: 06f5800d
GwEUI: 24E124FFFEFAB29D
AppEUI: 24E124C0002A0001
Device EUI/Group Name: 24E124710E317752
Class Type: Class C
Immediately: -
Timestamp: 904592561
Type: UpUnc
Adr: true
AdrAcKReq: false
Ack: false
Fcnt: 1019
Port: 85
Modulation: LORA
Bandwidth: 125
SpreadFactor: 7
Bitrate: 0
CodeRate: 4/5
SNR: 13.5
RSSI: -51
Power: -
Payload(b64): A2cUAQRofwUAAQbLAAd9FgII5g8ACXMiJwp9AQALfQgADH0IAA==
Payload(hex): 0367140104687f05000106cb00077d160208e60f00097322270a7d01000b7d08000c7d0800
JSON: {""co2"":534,""hcho"":0.01,""humidity"":63.5,""light_level"":0,""pir"":1,""pm10"":8,""pm2_5"":8,""pressure"":1001.8,""temperature"":27.6,""tvoc"":15}
MIC: 65d2e8b0"
24E124710E317752,24E124FFFEFAB29D,471900000,SF7BW125, -55/13.5,37,1018,UpUnc,2026-07-15T07:45:24+08:00,"Dev Addr/Multicast Addr: 06f5800d
GwEUI: 24E124FFFEFAB29D
AppEUI: 24E124C0002A0001
Device EUI/Group Name: 24E124710E317752
Class Type: Class C
Immediately: -
Timestamp: 844586483
Type: UpUnc
Adr: true
AdrAcKReq: false
Ack: false
Fcnt: 1018
Port: 85
Modulation: LORA
Bandwidth: 125
SpreadFactor: 7
Bitrate: 0
CodeRate: 4/5
SNR: 13.5
RSSI: -55
Power: -
Payload(b64): A2cUAQRofwUAAQbLAAd9FAII5g8ACXMhJwp9AgALfQgADH0IAA==
Payload(hex): 0367140104687f05000106cb00077d140208e60f00097321270a7d02000b7d08000c7d0800
JSON: {""co2"":532,""hcho"":0.02,""humidity"":63.5,""light_level"":0,""pir"":1,""pm10"":8,""pm2_5"":8,""pressure"":1001.7,""temperature"":27.6,""tvoc"":15}
MIC: 13e0ee2a"
24E124710E317752,24E124FFFEFAB29D,472100000,SF7BW125, -54/13.8,37,1017,UpUnc,2026-07-15T07:44:24+08:00,"Dev Addr/Multicast Addr: 06f5800d
GwEUI: 24E124FFFEFAB29D
AppEUI: 24E124C0002A0001
Device EUI/Group Name: 24E124710E317752
Class Type: Class C
Immediately: -
Timestamp: 784591451
Type: UpUnc
Adr: true
AdrAcKReq: false
Ack: false
Fcnt: 1017
Port: 85
Modulation: LORA
Bandwidth: 125
SpreadFactor: 7
Bitrate: 0
CodeRate: 4/5
SNR: 13.8
RSSI: -54
Power: -
Payload(b64): A2cUAQRofwUAAQbLAAd9FgII5g8ACXMiJwp9AQALfQgADH0IAA==
Payload(hex): 0367140104687f05000106cb00077d160208e60f00097322270a7d01000b7d08000c7d0800
JSON: {""co2"":534,""hcho"":0.01,""humidity"":63.5,""light_level"":0,""pir"":1,""pm10"":8,""pm2_5"":8,""pressure"":1001.8,""temperature"":27.6,""tvoc"":15}
MIC: 901482f7"
24E124710E317752,24E124FFFEFAB29D,472500000,SF7BW125, -54/13.8,37,1016,UpUnc,2026-07-15T07:43:24+08:00,"Dev Addr/Multicast Addr: 06f5800d
GwEUI: 24E124FFFEFAB29D
AppEUI: 24E124C0002A0001
Device EUI/Group Name: 24E124710E317752
Class Type: Class C
Immediately: -
Timestamp: 724586312
Type: UpUnc
Adr: true
AdrAcKReq: false
Ack: false
Fcnt: 1016
Port: 85
Modulation: LORA
Bandwidth: 125
SpreadFactor: 7
Bitrate: 0
CodeRate: 4/5
SNR: 13.8
RSSI: -54
Power: -
Payload(b64): A2cUAQRofwUAAQbLAAd9FgII5g8ACXMhJwp9AgALfQwADH0MAA==
Payload(hex): 0367140104687f05000106cb00077d160208e60f00097321270a7d02000b7d0c000c7d0c00
JSON: {""co2"":534,""hcho"":0.02,""humidity"":63.5,""light_level"":0,""pir"":1,""pm10"":12,""pm2_5"":12,""pressure"":1001.7,""temperature"":27.6,""tvoc"":15}
MIC: 49f1ff8a"
24E124710E317752,24E124FFFEFAB29D,472900000,SF7BW125, -52/9.2,37,1015,UpUnc,2026-07-15T07:42:24+08:00,"Dev Addr/Multicast Addr: 06f5800d
GwEUI: 24E124FFFEFAB29D
AppEUI: 24E124C0002A0001
Device EUI/Group Name: 24E124710E317752
Class Type: Class C
Immediately: -
Timestamp: 664593318
Type: UpUnc
Adr: true
AdrAcKReq: false
Ack: false
Fcnt: 1015
Port: 85
Modulation: LORA
Bandwidth: 125
SpreadFactor: 7
Bitrate: 0
CodeRate: 4/5
SNR: 9.2
RSSI: -52
Power: -
Payload(b64): A2cUAQRofwUAAQbLAAd9FwII5g8ACXMhJwp9AgALfQwADH0MAA==
Payload(hex): 0367140104687f05000106cb00077d170208e60f00097321270a7d02000b7d0c000c7d0c00
JSON: {""co2"":535,""hcho"":0.02,""humidity"":63.5,""light_level"":0,""pir"":1,""pm10"":12,""pm2_5"":12,""pressure"":1001.7,""temperature"":27.6,""tvoc"":15}
MIC: 40ec9a5d"
24E124710E317752,24E124FFFEFAB29D,473300000,SF7BW125, -52/13.5,37,1014,UpUnc,2026-07-15T07:41:24+08:00,"Dev Addr/Multicast Addr: 06f5800d
GwEUI: 24E124FFFEFAB29D
AppEUI: 24E124C0002A0001
Device EUI/Group Name: 24E124710E317752
Class Type: Class C
Immediately: -
Timestamp: 604590118
Type: UpUnc
Adr: true
AdrAcKReq: false
Ack: false
Fcnt: 1014
Port: 85
Modulation: LORA
Bandwidth: 125
SpreadFactor: 7
Bitrate: 0
CodeRate: 4/5
SNR: 13.5
RSSI: -52
Power: -
Payload(b64): A2cUAQRofwUAAQbLAAd9FQII5g8ACXMhJwp9AQALfQwADH0MAA==
Payload(hex): 0367140104687f05000106cb00077d150208e60f00097321270a7d01000b7d0c000c7d0c00
JSON: {""co2"":533,""hcho"":0.01,""humidity"":63.5,""light_level"":0,""pir"":1,""pm10"":12,""pm2_5"":12,""pressure"":1001.7,""temperature"":27.6,""tvoc"":15}
MIC: e05eb3a5"
24E124710E317752,24E124FFFEFAB29D,472100000,SF7BW125, -54/13.2,37,1013,UpUnc,2026-07-15T07:40:24+08:00,"Dev Addr/Multicast Addr: 06f5800d
GwEUI: 24E124FFFEFAB29D
AppEUI: 24E124C0002A0001
Device EUI/Group Name: 24E124710E317752
Class Type: Class C
Immediately: -
Timestamp: 544586054
Type: UpUnc
Adr: true
AdrAcKReq: false
Ack: false
Fcnt: 1013
Port: 85
Modulation: LORA
Bandwidth: 125
SpreadFactor: 7
Bitrate: 0
CodeRate: 4/5
SNR: 13.2
RSSI: -54
Power: -
Payload(b64): A2cUAQRofwUAAQbLAAd9EwII5g8ACXMhJwp9AgALfQsADH0LAA==
Payload(hex): 0367140104687f05000106cb00077d130208e60f00097321270a7d02000b7d0b000c7d0b00
JSON: {""co2"":531,""hcho"":0.02,""humidity"":63.5,""light_level"":0,""pir"":1,""pm10"":11,""pm2_5"":11,""pressure"":1001.7,""temperature"":27.6,""tvoc"":15}
MIC: 9caa8dba"
24E124710E317752,24E124FFFEFAB29D,472700000,SF7BW125, -53/14.0,37,1012,UpUnc,2026-07-15T07:39:24+08:00,"Dev Addr/Multicast Addr: 06f5800d
GwEUI: 24E124FFFEFAB29D
AppEUI: 24E124C0002A0001
Device EUI/Group Name: 24E124710E317752
Class Type: Class C
Immediately: -
Timestamp: 484594089
Type: UpUnc
Adr: true
AdrAcKReq: false
Ack: false
Fcnt: 1012
Port: 85
Modulation: LORA
Bandwidth: 125
SpreadFactor: 7
Bitrate: 0
CodeRate: 4/5
SNR: 14.0
RSSI: -53
Power: -
Payload(b64): A2cUAQRofwUAAQbLAAd9FAII5g8ACXMhJwp9AQALfQsADH0LAA==
Payload(hex): 0367140104687f05000106cb00077d140208e60f00097321270a7d01000b7d0b000c7d0b00
JSON: {""co2"":532,""hcho"":0.01,""humidity"":63.5,""light_level"":0,""pir"":1,""pm10"":11,""pm2_5"":11,""pressure"":1001.7,""temperature"":27.6,""tvoc"":15}
MIC: 0af50c7d"
24E124710E317752,24E124FFFEFAB29D,473100000,SF7BW125, -51/13.8,37,1011,UpUnc,2026-07-15T07:38:24+08:00,"Dev Addr/Multicast Addr: 06f5800d
GwEUI: 24E124FFFEFAB29D
AppEUI: 24E124C0002A0001
Device EUI/Group Name: 24E124710E317752
Class Type: Class C
Immediately: -
Timestamp: 424589897
Type: UpUnc
Adr: true
AdrAcKReq: false
Ack: false
Fcnt: 1011
Port: 85
Modulation: LORA
Bandwidth: 125
SpreadFactor: 7
Bitrate: 0
CodeRate: 4/5
SNR: 13.8
RSSI: -51
Power: -
Payload(b64): A2cUAQRofwUAAQbLAAd9FAII5g8ACXMhJwp9AgALfQsADH0LAA==
Payload(hex): 0367140104687f05000106cb00077d140208e60f00097321270a7d02000b7d0b000c7d0b00
JSON: {""co2"":532,""hcho"":0.02,""humidity"":63.5,""light_level"":0,""pir"":1,""pm10"":11,""pm2_5"":11,""pressure"":1001.7,""temperature"":27.6,""tvoc"":15}
MIC: 35c77242"
24E124710E317752,24E124FFFEFAB29D,471900000,SF7BW125, -56/14.0,37,1010,UpUnc,2026-07-15T07:37:23+08:00,"Dev Addr/Multicast Addr: 06f5800d
GwEUI: 24E124FFFEFAB29D
AppEUI: 24E124C0002A0001
Device EUI/Group Name: 24E124710E317752
Class Type: Class C
Immediately: -
Timestamp: 364584826
Type: UpUnc
Adr: true
AdrAcKReq: false
Ack: false
Fcnt: 1010
Port: 85
Modulation: LORA
Bandwidth: 125
SpreadFactor: 7
Bitrate: 0
CodeRate: 4/5
SNR: 14.0
RSSI: -56
Power: -
Payload(b64): A2cUAQRofwUAAQbLAAd9FwII5g8ACXMhJwp9AgALfQ4ADH0OAA==
Payload(hex): 0367140104687f05000106cb00077d170208e60f00097321270a7d02000b7d0e000c7d0e00
JSON: {""co2"":535,""hcho"":0.02,""humidity"":63.5,""light_level"":0,""pir"":1,""pm10"":14,""pm2_5"":14,""pressure"":1001.7,""temperature"":27.6,""tvoc"":15}
MIC: 95ff0f12"
24E124710E317752,24E124FFFEFAB29D,472300000,SF7BW125, -53/11.5,37,1009,UpUnc,2026-07-15T07:36:24+08:00,"Dev Addr/Multicast Addr: 06f5800d
GwEUI: 24E124FFFEFAB29D
AppEUI: 24E124C0002A0001
Device EUI/Group Name: 24E124710E317752
Class Type: Class C
Immediately: -
Timestamp: 304595051
Type: UpUnc
Adr: true
AdrAcKReq: false
Ack: false
Fcnt: 1009
Port: 85
Modulation: LORA
Bandwidth: 125
SpreadFactor: 7
Bitrate: 0
CodeRate: 4/5
SNR: 11.5
RSSI: -53
Power: -
Payload(b64): A2cUAQRofwUAAQbLAAd9FgII5g8ACXMhJwp9AQALfQ4ADH0OAA==
Payload(hex): 0367140104687f05000106cb00077d160208e60f00097321270a7d01000b7d0e000c7d0e00
JSON: {""co2"":534,""hcho"":0.01,""humidity"":63.5,""light_level"":0,""pir"":1,""pm10"":14,""pm2_5"":14,""pressure"":1001.7,""temperature"":27.6,""tvoc"":15}
MIC: ca037c3c"
24E124710E317752,24E124FFFEFAB29D,472500000,SF7BW125, -54/13.8,37,1008,UpUnc,2026-07-15T07:35:23+08:00,"Dev Addr/Multicast Addr: 06f5800d
GwEUI: 24E124FFFEFAB29D
AppEUI: 24E124C0002A0001
Device EUI/Group Name: 24E124710E317752
Class Type: Class C
Immediately: -
Timestamp: 244587774
Type: UpUnc
Adr: true
AdrAcKReq: false
Ack: false
Fcnt: 1008
Port: 85
Modulation: LORA
Bandwidth: 125
SpreadFactor: 7
Bitrate: 0
CodeRate: 4/5
SNR: 13.8
RSSI: -54
Power: -
Payload(b64): A2cUAQRofwUAAAbLAAd9GgII5g8ACXMhJwp9AgALfQ4ADH0OAA==
Payload(hex): 0367140104687f05000006cb00077d1a0208e60f00097321270a7d02000b7d0e000c7d0e00
JSON: {""co2"":538,""hcho"":0.02,""humidity"":63.5,""light_level"":0,""pir"":0,""pm10"":14,""pm2_5"":14,""pressure"":1001.7,""temperature"":27.6,""tvoc"":15}
MIC: f0b67d7c"
24E124710E317752,24E124FFFEFAB29D,473100000,SF7BW125, -51/14.0,37,1007,UpUnc,2026-07-15T07:34:23+08:00,"Dev Addr/Multicast Addr: 06f5800d
GwEUI: 24E124FFFEFAB29D
AppEUI: 24E124C0002A0001
Device EUI/Group Name: 24E124710E317752
Class Type: Class C
Immediately: -
Timestamp: 184592816
Type: UpUnc
Adr: true
AdrAcKReq: false
Ack: false
Fcnt: 1007
Port: 85
Modulation: LORA
Bandwidth: 125
SpreadFactor: 7
Bitrate: 0
CodeRate: 4/5
SNR: 14.0
RSSI: -51
Power: -
Payload(b64): A2cUAQRofwUAAQbLAAd9GQII5g8ACXMhJwp9AQALfQoADH0KAA==
Payload(hex): 0367140104687f05000106cb00077d190208e60f00097321270a7d01000b7d0a000c7d0a00
JSON: {""co2"":537,""hcho"":0.01,""humidity"":63.5,""light_level"":0,""pir"":1,""pm10"":10,""pm2_5"":10,""pressure"":1001.7,""temperature"":27.6,""tvoc"":15}
MIC: cf011c9e"
24E124710E317752,24E124FFFEFAB29D,471900000,SF7BW125, -56/13.5,37,1006,UpUnc,2026-07-15T07:33:23+08:00,"Dev Addr/Multicast Addr: 06f5800d
GwEUI: 24E124FFFEFAB29D
AppEUI: 24E124C0002A0001
Device EUI/Group Name: 24E124710E317752
Class Type: Class C
Immediately: -
Timestamp: 124587554
Type: UpUnc
Adr: true
AdrAcKReq: false
Ack: false
Fcnt: 1006
Port: 85
Modulation: LORA
Bandwidth: 125
SpreadFactor: 7
Bitrate: 0
CodeRate: 4/5
SNR: 13.5
RSSI: -56
Power: -
Payload(b64): A2cUAQRofwUAAQbLAAd9FwII5g8ACXMhJwp9AgALfQoADH0KAA==
Payload(hex): 0367140104687f05000106cb00077d170208e60f00097321270a7d02000b7d0a000c7d0a00
JSON: {""co2"":535,""hcho"":0.02,""humidity"":63.5,""light_level"":0,""pir"":1,""pm10"":10,""pm2_5"":10,""pressure"":1001.7,""temperature"":27.6,""tvoc"":15}
MIC: c9a3788b"
24E124710E317752,24E124FFFEFAB29D,472100000,SF7BW125, -55/13.8,37,1005,UpUnc,2026-07-15T07:32:23+08:00,"Dev Addr/Multicast Addr: 06f5800d
GwEUI: 24E124FFFEFAB29D
AppEUI: 24E124C0002A0001
Device EUI/Group Name: 24E124710E317752
Class Type: Class C
Immediately: -
Timestamp: 64597461
Type: UpUnc
Adr: true
AdrAcKReq: false
Ack: false
Fcnt: 1005
Port: 85
Modulation: LORA
Bandwidth: 125
SpreadFactor: 7
Bitrate: 0
CodeRate: 4/5
SNR: 13.8
RSSI: -55
Power: -
Payload(b64): A2cUAQRofwUAAQbLAAd9FwII5g8ACXMiJwp9AQALfQoADH0KAA==
Payload(hex): 0367140104687f05000106cb00077d170208e60f00097322270a7d01000b7d0a000c7d0a00
JSON: {""co2"":535,""hcho"":0.01,""humidity"":63.5,""light_level"":0,""pir"":1,""pm10"":10,""pm2_5"":10,""pressure"":1001.8,""temperature"":27.6,""tvoc"":15}
MIC: e915b254"
24E124710E317752,24E124FFFEFAB29D,472700000,SF7BW125, -53/13.8,37,1004,UpUnc,2026-07-15T07:31:23+08:00,"Dev Addr/Multicast Addr: 06f5800d
GwEUI: 24E124FFFEFAB29D
AppEUI: 24E124C0002A0001
Device EUI/Group Name: 24E124710E317752
Class Type: Class C
Immediately: -
Timestamp: 4588412
Type: UpUnc
Adr: true
AdrAcKReq: false
Ack: false
Fcnt: 1004
Port: 85
Modulation: LORA
Bandwidth: 125
SpreadFactor: 7
Bitrate: 0
CodeRate: 4/5
SNR: 13.8
RSSI: -53
Power: -
Payload(b64): A2cUAQRofwUAAQbLAAd9FgII5g8ACXMhJwp9AQALfQsADH0LAA==
Payload(hex): 0367140104687f05000106cb00077d160208e60f00097321270a7d01000b7d0b000c7d0b00
JSON: {""co2"":534,""hcho"":0.01,""humidity"":63.5,""light_level"":0,""pir"":1,""pm10"":11,""pm2_5"":11,""pressure"":1001.7,""temperature"":27.6,""tvoc"":15}
MIC: afbfbd32"
24E124710E317752,24E124FFFEFAB29D,473100000,SF7BW125, -51/14.0,37,1003,UpUnc,2026-07-15T07:30:23+08:00,"Dev Addr/Multicast Addr: 06f5800d
GwEUI: 24E124FFFEFAB29D
AppEUI: 24E124C0002A0001
Device EUI/Group Name: 24E124710E317752
Class Type: Class C
Immediately: -
Timestamp: 4239560638
Type: UpUnc
Adr: true
AdrAcKReq: false
Ack: false
Fcnt: 1003
Port: 85
Modulation: LORA
Bandwidth: 125
SpreadFactor: 7
Bitrate: 0
CodeRate: 4/5
SNR: 14.0
RSSI: -51
Power: -
Payload(b64): A2cUAQRofwUAAQbLAAd9GAII5g8ACXMhJwp9AgALfQsADH0LAA==
Payload(hex): 0367140104687f05000106cb00077d180208e60f00097321270a7d02000b7d0b000c7d0b00
JSON: {""co2"":536,""hcho"":0.02,""humidity"":63.5,""light_level"":0,""pir"":1,""pm10"":11,""pm2_5"":11,""pressure"":1001.7,""temperature"":27.6,""tvoc"":15}
MIC: 0607fc04"
24E124710E317752,24E124FFFEFAB29D,473300000,SF7BW125, -52/13.8,37,1002,UpUnc,2026-07-15T07:29:23+08:00,"Dev Addr/Multicast Addr: 06f5800d
GwEUI: 24E124FFFEFAB29D
AppEUI: 24E124C0002A0001
Device EUI/Group Name: 24E124710E317752
Class Type: Class C
Immediately: -
Timestamp: 4179553556
Type: UpUnc
Adr: true
AdrAcKReq: false
Ack: false
Fcnt: 1002
Port: 85
Modulation: LORA
Bandwidth: 125
SpreadFactor: 7
Bitrate: 0
CodeRate: 4/5
SNR: 13.8
RSSI: -52
Power: -
Payload(b64): A2cUAQRofwUAAQbLAAd9GAII5g8ACXMhJwp9AQALfQsADH0LAA==
Payload(hex): 0367140104687f05000106cb00077d180208e60f00097321270a7d01000b7d0b000c7d0b00
JSON: {""co2"":536,""hcho"":0.01,""humidity"":63.5,""light_level"":0,""pir"":1,""pm10"":11,""pm2_5"":11,""pressure"":1001.7,""temperature"":27.6,""tvoc"":15}
MIC: 4ca22cd6"
24E124710E317752,24E124FFFEFAB29D,472100000,SF7BW125, -54/13.5,37,1001,UpUnc,2026-07-15T07:28:23+08:00,"Dev Addr/Multicast Addr: 06f5800d
GwEUI: 24E124FFFEFAB29D
AppEUI: 24E124C0002A0001
Device EUI/Group Name: 24E124710E317752
Class Type: Class C
Immediately: -
Timestamp: 4119558481
Type: UpUnc
Adr: true
AdrAcKReq: false
Ack: false
Fcnt: 1001
Port: 85
Modulation: LORA
Bandwidth: 125
SpreadFactor: 7
Bitrate: 0
CodeRate: 4/5
SNR: 13.5
RSSI: -54
Power: -
Payload(b64): A2cUAQRofwUAAQbLAAd9GAII5g8ACXMhJwp9AgALfQoADH0KAA==
Payload(hex): 0367140104687f05000106cb00077d180208e60f00097321270a7d02000b7d0a000c7d0a00
JSON: {""co2"":536,""hcho"":0.02,""humidity"":63.5,""light_level"":0,""pir"":1,""pm10"":10,""pm2_5"":10,""pressure"":1001.7,""temperature"":27.6,""tvoc"":15}
MIC: 5a6370b1"
24E124710E317752,24E124FFFEFAB29D,472500000,SF7BW125, -54/14.2,37,1000,UpUnc,2026-07-15T07:27:23+08:00,"Dev Addr/Multicast Addr: 06f5800d
GwEUI: 24E124FFFEFAB29D
AppEUI: 24E124C0002A0001
Device EUI/Group Name: 24E124710E317752
Class Type: Class C
Immediately: -
Timestamp: 4059562398
Type: UpUnc
Adr: true
AdrAcKReq: false
Ack: false
Fcnt: 1000
Port: 85
Modulation: LORA
Bandwidth: 125
SpreadFactor: 7
Bitrate: 0
CodeRate: 4/5
SNR: 14.2
RSSI: -54
Power: -
Payload(b64): A2cUAQRofwUAAQbLAAd9FgII5g8ACXMhJwp9AQALfQoADH0KAA==
Payload(hex): 0367140104687f05000106cb00077d160208e60f00097321270a7d01000b7d0a000c7d0a00
JSON: {""co2"":534,""hcho"":0.01,""humidity"":63.5,""light_level"":0,""pir"":1,""pm10"":10,""pm2_5"":10,""pressure"":1001.7,""temperature"":27.6,""tvoc"":15}
MIC: fc80194c"
24E124710E317752,24E124FFFEFAB29D,473100000,SF7BW125, -51/14.0,37,999,UpUnc,2026-07-15T07:26:23+08:00,"Dev Addr/Multicast Addr: 06f5800d
GwEUI: 24E124FFFEFAB29D
AppEUI: 24E124C0002A0001
Device EUI/Group Name: 24E124710E317752
Class Type: Class C
Immediately: -
Timestamp: 3999560642
Type: UpUnc
Adr: true
AdrAcKReq: false
Ack: false
Fcnt: 999
Port: 85
Modulation: LORA
Bandwidth: 125
SpreadFactor: 7
Bitrate: 0
CodeRate: 4/5
SNR: 14.0
RSSI: -51
Power: -
Payload(b64): A2cUAQRofwUAAQbLAAd9FgII5g8ACXMhJwp9AQALfQoADH0KAA==
Payload(hex): 0367140104687f05000106cb00077d160208e60f00097321270a7d01000b7d0a000c7d0a00
JSON: {""co2"":534,""hcho"":0.01,""humidity"":63.5,""light_level"":0,""pir"":1,""pm10"":10,""pm2_5"":10,""pressure"":1001.7,""temperature"":27.6,""tvoc"":15}
MIC: d31ab054"
24E124710E317752,24E124FFFEFAB29D,471900000,SF7BW125, -56/14.2,37,998,UpUnc,2026-07-15T07:25:23+08:00,"Dev Addr/Multicast Addr: 06f5800d
GwEUI: 24E124FFFEFAB29D
AppEUI: 24E124C0002A0001
Device EUI/Group Name: 24E124710E317752
Class Type: Class C
Immediately: -
Timestamp: 3939556282
Type: UpUnc
Adr: true
AdrAcKReq: false
Ack: false
Fcnt: 998
Port: 85
Modulation: LORA
Bandwidth: 125
SpreadFactor: 7
Bitrate: 0
CodeRate: 4/5
SNR: 14.2
RSSI: -56
Power: -
Payload(b64): A2cUAQRofwUAAQbLAAd9FwII5g8ACXMhJwp9AgALfQkADH0JAA==
Payload(hex): 0367140104687f05000106cb00077d170208e60f00097321270a7d02000b7d09000c7d0900
JSON: {""co2"":535,""hcho"":0.02,""humidity"":63.5,""light_level"":0,""pir"":1,""pm10"":9,""pm2_5"":9,""pressure"":1001.7,""temperature"":27.6,""tvoc"":15}
MIC: a51a27fd"
24E124710E317752,24E124FFFEFAB29D,472500000,SF7BW125, -54/13.5,37,997,UpUnc,2026-07-15T07:24:23+08:00,"Dev Addr/Multicast Addr: 06f5800d
GwEUI: 24E124FFFEFAB29D
AppEUI: 24E124C0002A0001
Device EUI/Group Name: 24E124710E317752
Class Type: Class C
Immediately: -
Timestamp: 3879563245
Type: UpUnc
Adr: true
AdrAcKReq: false
Ack: false
Fcnt: 997
Port: 85
Modulation: LORA
Bandwidth: 125
SpreadFactor: 7
Bitrate: 0
CodeRate: 4/5
SNR: 13.5
RSSI: -54
Power: -
Payload(b64): A2cUAQRofwUAAQbLAAd9GAII5g8ACXMgJwp9AQALfQkADH0JAA==
Payload(hex): 0367140104687f05000106cb00077d180208e60f00097320270a7d01000b7d09000c7d0900
JSON: {""co2"":536,""hcho"":0.01,""humidity"":63.5,""light_level"":0,""pir"":1,""pm10"":9,""pm2_5"":9,""pressure"":1001.6,""temperature"":27.6,""tvoc"":15}
MIC: f1594b8a"
24E124710E317752,24E124FFFEFAB29D,472900000,SF7BW125, -52/10.0,37,996,UpUnc,2026-07-15T07:23:23+08:00,"Dev Addr/Multicast Addr: 06f5800d
GwEUI: 24E124FFFEFAB29D
AppEUI: 24E124C0002A0001
Device EUI/Group Name: 24E124710E317752
Class Type: Class C
Immediately: -
Timestamp: 3819559127
Type: UpUnc
Adr: true
AdrAcKReq: false
Ack: false
Fcnt: 996
Port: 85
Modulation: LORA
Bandwidth: 125
SpreadFactor: 7
Bitrate: 0
CodeRate: 4/5
SNR: 10.0
RSSI: -52
Power: -
Payload(b64): A2cUAQRofwUAAQbLAAd9GgII5g8ACXMgJwp9AgALfQkADH0JAA==
Payload(hex): 0367140104687f05000106cb00077d1a0208e60f00097320270a7d02000b7d09000c7d0900
JSON: {""co2"":538,""hcho"":0.02,""humidity"":63.5,""light_level"":0,""pir"":1,""pm10"":9,""pm2_5"":9,""pressure"":1001.6,""temperature"":27.6,""tvoc"":15}
MIC: 11dcb461"
24E124710E317752,24E124FFFEFAB29D,473100000,SF7BW125, -51/14.2,37,995,UpUnc,2026-07-15T07:22:23+08:00,"Dev Addr/Multicast Addr: 06f5800d
GwEUI: 24E124FFFEFAB29D
AppEUI: 24E124C0002A0001
Device EUI/Group Name: 24E124710E317752
Class Type: Class C
Immediately: -
Timestamp: 3759556184
Type: UpUnc
Adr: true
AdrAcKReq: false
Ack: false
Fcnt: 995
Port: 85
Modulation: LORA
Bandwidth: 125
SpreadFactor: 7
Bitrate: 0
CodeRate: 4/5
SNR: 14.2
RSSI: -51
Power: -
Payload(b64): A2cUAQRofwUAAQbLAAd9GwII5g8ACXMgJwp9AQALfQ0ADH0OAA==
Payload(hex): 0367140104687f05000106cb00077d1b0208e60f00097320270a7d01000b7d0d000c7d0e00
JSON: {""co2"":539,""hcho"":0.01,""humidity"":63.5,""light_level"":0,""pir"":1,""pm10"":14,""pm2_5"":13,""pressure"":1001.6,""temperature"":27.6,""tvoc"":15}
MIC: fb211bdc"
24E124710E317752,24E124FFFEFAB29D,472100000,SF7BW125, -55/13.8,37,994,UpUnc,2026-07-15T07:21:23+08:00,"Dev Addr/Multicast Addr: 06f5800d
GwEUI: 24E124FFFEFAB29D
AppEUI: 24E124C0002A0001
Device EUI/Group Name: 24E124710E317752
Class Type: Class C
Immediately: -
Timestamp: 3699561975
Type: UpUnc
Adr: true
AdrAcKReq: false
Ack: false
Fcnt: 994
Port: 85
Modulation: LORA
Bandwidth: 125
SpreadFactor: 7
Bitrate: 0
CodeRate: 4/5
SNR: 13.8
RSSI: -55
Power: -
Payload(b64): A2cVAQRofwUAAQbLAAd9GQII5g8ACXMgJwp9AQALfQ0ADH0OAA==
Payload(hex): 0367150104687f05000106cb00077d190208e60f00097320270a7d01000b7d0d000c7d0e00
JSON: {""co2"":537,""hcho"":0.01,""humidity"":63.5,""light_level"":0,""pir"":1,""pm10"":14,""pm2_5"":13,""pressure"":1001.6,""temperature"":27.7,""tvoc"":15}
MIC: 300ec5dc"
24E124710E317752,24E124FFFEFAB29D,472300000,SF7BW125, -53/11.5,37,993,UpUnc,2026-07-15T07:20:23+08:00,"Dev Addr/Multicast Addr: 06f5800d
GwEUI: 24E124FFFEFAB29D
AppEUI: 24E124C0002A0001
Device EUI/Group Name: 24E124710E317752
Class Type: Class C
Immediately: -
Timestamp: 3639557919
Type: UpUnc
Adr: true
AdrAcKReq: false
Ack: false
Fcnt: 993
Port: 85
Modulation: LORA
Bandwidth: 125
SpreadFactor: 7
Bitrate: 0
CodeRate: 4/5
SNR: 11.5
RSSI: -53
Power: -
Payload(b64): A2cVAQRofwUAAQbLAAd9GQII5g8ACXMgJwp9AgALfQ0ADH0OAA==
Payload(hex): 0367150104687f05000106cb00077d190208e60f00097320270a7d02000b7d0d000c7d0e00
JSON: {""co2"":537,""hcho"":0.02,""humidity"":63.5,""light_level"":0,""pir"":1,""pm10"":14,""pm2_5"":13,""pressure"":1001.6,""temperature"":27.7,""tvoc"":15}
MIC: 1f0add85"
24E124710E317752,24E124FFFEFAB29D,472700000,SF7BW125, -53/13.8,37,992,UpUnc,2026-07-15T07:19:23+08:00,"Dev Addr/Multicast Addr: 06f5800d
GwEUI: 24E124FFFEFAB29D
AppEUI: 24E124C0002A0001
Device EUI/Group Name: 24E124710E317752
Class Type: Class C
Immediately: -
Timestamp: 3579563853
Type: UpUnc
Adr: true
AdrAcKReq: false
Ack: false
Fcnt: 992
Port: 85
Modulation: LORA
Bandwidth: 125
SpreadFactor: 7
Bitrate: 0
CodeRate: 4/5
SNR: 13.8
RSSI: -53
Power: -
Payload(b64): A2cUAQRofwUAAQbLAAd9GAII5g8ACXMgJwp9AQALfQoADH0KAA==
Payload(hex): 0367140104687f05000106cb00077d180208e60f00097320270a7d01000b7d0a000c7d0a00
JSON: {""co2"":536,""hcho"":0.01,""humidity"":63.5,""light_level"":0,""pir"":1,""pm10"":10,""pm2_5"":10,""pressure"":1001.6,""temperature"":27.6,""tvoc"":15}
MIC: 5db0cea3"
24E124710E317752,24E124FFFEFAB29D,473100000,SF7BW125, -51/13.5,37,991,UpUnc,2026-07-15T07:18:23+08:00,"Dev Addr/Multicast Addr: 06f5800d
GwEUI: 24E124FFFEFAB29D
AppEUI: 24E124C0002A0001
Device EUI/Group Name: 24E124710E317752
Class Type: Class C
Immediately: -
Timestamp: 3519561777
Type: UpUnc
Adr: true
AdrAcKReq: false
Ack: false
Fcnt: 991
Port: 85
Modulation: LORA
Bandwidth: 125
SpreadFactor: 7
Bitrate: 0
CodeRate: 4/5
SNR: 13.5
RSSI: -51
Power: -
Payload(b64): A2cUAQRofwUAAQbLAAd9GQII5g8ACXMgJwp9AgALfQoADH0KAA==
Payload(hex): 0367140104687f05000106cb00077d190208e60f00097320270a7d02000b7d0a000c7d0a00
JSON: {""co2"":537,""hcho"":0.02,""humidity"":63.5,""light_level"":0,""pir"":1,""pm10"":10,""pm2_5"":10,""pressure"":1001.6,""temperature"":27.6,""tvoc"":15}
MIC: 3db6c785"
24E124710E317752,24E124FFFEFAB29D,472100000,SF7BW125, -55/13.2,37,990,UpUnc,2026-07-15T07:17:23+08:00,"Dev Addr/Multicast Addr: 06f5800d
GwEUI: 24E124FFFEFAB29D
AppEUI: 24E124C0002A0001
Device EUI/Group Name: 24E124710E317752
Class Type: Class C
Immediately: -
Timestamp: 3459562815
Type: UpUnc
Adr: true
AdrAcKReq: false
Ack: false
Fcnt: 990
Port: 85
Modulation: LORA
Bandwidth: 125
SpreadFactor: 7
Bitrate: 0
CodeRate: 4/5
SNR: 13.2
RSSI: -55
Power: -
Payload(b64): A2cUAQRofwUAAQbLAAd9GwII5g8ACXMfJwp9AQALfQoADH0KAA==
Payload(hex): 0367140104687f05000106cb00077d1b0208e60f0009731f270a7d01000b7d0a000c7d0a00
JSON: {""co2"":539,""hcho"":0.01,""humidity"":63.5,""light_level"":0,""pir"":1,""pm10"":10,""pm2_5"":10,""pressure"":1001.5,""temperature"":27.6,""tvoc"":15}
MIC: c8d95362"
24E124710E317752,24E124FFFEFAB29D,472300000,SF7BW125, -53/11.8,37,989,UpUnc,2026-07-15T07:16:23+08:00,"Dev Addr/Multicast Addr: 06f5800d
GwEUI: 24E124FFFEFAB29D
AppEUI: 24E124C0002A0001
Device EUI/Group Name: 24E124710E317752
Class Type: Class C
Immediately: -
Timestamp: 3399563621
Type: UpUnc
Adr: true
AdrAcKReq: false
Ack: false
Fcnt: 989
Port: 85
Modulation: LORA
Bandwidth: 125
SpreadFactor: 7
Bitrate: 0
CodeRate: 4/5
SNR: 11.8
RSSI: -53
Power: -
Payload(b64): A2cUAQRofwUAAQbLAAd9GQII5g8ACXMgJwp9AQALfQsADH0LAA==
Payload(hex): 0367140104687f05000106cb00077d190208e60f00097320270a7d01000b7d0b000c7d0b00
JSON: {""co2"":537,""hcho"":0.01,""humidity"":63.5,""light_level"":0,""pir"":1,""pm10"":11,""pm2_5"":11,""pressure"":1001.6,""temperature"":27.6,""tvoc"":15}
MIC: 51661e3c"
24E124710E317752,24E124FFFEFAB29D,472700000,SF7BW125, -53/14.0,37,988,UpUnc,2026-07-15T07:15:23+08:00,"Dev Addr/Multicast Addr: 06f5800d
GwEUI: 24E124FFFEFAB29D
AppEUI: 24E124C0002A0001
Device EUI/Group Name: 24E124710E317752
Class Type: Class C
Immediately: -
Timestamp: 3339567846
Type: UpUnc
Adr: true
AdrAcKReq: false
Ack: false
Fcnt: 988
Port: 85
Modulation: LORA
Bandwidth: 125
SpreadFactor: 7
Bitrate: 0
CodeRate: 4/5
SNR: 14.0
RSSI: -53
Power: -
Payload(b64): A2cUAQRofwUAAQbLAAd9GAII5g8ACXMfJwp9AgALfQsADH0LAA==
Payload(hex): 0367140104687f05000106cb00077d180208e60f0009731f270a7d02000b7d0b000c7d0b00
JSON: {""co2"":536,""hcho"":0.02,""humidity"":63.5,""light_level"":0,""pir"":1,""pm10"":11,""pm2_5"":11,""pressure"":1001.5,""temperature"":27.6,""tvoc"":15}
MIC: 8a026d39"
24E124710E317752,24E124FFFEFAB29D,473100000,SF7BW125, -51/13.8,37,987,UpUnc,2026-07-15T07:14:23+08:00,"Dev Addr/Multicast Addr: 06f5800d
GwEUI: 24E124FFFEFAB29D
AppEUI: 24E124C0002A0001
Device EUI/Group Name: 24E124710E317752
Class Type: Class C
Immediately: -
Timestamp: 3279564494
Type: UpUnc
Adr: true
AdrAcKReq: false
Ack: false
Fcnt: 987
Port: 85
Modulation: LORA
Bandwidth: 125
SpreadFactor: 7
Bitrate: 0
CodeRate: 4/5
SNR: 13.8
RSSI: -51
Power: -
Payload(b64): A2cUAQRofwUAAQbLAAd9GAII5g8ACXMgJwp9AQALfQsADH0LAA==
Payload(hex): 0367140104687f05000106cb00077d180208e60f00097320270a7d01000b7d0b000c7d0b00
JSON: {""co2"":536,""hcho"":0.01,""humidity"":63.5,""light_level"":0,""pir"":1,""pm10"":11,""pm2_5"":11,""pressure"":1001.6,""temperature"":27.6,""tvoc"":15}
MIC: 1ed1f8dc"
24E124710E317752,24E124FFFEFAB29D,472100000,SF7BW125, -54/13.8,37,986,UpUnc,2026-07-15T07:13:23+08:00,"Dev Addr/Multicast Addr: 06f5800d
GwEUI: 24E124FFFEFAB29D
AppEUI: 24E124C0002A0001
Device EUI/Group Name: 24E124710E317752
Class Type: Class C
Immediately: -
Timestamp: 3219557415
Type: UpUnc
Adr: true
AdrAcKReq: false
Ack: false
Fcnt: 986
Port: 85
Modulation: LORA
Bandwidth: 125
SpreadFactor: 7
Bitrate: 0
CodeRate: 4/5
SNR: 13.8
RSSI: -54
Power: -
Payload(b64): A2cUAQRofwUAAQbLAAd9FwII5g8ACXMfJwp9AgALfQwADH0MAA==
Payload(hex): 0367140104687f05000106cb00077d170208e60f0009731f270a7d02000b7d0c000c7d0c00
JSON: {""co2"":535,""hcho"":0.02,""humidity"":63.5,""light_level"":0,""pir"":1,""pm10"":12,""pm2_5"":12,""pressure"":1001.5,""temperature"":27.6,""tvoc"":15}
MIC: dc7b24f5"
24E124710E317752,24E124FFFEFAB29D,472300000,SF7BW125, -53/11.5,37,985,UpUnc,2026-07-15T07:12:23+08:00,"Dev Addr/Multicast Addr: 06f5800d
GwEUI: 24E124FFFEFAB29D
AppEUI: 24E124C0002A0001
Device EUI/Group Name: 24E124710E317752
Class Type: Class C
Immediately: -
Timestamp: 3159561388
Type: UpUnc
Adr: true
AdrAcKReq: false
Ack: false
Fcnt: 985
Port: 85
Modulation: LORA
Bandwidth: 125
SpreadFactor: 7
Bitrate: 0
CodeRate: 4/5
SNR: 11.5
RSSI: -53
Power: -
Payload(b64): A2cUAQRofwUAAQbLAAd9FwII5g8ACXMfJwp9AQALfQwADH0MAA==
Payload(hex): 0367140104687f05000106cb00077d170208e60f0009731f270a7d01000b7d0c000c7d0c00
JSON: {""co2"":535,""hcho"":0.01,""humidity"":63.5,""light_level"":0,""pir"":1,""pm10"":12,""pm2_5"":12,""pressure"":1001.5,""temperature"":27.6,""tvoc"":15}
MIC: e5154a22"
24E124710E317752,24E124FFFEFAB29D,472900000,SF7BW125, -52/9.2,37,984,UpUnc,2026-07-15T07:11:23+08:00,"Dev Addr/Multicast Addr: 06f5800d
GwEUI: 24E124FFFEFAB29D
AppEUI: 24E124C0002A0001
Device EUI/Group Name: 24E124710E317752
Class Type: Class C
Immediately: -
Timestamp: 3099567278
Type: UpUnc
Adr: true
AdrAcKReq: false
Ack: false
Fcnt: 984
Port: 85
Modulation: LORA
Bandwidth: 125
SpreadFactor: 7
Bitrate: 0
CodeRate: 4/5
SNR: 9.2
RSSI: -52
Power: -
Payload(b64): A2cUAQRofwUAAQbLAAd9FwII5g8ACXMfJwp9AQALfQwADH0MAA==
Payload(hex): 0367140104687f05000106cb00077d170208e60f0009731f270a7d01000b7d0c000c7d0c00
JSON: {""co2"":535,""hcho"":0.01,""humidity"":63.5,""light_level"":0,""pir"":1,""pm10"":12,""pm2_5"":12,""pressure"":1001.5,""temperature"":27.6,""tvoc"":15}
MIC: b2c43649"
24E124710E317752,24E124FFFEFAB29D,473300000,SF7BW125, -52/14.0,37,983,UpUnc,2026-07-15T07:10:23+08:00,"Dev Addr/Multicast Addr: 06f5800d
GwEUI: 24E124FFFEFAB29D
AppEUI: 24E124C0002A0001
Device EUI/Group Name: 24E124710E317752
Class Type: Class C
Immediately: -
Timestamp: 3039565208
Type: UpUnc
Adr: true
AdrAcKReq: false
Ack: false
Fcnt: 983
Port: 85
Modulation: LORA
Bandwidth: 125
SpreadFactor: 7
Bitrate: 0
CodeRate: 4/5
SNR: 14.0
RSSI: -52
Power: -
Payload(b64): A2cUAQRofwUAAQbLAAd9FgII5g8ACXMfJwp9AgALfQsADH0LAA==
Payload(hex): 0367140104687f05000106cb00077d160208e60f0009731f270a7d02000b7d0b000c7d0b00
JSON: {""co2"":534,""hcho"":0.02,""humidity"":63.5,""light_level"":0,""pir"":1,""pm10"":11,""pm2_5"":11,""pressure"":1001.5,""temperature"":27.6,""tvoc"":15}
MIC: a1be409e"
24E124710E317752,24E124FFFEFAB29D,471900000,SF7BW125, -56/14.0,37,982,UpUnc,2026-07-15T07:09:23+08:00,"Dev Addr/Multicast Addr: 06f5800d
GwEUI: 24E124FFFEFAB29D
AppEUI: 24E124C0002A0001
Device EUI/Group Name: 24E124710E317752
Class Type: Class C
Immediately: -
Timestamp: 2979560121
Type: UpUnc
Adr: true
AdrAcKReq: false
Ack: false
Fcnt: 982
Port: 85
Modulation: LORA
Bandwidth: 125
SpreadFactor: 7
Bitrate: 0
CodeRate: 4/5
SNR: 14.0
RSSI: -56
Power: -
Payload(b64): A2cUAQRofwUAAQbLAAd9GAII5g8ACXMfJwp9AQALfQsADH0LAA==
Payload(hex): 0367140104687f05000106cb00077d180208e60f0009731f270a7d01000b7d0b000c7d0b00
JSON: {""co2"":536,""hcho"":0.01,""humidity"":63.5,""light_level"":0,""pir"":1,""pm10"":11,""pm2_5"":11,""pressure"":1001.5,""temperature"":27.6,""tvoc"":15}
MIC: 8792c72a"
24E124710E317752,24E124FFFEFAB29D,472300000,SF7BW125, -53/11.5,37,981,UpUnc,2026-07-15T07:08:23+08:00,"Dev Addr/Multicast Addr: 06f5800d
GwEUI: 24E124FFFEFAB29D
AppEUI: 24E124C0002A0001
Device EUI/Group Name: 24E124710E317752
Class Type: Class C
Immediately: -
Timestamp: 2919566071
Type: UpUnc
Adr: true
AdrAcKReq: false
Ack: false
Fcnt: 981
Port: 85
Modulation: LORA
Bandwidth: 125
SpreadFactor: 7
Bitrate: 0
CodeRate: 4/5
SNR: 11.5
RSSI: -53
Power: -
Payload(b64): A2cUAQRofwUAAQbLAAd9GAII5g8ACXMeJwp9AgALfQsADH0LAA==
Payload(hex): 0367140104687f05000106cb00077d180208e60f0009731e270a7d02000b7d0b000c7d0b00
JSON: {""co2"":536,""hcho"":0.02,""humidity"":63.5,""light_level"":0,""pir"":1,""pm10"":11,""pm2_5"":11,""pressure"":1001.4,""temperature"":27.6,""tvoc"":15}
MIC: 7f19e470"
24E124710E317752,24E124FFFEFAB29D,472900000,SF7BW125, -52/10.2,37,980,UpUnc,2026-07-15T07:07:23+08:00,"Dev Addr/Multicast Addr: 06f5800d
GwEUI: 24E124FFFEFAB29D
AppEUI: 24E124C0002A0001
Device EUI/Group Name: 24E124710E317752
Class Type: Class C
Immediately: -
Timestamp: 2859562091
Type: UpUnc
Adr: true
AdrAcKReq: false
Ack: false
Fcnt: 980
Port: 85
Modulation: LORA
Bandwidth: 125
SpreadFactor: 7
Bitrate: 0
CodeRate: 4/5
SNR: 10.2
RSSI: -52
Power: -
Payload(b64): A2cUAQRofwUAAQbLAAd9GAII5g8ACXMeJwp9AgALfQoADH0KAA==
Payload(hex): 0367140104687f05000106cb00077d180208e60f0009731e270a7d02000b7d0a000c7d0a00
JSON: {""co2"":536,""hcho"":0.02,""humidity"":63.5,""light_level"":0,""pir"":1,""pm10"":10,""pm2_5"":10,""pressure"":1001.4,""temperature"":27.6,""tvoc"":15}
MIC: f26557de"
24E124710E317752,24E124FFFEFAB29D,473300000,SF7BW125, -52/14.0,37,979,UpUnc,2026-07-15T07:06:23+08:00,"Dev Addr/Multicast Addr: 06f5800d
GwEUI: 24E124FFFEFAB29D
AppEUI: 24E124C0002A0001
Device EUI/Group Name: 24E124710E317752
Class Type: Class C
Immediately: -
Timestamp: 2799566933
Type: UpUnc
Adr: true
AdrAcKReq: false
Ack: false
Fcnt: 979
Port: 85
Modulation: LORA
Bandwidth: 125
SpreadFactor: 7
Bitrate: 0
CodeRate: 4/5
SNR: 14.0
RSSI: -52
Power: -
Payload(b64): A2cUAQRofwUAAQbLAAd9GQII5g8ACXMeJwp9AQALfQoADH0KAA==
Payload(hex): 0367140104687f05000106cb00077d190208e60f0009731e270a7d01000b7d0a000c7d0a00
JSON: {""co2"":537,""hcho"":0.01,""humidity"":63.5,""light_level"":0,""pir"":1,""pm10"":10,""pm2_5"":10,""pressure"":1001.4,""temperature"":27.6,""tvoc"":15}
MIC: e00a2064"
24E124710E317752,24E124FFFEFAB29D,471900000,SF7BW125, -56/13.5,37,978,UpUnc,2026-07-15T07:05:23+08:00,"Dev Addr/Multicast Addr: 06f5800d
GwEUI: 24E124FFFEFAB29D
AppEUI: 24E124C0002A0001
Device EUI/Group Name: 24E124710E317752
Class Type: Class C
Immediately: -
Timestamp: 2739561845
Type: UpUnc
Adr: true
AdrAcKReq: false
Ack: false
Fcnt: 978
Port: 85
Modulation: LORA
Bandwidth: 125
SpreadFactor: 7
Bitrate: 0
CodeRate: 4/5
SNR: 13.5
RSSI: -56
Power: -
Payload(b64): A2cUAQRofwUAAQbLAAd9GgII5g8ACXMdJwp9AgALfQoADH0KAA==
Payload(hex): 0367140104687f05000106cb00077d1a0208e60f0009731d270a7d02000b7d0a000c7d0a00
JSON: {""co2"":538,""hcho"":0.02,""humidity"":63.5,""light_level"":0,""pir"":1,""pm10"":10,""pm2_5"":10,""pressure"":1001.3,""temperature"":27.6,""tvoc"":15}
MIC: 9631ef6a"
24E124710E317752,24E124FFFEFAB29D,472300000,SF7BW125, -53/11.5,37,977,UpUnc,2026-07-15T07:04:23+08:00,"Dev Addr/Multicast Addr: 06f5800d
GwEUI: 24E124FFFEFAB29D
AppEUI: 24E124C0002A0001
Device EUI/Group Name: 24E124710E317752
Class Type: Class C
Immediately: -
Timestamp: 2679564874
Type: UpUnc
Adr: true
AdrAcKReq: false
Ack: false
Fcnt: 977
Port: 85
Modulation: LORA
Bandwidth: 125
SpreadFactor: 7
Bitrate: 0
CodeRate: 4/5
SNR: 11.5
RSSI: -53
Power: -
Payload(b64): A2cUAQRofwUAAQbLAAd9HAII5g8ACXMdJwp9AQALfQ0ADH0NAA==
Payload(hex): 0367140104687f05000106cb00077d1c0208e60f0009731d270a7d01000b7d0d000c7d0d00
JSON: {""co2"":540,""hcho"":0.01,""humidity"":63.5,""light_level"":0,""pir"":1,""pm10"":13,""pm2_5"":13,""pressure"":1001.3,""temperature"":27.6,""tvoc"":15}
MIC: ce411939"
24E124710E317752,24E124FFFEFAB29D,472900000,SF7BW125, -52/10.2,37,976,UpUnc,2026-07-15T07:03:23+08:00,"Dev Addr/Multicast Addr: 06f5800d
GwEUI: 24E124FFFEFAB29D
AppEUI: 24E124C0002A0001
Device EUI/Group Name: 24E124710E317752
Class Type: Class C
Immediately: -
Timestamp: 2619569805
Type: UpUnc
Adr: true
AdrAcKReq: false
Ack: false
Fcnt: 976
Port: 85
Modulation: LORA
Bandwidth: 125
SpreadFactor: 7
Bitrate: 0
CodeRate: 4/5
SNR: 10.2
RSSI: -52
Power: -
Payload(b64): A2cUAQRofwUAAQbLAAd9GQII5g8ACXMdJwp9AgALfQ0ADH0NAA==
Payload(hex): 0367140104687f05000106cb00077d190208e60f0009731d270a7d02000b7d0d000c7d0d00
JSON: {""co2"":537,""hcho"":0.02,""humidity"":63.5,""light_level"":0,""pir"":1,""pm10"":13,""pm2_5"":13,""pressure"":1001.3,""temperature"":27.6,""tvoc"":15}
MIC: 64f00fa1"
24E124710E317752,24E124FFFEFAB29D,473100000,SF7BW125, -51/13.8,37,975,UpUnc,2026-07-15T07:02:23+08:00,"Dev Addr/Multicast Addr: 06f5800d
GwEUI: 24E124FFFEFAB29D
AppEUI: 24E124C0002A0001
Device EUI/Group Name: 24E124710E317752
Class Type: Class C
Immediately: -
Timestamp: 2559564642
Type: UpUnc
Adr: true
AdrAcKReq: false
Ack: false
Fcnt: 975
Port: 85
Modulation: LORA
Bandwidth: 125
SpreadFactor: 7
Bitrate: 0
CodeRate: 4/5
SNR: 13.8
RSSI: -51
Power: -
Payload(b64): A2cUAQRofwUAAQbLAAd9GAII5g8ACXMdJwp9AgALfQ0ADH0NAA==
Payload(hex): 0367140104687f05000106cb00077d180208e60f0009731d270a7d02000b7d0d000c7d0d00
JSON: {""co2"":536,""hcho"":0.02,""humidity"":63.5,""light_level"":0,""pir"":1,""pm10"":13,""pm2_5"":13,""pressure"":1001.3,""temperature"":27.6,""tvoc"":15}
MIC: 930f925b"
24E124710E317752,24E124FFFEFAB29D,471900000,SF7BW125, -56/13.8,37,974,UpUnc,2026-07-15T07:01:23+08:00,"Dev Addr/Multicast Addr: 06f5800d
GwEUI: 24E124FFFEFAB29D
AppEUI: 24E124C0002A0001
Device EUI/Group Name: 24E124710E317752
Class Type: Class C
Immediately: -
Timestamp: 2499567573
Type: UpUnc
Adr: true
AdrAcKReq: false
Ack: false
Fcnt: 974
Port: 85
Modulation: LORA
Bandwidth: 125
SpreadFactor: 7
Bitrate: 0
CodeRate: 4/5
SNR: 13.8
RSSI: -56
Power: -
Payload(b64): A2cUAQRofwUAAQbLAAd9GAII5g8ACXMdJwp9AQALfQsADH0LAA==
Payload(hex): 0367140104687f05000106cb00077d180208e60f0009731d270a7d01000b7d0b000c7d0b00
JSON: {""co2"":536,""hcho"":0.01,""humidity"":63.5,""light_level"":0,""pir"":1,""pm10"":11,""pm2_5"":11,""pressure"":1001.3,""temperature"":27.6,""tvoc"":15}
MIC: ccd20a0d"
24E124710E317752,24E124FFFEFAB29D,472500000,SF7BW125, -54/13.5,37,973,UpUnc,2026-07-15T07:00:24+08:00,"Dev Addr/Multicast Addr: 06f5800d
GwEUI: 24E124FFFEFAB29D
AppEUI: 24E124C0002A0001
Device EUI/Group Name: 24E124710E317752
Class Type: Class C
Immediately: -
Timestamp: 2439563465
Type: UpUnc
Adr: true
AdrAcKReq: false
Ack: false
Fcnt: 973
Port: 85
Modulation: LORA
Bandwidth: 125
SpreadFactor: 7
Bitrate: 0
CodeRate: 4/5
SNR: 13.5
RSSI: -54
Power: -
Payload(b64): A2cUAQRofwUAAQbLAAd9GAII5g8ACXMcJwp9AgALfQsADH0LAA==
Payload(hex): 0367140104687f05000106cb00077d180208e60f0009731c270a7d02000b7d0b000c7d0b00
JSON: {""co2"":536,""hcho"":0.02,""humidity"":63.5,""light_level"":0,""pir"":1,""pm10"":11,""pm2_5"":11,""pressure"":1001.2,""temperature"":27.6,""tvoc"":15}
MIC: 96789619"
24E124710E317752,24E124FFFEFAB29D,472700000,SF7BW125, -53/13.8,37,972,UpUnc,2026-07-15T06:59:24+08:00,"Dev Addr/Multicast Addr: 06f5800d
GwEUI: 24E124FFFEFAB29D
AppEUI: 24E124C0002A0001
Device EUI/Group Name: 24E124710E317752
Class Type: Class C
Immediately: -
Timestamp: 2379568429
Type: UpUnc
Adr: true
AdrAcKReq: false
Ack: false
Fcnt: 972
Port: 85
Modulation: LORA
Bandwidth: 125
SpreadFactor: 7
Bitrate: 0
CodeRate: 4/5
SNR: 13.8
RSSI: -53
Power: -
Payload(b64): A2cUAQRofwUAAQbLAAd9GgII5g8ACXMdJwp9AQALfQsADH0LAA==
Payload(hex): 0367140104687f05000106cb00077d1a0208e60f0009731d270a7d01000b7d0b000c7d0b00
JSON: {""co2"":538,""hcho"":0.01,""humidity"":63.5,""light_level"":0,""pir"":1,""pm10"":11,""pm2_5"":11,""pressure"":1001.3,""temperature"":27.6,""tvoc"":15}
MIC: 3bcd72b2"
24E124710E317752,24E124FFFEFAB29D,473100000,SF7BW125, -51/14.0,37,971,UpUnc,2026-07-15T06:58:24+08:00,"Dev Addr/Multicast Addr: 06f5800d
GwEUI: 24E124FFFEFAB29D
AppEUI: 24E124C0002A0001
Device EUI/Group Name: 24E124710E317752
Class Type: Class C
Immediately: -
Timestamp: 2319562365
Type: UpUnc
Adr: true
AdrAcKReq: false
Ack: false
Fcnt: 971
Port: 85
Modulation: LORA
Bandwidth: 125
SpreadFactor: 7
Bitrate: 0
CodeRate: 4/5
SNR: 14.0
RSSI: -51
Power: -
Payload(b64): A2cUAQRofwUAAQbLAAd9GwII5g8ACXMcJwp9AgALfQwADH0MAA==
Payload(hex): 0367140104687f05000106cb00077d1b0208e60f0009731c270a7d02000b7d0c000c7d0c00
JSON: {""co2"":539,""hcho"":0.02,""humidity"":63.5,""light_level"":0,""pir"":1,""pm10"":12,""pm2_5"":12,""pressure"":1001.2,""temperature"":27.6,""tvoc"":15}
MIC: 51d17da6"
24E124710E317752,24E124FFFEFAB29D,471900000,SF7BW125, -55/13.8,37,970,UpUnc,2026-07-15T06:57:24+08:00,"Dev Addr/Multicast Addr: 06f5800d
GwEUI: 24E124FFFEFAB29D
AppEUI: 24E124C0002A0001
Device EUI/Group Name: 24E124710E317752
Class Type: Class C
Immediately: -
Timestamp: 2259568287
Type: UpUnc
Adr: true
AdrAcKReq: false
Ack: false
Fcnt: 970
Port: 85
Modulation: LORA
Bandwidth: 125
SpreadFactor: 7
Bitrate: 0
CodeRate: 4/5
SNR: 13.8
RSSI: -55
Power: -
Payload(b64): A2cUAQRofwUAAQbLAAd9HQII5g8ACXMcJwp9AgALfQwADH0MAA==
Payload(hex): 0367140104687f05000106cb00077d1d0208e60f0009731c270a7d02000b7d0c000c7d0c00
JSON: {""co2"":541,""hcho"":0.02,""humidity"":63.5,""light_level"":0,""pir"":1,""pm10"":12,""pm2_5"":12,""pressure"":1001.2,""temperature"":27.6,""tvoc"":15}
MIC: 1e2445e6"
24E124710E317752,24E124FFFEFAB29D,472300000,SF7BW125, -53/11.8,37,969,UpUnc,2026-07-15T06:56:24+08:00,"Dev Addr/Multicast Addr: 06f5800d
GwEUI: 24E124FFFEFAB29D
AppEUI: 24E124C0002A0001
Device EUI/Group Name: 24E124710E317752
Class Type: Class C
Immediately: -
Timestamp: 2199565332
Type: UpUnc
Adr: true
AdrAcKReq: false
Ack: false
Fcnt: 969
Port: 85
Modulation: LORA
Bandwidth: 125
SpreadFactor: 7
Bitrate: 0
CodeRate: 4/5
SNR: 11.8
RSSI: -53
Power: -
Payload(b64): A2cUAQRofwUAAQbLAAd9GgII5g8ACXMcJwp9AQALfQwADH0MAA==
Payload(hex): 0367140104687f05000106cb00077d1a0208e60f0009731c270a7d01000b7d0c000c7d0c00
JSON: {""co2"":538,""hcho"":0.01,""humidity"":63.5,""light_level"":0,""pir"":1,""pm10"":12,""pm2_5"":12,""pressure"":1001.2,""temperature"":27.6,""tvoc"":15}
MIC: 8ebc5181"
24E124710E317752,24E124FFFEFAB29D,503300000,SF7BW125, -/-,0,33,DnUnc,2026-07-15T06:55:51+08:00,"Dev Addr/Multicast Addr: 06f5800d
GwEUI: 24E124FFFEFAB29D
AppEUI: 24E124C0002A0001
Device EUI/Group Name: 24E124710E317752
Class Type: Class C
Immediately: false
Timestamp: 2167319298
Type: DnUnc
Adr: true
AdrAcKReq: false
Ack: false
Fcnt: 33
Port: -
Modulation: LORA
Bandwidth: 125
SpreadFactor: 7
Bitrate: 0
CodeRate: 4/5
SNR: -
RSSI: -
Power: 20
Payload(b64): 
Payload(hex): 
JSON: 
MIC: 09a4466f"
24E124710E317752,24E124FFFEFAB29D,473300000,SF7BW125, -52/14.0,0,968,UpUnc,2026-07-15T06:55:50+08:00,"Dev Addr/Multicast Addr: 06f5800d
GwEUI: 24E124FFFEFAB29D
AppEUI: 24E124C0002A0001
Device EUI/Group Name: 24E124710E317752
Class Type: Class C
Immediately: -
Timestamp: 2166319298
Type: UpUnc
Adr: true
AdrAcKReq: false
Ack: false
Fcnt: 968
Port: 0
Modulation: LORA
Bandwidth: 125
SpreadFactor: 7
Bitrate: 0
CodeRate: 4/5
SNR: 14.0
RSSI: -52
Power: -
Payload(b64): 
Payload(hex): 
JSON: 
MIC: ecb5b726"
24E124710E317752,24E124FFFEFAB29D,472300000,SF7BW125, -53/11.5,37,967,UpUnc,2026-07-15T06:55:24+08:00,"Dev Addr/Multicast Addr: 06f5800d
GwEUI: 24E124FFFEFAB29D
AppEUI: 24E124C0002A0001
Device EUI/Group Name: 24E124710E317752
Class Type: Class C
Immediately: -
Timestamp: 2139569140
Type: UpUnc
Adr: true
AdrAcKReq: false
Ack: false
Fcnt: 967
Port: 85
Modulation: LORA
Bandwidth: 125
SpreadFactor: 7
Bitrate: 0
CodeRate: 4/5
SNR: 11.5
RSSI: -53
Power: -
Payload(b64): A2cUAQRofwUAAQbLAAd9GQII5g8ACXMcJwp9AgALfQoADH0KAA==
Payload(hex): 0367140104687f05000106cb00077d190208e60f0009731c270a7d02000b7d0a000c7d0a00
JSON: {""co2"":537,""hcho"":0.02,""humidity"":63.5,""light_level"":0,""pir"":1,""pm10"":10,""pm2_5"":10,""pressure"":1001.2,""temperature"":27.6,""tvoc"":15}
MIC: 50fbcf77"
24E124710E317752,24E124FFFEFAB29D,472700000,SF7BW125, -53/14.5,37,966,UpUnc,2026-07-15T06:54:24+08:00,"Dev Addr/Multicast Addr: 06f5800d
GwEUI: 24E124FFFEFAB29D
AppEUI: 24E124C0002A0001
Device EUI/Group Name: 24E124710E317752
Class Type: Class C
Immediately: -
Timestamp: 2079562074
Type: UpUnc
Adr: true
AdrAcKReq: false
Ack: false
Fcnt: 966
Port: 85
Modulation: LORA
Bandwidth: 125
SpreadFactor: 7
Bitrate: 0
CodeRate: 4/5
SNR: 14.5
RSSI: -53
Power: -
Payload(b64): A2cUAQRofwUAAQbLAAd9GgII5g8ACXMcJwp9AQALfQoADH0KAA==
Payload(hex): 0367140104687f05000106cb00077d1a0208e60f0009731c270a7d01000b7d0a000c7d0a00
JSON: {""co2"":538,""hcho"":0.01,""humidity"":63.5,""light_level"":0,""pir"":1,""pm10"":10,""pm2_5"":10,""pressure"":1001.2,""temperature"":27.6,""tvoc"":15}
MIC: 9659deb2"
24E124710E317752,24E124FFFEFAB29D,473100000,SF7BW125, -51/14.0,37,965,UpUnc,2026-07-15T06:53:24+08:00,"Dev Addr/Multicast Addr: 06f5800d
GwEUI: 24E124FFFEFAB29D
AppEUI: 24E124C0002A0001
Device EUI/Group Name: 24E124710E317752
Class Type: Class C
Immediately: -
Timestamp: 2019566991
Type: UpUnc
Adr: true
AdrAcKReq: false
Ack: false
Fcnt: 965
Port: 85
Modulation: LORA
Bandwidth: 125
SpreadFactor: 7
Bitrate: 0
CodeRate: 4/5
SNR: 14.0
RSSI: -51
Power: -
Payload(b64): A2cUAQRofwUAAQbLAAd9FwII5g8ACXMbJwp9AgALfQoADH0KAA==
Payload(hex): 0367140104687f05000106cb00077d170208e60f0009731b270a7d02000b7d0a000c7d0a00
JSON: {""co2"":535,""hcho"":0.02,""humidity"":63.5,""light_level"":0,""pir"":1,""pm10"":10,""pm2_5"":10,""pressure"":1001.1,""temperature"":27.6,""tvoc"":15}
MIC: a3245346"
24E124710E317752,24E124FFFEFAB29D,473300000,SF7BW125, -52/13.5,37,964,UpUnc,2026-07-15T06:52:24+08:00,"Dev Addr/Multicast Addr: 06f5800d
GwEUI: 24E124FFFEFAB29D
AppEUI: 24E124C0002A0001
Device EUI/Group Name: 24E124710E317752
Class Type: Class C
Immediately: -
Timestamp: 1959564068
Type: UpUnc
Adr: true
AdrAcKReq: false
Ack: false
Fcnt: 964
Port: 85
Modulation: LORA
Bandwidth: 125
SpreadFactor: 7
Bitrate: 0
CodeRate: 4/5
SNR: 13.5
RSSI: -52
Power: -
Payload(b64): A2cUAQRofwUAAQbLAAd9GQII5g8ACXMbJwp9AgALfQsADH0LAA==
Payload(hex): 0367140104687f05000106cb00077d190208e60f0009731b270a7d02000b7d0b000c7d0b00
JSON: {""co2"":537,""hcho"":0.02,""humidity"":63.5,""light_level"":0,""pir"":1,""pm10"":11,""pm2_5"":11,""pressure"":1001.1,""temperature"":27.6,""tvoc"":15}
MIC: dd0b20f9"
24E124710E317752,24E124FFFEFAB29D,472100000,SF7BW125, -54/13.8,37,963,UpUnc,2026-07-15T06:51:24+08:00,"Dev Addr/Multicast Addr: 06f5800d
GwEUI: 24E124FFFEFAB29D
AppEUI: 24E124C0002A0001
Device EUI/Group Name: 24E124710E317752
Class Type: Class C
Immediately: -
Timestamp: 1899569973
Type: UpUnc
Adr: true
AdrAcKReq: false
Ack: false
Fcnt: 963
Port: 85
Modulation: LORA
Bandwidth: 125
SpreadFactor: 7
Bitrate: 0
CodeRate: 4/5
SNR: 13.8
RSSI: -54
Power: -
Payload(b64): A2cUAQRofwUAAQbLAAd9FwII5g8ACXMbJwp9AQALfQsADH0LAA==
Payload(hex): 0367140104687f05000106cb00077d170208e60f0009731b270a7d01000b7d0b000c7d0b00
JSON: {""co2"":535,""hcho"":0.01,""humidity"":63.5,""light_level"":0,""pir"":1,""pm10"":11,""pm2_5"":11,""pressure"":1001.1,""temperature"":27.6,""tvoc"":15}
MIC: ea78ab59"
24E124710E317752,24E124FFFEFAB29D,472500000,SF7BW125, -53/13.8,37,962,UpUnc,2026-07-15T06:50:24+08:00,"Dev Addr/Multicast Addr: 06f5800d
GwEUI: 24E124FFFEFAB29D
AppEUI: 24E124C0002A0001
Device EUI/Group Name: 24E124710E317752
Class Type: Class C
Immediately: -
Timestamp: 1839565820
Type: UpUnc
Adr: true
AdrAcKReq: false
Ack: false
Fcnt: 962
Port: 85
Modulation: LORA
Bandwidth: 125
SpreadFactor: 7
Bitrate: 0
CodeRate: 4/5
SNR: 13.8
RSSI: -53
Power: -
Payload(b64): A2cUAQRofwUAAQbLAAd9FwII5g8ACXMbJwp9AgALfQsADH0LAA==
Payload(hex): 0367140104687f05000106cb00077d170208e60f0009731b270a7d02000b7d0b000c7d0b00
JSON: {""co2"":535,""hcho"":0.02,""humidity"":63.5,""light_level"":0,""pir"":1,""pm10"":11,""pm2_5"":11,""pressure"":1001.1,""temperature"":27.6,""tvoc"":15}
MIC: a237ba9a"
24E124710E317752,24E124FFFEFAB29D,473100000,SF7BW125, -51/14.0,37,961,UpUnc,2026-07-15T06:49:24+08:00,"Dev Addr/Multicast Addr: 06f5800d
GwEUI: 24E124FFFEFAB29D
AppEUI: 24E124C0002A0001
Device EUI/Group Name: 24E124710E317752
Class Type: Class C
Immediately: -
Timestamp: 1779571812
Type: UpUnc
Adr: true
AdrAcKReq: false
Ack: false
Fcnt: 961
Port: 85
Modulation: LORA
Bandwidth: 125
SpreadFactor: 7
Bitrate: 0
CodeRate: 4/5
SNR: 14.0
RSSI: -51
Power: -
Payload(b64): A2cUAQRofwUAAQbLAAd9GAII5g8ACXMcJwp9AQALfQsADH0LAA==
Payload(hex): 0367140104687f05000106cb00077d180208e60f0009731c270a7d01000b7d0b000c7d0b00
JSON: {""co2"":536,""hcho"":0.01,""humidity"":63.5,""light_level"":0,""pir"":1,""pm10"":11,""pm2_5"":11,""pressure"":1001.2,""temperature"":27.6,""tvoc"":15}
MIC: a7901fbf"
24E124710E317752,24E124FFFEFAB29D,471900000,SF7BW125, -55/13.5,37,960,UpUnc,2026-07-15T06:48:24+08:00,"Dev Addr/Multicast Addr: 06f5800d
GwEUI: 24E124FFFEFAB29D
AppEUI: 24E124C0002A0001
Device EUI/Group Name: 24E124710E317752
Class Type: Class C
Immediately: -
Timestamp: 1719566770
Type: UpUnc
Adr: true
AdrAcKReq: false
Ack: false
Fcnt: 960
Port: 85
Modulation: LORA
Bandwidth: 125
SpreadFactor: 7
Bitrate: 0
CodeRate: 4/5
SNR: 13.5
RSSI: -55
Power: -
Payload(b64): A2cUAQRofwUAAQbLAAd9GQII5g8ACXMbJwp9AgALfQsADH0LAA==
Payload(hex): 0367140104687f05000106cb00077d190208e60f0009731b270a7d02000b7d0b000c7d0b00
JSON: {""co2"":537,""hcho"":0.02,""humidity"":63.5,""light_level"":0,""pir"":1,""pm10"":11,""pm2_5"":11,""pressure"":1001.1,""temperature"":27.6,""tvoc"":15}
MIC: 7f041792"
24E124710E317752,24E124FFFEFAB29D,472100000,SF7BW125, -54/14.0,37,959,UpUnc,2026-07-15T06:47:24+08:00,"Dev Addr/Multicast Addr: 06f5800d
GwEUI: 24E124FFFEFAB29D
AppEUI: 24E124C0002A0001
Device EUI/Group Name: 24E124710E317752
Class Type: Class C
Immediately: -
Timestamp: 1659566556
Type: UpUnc
Adr: true
AdrAcKReq: false
Ack: false
Fcnt: 959
Port: 85
Modulation: LORA
Bandwidth: 125
SpreadFactor: 7
Bitrate: 0
CodeRate: 4/5
SNR: 14.0
RSSI: -54
Power: -
Payload(b64): A2cUAQRofwUAAQbLAAd9GgII5g8ACXMbJwp9AQALfQsADH0LAA==
Payload(hex): 0367140104687f05000106cb00077d1a0208e60f0009731b270a7d01000b7d0b000c7d0b00
JSON: {""co2"":538,""hcho"":0.01,""humidity"":63.5,""light_level"":0,""pir"":1,""pm10"":11,""pm2_5"":11,""pressure"":1001.1,""temperature"":27.6,""tvoc"":15}
MIC: dae9ec78"
24E124710E317752,24E124FFFEFAB29D,472700000,SF7BW125, -53/13.8,37,958,UpUnc,2026-07-15T06:46:24+08:00,"Dev Addr/Multicast Addr: 06f5800d
GwEUI: 24E124FFFEFAB29D
AppEUI: 24E124C0002A0001
Device EUI/Group Name: 24E124710E317752
Class Type: Class C
Immediately: -
Timestamp: 1599565612
Type: UpUnc
Adr: true
AdrAcKReq: false
Ack: false
Fcnt: 958
Port: 85
Modulation: LORA
Bandwidth: 125
SpreadFactor: 7
Bitrate: 0
CodeRate: 4/5
SNR: 13.8
RSSI: -53
Power: -
Payload(b64): A2cUAQRofwUAAQbLAAd9GQII5g8ACXMbJwp9AQALfQ0ADH0NAA==
Payload(hex): 0367140104687f05000106cb00077d190208e60f0009731b270a7d01000b7d0d000c7d0d00
JSON: {""co2"":537,""hcho"":0.01,""humidity"":63.5,""light_level"":0,""pir"":1,""pm10"":13,""pm2_5"":13,""pressure"":1001.1,""temperature"":27.6,""tvoc"":15}
MIC: bca7424a"
24E124710E317752,24E124FFFEFAB29D,473100000,SF7BW125, -51/14.0,37,957,UpUnc,2026-07-15T06:45:24+08:00,"Dev Addr/Multicast Addr: 06f5800d
GwEUI: 24E124FFFEFAB29D
AppEUI: 24E124C0002A0001
Device EUI/Group Name: 24E124710E317752
Class Type: Class C
Immediately: -
Timestamp: 1539564515
Type: UpUnc
Adr: true
AdrAcKReq: false
Ack: false
Fcnt: 957
Port: 85
Modulation: LORA
Bandwidth: 125
SpreadFactor: 7
Bitrate: 0
CodeRate: 4/5
SNR: 14.0
RSSI: -51
Power: -
Payload(b64): A2cUAQRofwUAAQbLAAd9GAII5g8ACXMcJwp9AQALfQ0ADH0NAA==
Payload(hex): 0367140104687f05000106cb00077d180208e60f0009731c270a7d01000b7d0d000c7d0d00
JSON: {""co2"":536,""hcho"":0.01,""humidity"":63.5,""light_level"":0,""pir"":1,""pm10"":13,""pm2_5"":13,""pressure"":1001.2,""temperature"":27.6,""tvoc"":15}
MIC: 3f38cd0c"
24E124710E317752,24E124FFFEFAB29D,471900000,SF7BW125, -55/14.2,37,956,UpUnc,2026-07-15T06:44:24+08:00,"Dev Addr/Multicast Addr: 06f5800d
GwEUI: 24E124FFFEFAB29D
AppEUI: 24E124C0002A0001
Device EUI/Group Name: 24E124710E317752
Class Type: Class C
Immediately: -
Timestamp: 1479569474
Type: UpUnc
Adr: true
AdrAcKReq: false
Ack: false
Fcnt: 956
Port: 85
Modulation: LORA
Bandwidth: 125
SpreadFactor: 7
Bitrate: 0
CodeRate: 4/5
SNR: 14.2
RSSI: -55
Power: -
Payload(b64): A2cUAQRofwUAAQbLAAd9GQII5g8ACXMbJwp9AQALfQ0ADH0NAA==
Payload(hex): 0367140104687f05000106cb00077d190208e60f0009731b270a7d01000b7d0d000c7d0d00
JSON: {""co2"":537,""hcho"":0.01,""humidity"":63.5,""light_level"":0,""pir"":1,""pm10"":13,""pm2_5"":13,""pressure"":1001.1,""temperature"":27.6,""tvoc"":15}
MIC: ee49098f"
24E124710E317752,24E124FFFEFAB29D,472100000,SF7BW125, -54/13.2,37,955,UpUnc,2026-07-15T06:43:24+08:00,"Dev Addr/Multicast Addr: 06f5800d
GwEUI: 24E124FFFEFAB29D
AppEUI: 24E124C0002A0001
Device EUI/Group Name: 24E124710E317752
Class Type: Class C
Immediately: -
Timestamp: 1419566286
Type: UpUnc
Adr: true
AdrAcKReq: false
Ack: false
Fcnt: 955
Port: 85
Modulation: LORA
Bandwidth: 125
SpreadFactor: 7
Bitrate: 0
CodeRate: 4/5
SNR: 13.2
RSSI: -54
Power: -
Payload(b64): A2cUAQRofwUAAQbLAAd9FwII5g8ACXMbJwp9AgALfQsADH0MAA==
Payload(hex): 0367140104687f05000106cb00077d170208e60f0009731b270a7d02000b7d0b000c7d0c00
JSON: {""co2"":535,""hcho"":0.02,""humidity"":63.5,""light_level"":0,""pir"":1,""pm10"":12,""pm2_5"":11,""pressure"":1001.1,""temperature"":27.6,""tvoc"":15}
MIC: eda46802"
24E124710E317752,24E124FFFEFAB29D,472500000,SF7BW125, -54/13.8,37,954,UpUnc,2026-07-15T06:42:24+08:00,"Dev Addr/Multicast Addr: 06f5800d
GwEUI: 24E124FFFEFAB29D
AppEUI: 24E124C0002A0001
Device EUI/Group Name: 24E124710E317752
Class Type: Class C
Immediately: -
Timestamp: 1359566251
Type: UpUnc
Adr: true
AdrAcKReq: false
Ack: false
Fcnt: 954
Port: 85
Modulation: LORA
Bandwidth: 125
SpreadFactor: 7
Bitrate: 0
CodeRate: 4/5
SNR: 13.8
RSSI: -54
Power: -
Payload(b64): A2cUAQRofwUAAQbLAAd9GQII5g8ACXMbJwp9AQALfQsADH0MAA==
Payload(hex): 0367140104687f05000106cb00077d190208e60f0009731b270a7d01000b7d0b000c7d0c00
JSON: {""co2"":537,""hcho"":0.01,""humidity"":63.5,""light_level"":0,""pir"":1,""pm10"":12,""pm2_5"":11,""pressure"":1001.1,""temperature"":27.6,""tvoc"":15}
MIC: f30c9851"
24E124710E317752,24E124FFFEFAB29D,472900000,SF7BW125, -52/9.2,37,953,UpUnc,2026-07-15T06:41:24+08:00,"Dev Addr/Multicast Addr: 06f5800d
GwEUI: 24E124FFFEFAB29D
AppEUI: 24E124C0002A0001
Device EUI/Group Name: 24E124710E317752
Class Type: Class C
Immediately: -
Timestamp: 1299569153
Type: UpUnc
Adr: true
AdrAcKReq: false
Ack: false
Fcnt: 953
Port: 85
Modulation: LORA
Bandwidth: 125
SpreadFactor: 7
Bitrate: 0
CodeRate: 4/5
SNR: 9.2
RSSI: -52
Power: -
Payload(b64): A2cUAQRofwUAAQbLAAd9HAII5g8ACXMbJwp9AQALfQsADH0MAA==
Payload(hex): 0367140104687f05000106cb00077d1c0208e60f0009731b270a7d01000b7d0b000c7d0c00
JSON: {""co2"":540,""hcho"":0.01,""humidity"":63.5,""light_level"":0,""pir"":1,""pm10"":12,""pm2_5"":11,""pressure"":1001.1,""temperature"":27.6,""tvoc"":15}
MIC: 4aad6e90"
24E124710E317752,24E124FFFEFAB29D,473300000,SF7BW125, -52/13.8,37,952,UpUnc,2026-07-15T06:40:24+08:00,"Dev Addr/Multicast Addr: 06f5800d
GwEUI: 24E124FFFEFAB29D
AppEUI: 24E124C0002A0001
Device EUI/Group Name: 24E124710E317752
Class Type: Class C
Immediately: -
Timestamp: 1239569088
Type: UpUnc
Adr: true
AdrAcKReq: false
Ack: false
Fcnt: 952
Port: 85
Modulation: LORA
Bandwidth: 125
SpreadFactor: 7
Bitrate: 0
CodeRate: 4/5
SNR: 13.8
RSSI: -52
Power: -
Payload(b64): A2cUAQRofwUAAQbLAAd9HAII5g8ACXMbJwp9AQALfQwADH0MAA==
Payload(hex): 0367140104687f05000106cb00077d1c0208e60f0009731b270a7d01000b7d0c000c7d0c00
JSON: {""co2"":540,""hcho"":0.01,""humidity"":63.5,""light_level"":0,""pir"":1,""pm10"":12,""pm2_5"":12,""pressure"":1001.1,""temperature"":27.6,""tvoc"":15}
MIC: 1132eac2"
24E124710E317752,24E124FFFEFAB29D,472100000,SF7BW125, -54/13.2,37,951,UpUnc,2026-07-15T06:39:24+08:00,"Dev Addr/Multicast Addr: 06f5800d
GwEUI: 24E124FFFEFAB29D
AppEUI: 24E124C0002A0001
Device EUI/Group Name: 24E124710E317752
Class Type: Class C
Immediately: -
Timestamp: 1179570999
Type: UpUnc
Adr: true
AdrAcKReq: false
Ack: false
Fcnt: 951
Port: 85
Modulation: LORA
Bandwidth: 125
SpreadFactor: 7
Bitrate: 0
CodeRate: 4/5
SNR: 13.2
RSSI: -54
Power: -
Payload(b64): A2cUAQRofwUAAQbLAAd9GgII5g8ACXMbJwp9AQALfQwADH0MAA==
Payload(hex): 0367140104687f05000106cb00077d1a0208e60f0009731b270a7d01000b7d0c000c7d0c00
JSON: {""co2"":538,""hcho"":0.01,""humidity"":63.5,""light_level"":0,""pir"":1,""pm10"":12,""pm2_5"":12,""pressure"":1001.1,""temperature"":27.6,""tvoc"":15}
MIC: 068a534b"
24E124710E317752,24E124FFFEFAB29D,472500000,SF7BW125, -54/13.8,37,950,UpUnc,2026-07-15T06:38:24+08:00,"Dev Addr/Multicast Addr: 06f5800d
GwEUI: 24E124FFFEFAB29D
AppEUI: 24E124C0002A0001
Device EUI/Group Name: 24E124710E317752
Class Type: Class C
Immediately: -
Timestamp: 1119567901
Type: UpUnc
Adr: true
AdrAcKReq: false
Ack: false
Fcnt: 950
Port: 85
Modulation: LORA
Bandwidth: 125
SpreadFactor: 7
Bitrate: 0
CodeRate: 4/5
SNR: 13.8
RSSI: -54
Power: -
Payload(b64): A2cUAQRofwUAAQbLAAd9GAII5g8ACXMbJwp9AgALfQwADH0MAA==
Payload(hex): 0367140104687f05000106cb00077d180208e60f0009731b270a7d02000b7d0c000c7d0c00
JSON: {""co2"":536,""hcho"":0.02,""humidity"":63.5,""light_level"":0,""pir"":1,""pm10"":12,""pm2_5"":12,""pressure"":1001.1,""temperature"":27.6,""tvoc"":15}
MIC: e15049a9"
24E124710E317752,24E124FFFEFAB29D,473100000,SF7BW125, -51/14.2,37,949,UpUnc,2026-07-15T06:37:24+08:00,"Dev Addr/Multicast Addr: 06f5800d
GwEUI: 24E124FFFEFAB29D
AppEUI: 24E124C0002A0001
Device EUI/Group Name: 24E124710E317752
Class Type: Class C
Immediately: -
Timestamp: 1059573854
Type: UpUnc
Adr: true
AdrAcKReq: false
Ack: false
Fcnt: 949
Port: 85
Modulation: LORA
Bandwidth: 125
SpreadFactor: 7
Bitrate: 0
CodeRate: 4/5
SNR: 14.2
RSSI: -51
Power: -
Payload(b64): A2cUAQRofwUAAQbLAAd9FgII5g8ACXMbJwp9AQALfQsADH0LAA==
Payload(hex): 0367140104687f05000106cb00077d160208e60f0009731b270a7d01000b7d0b000c7d0b00
JSON: {""co2"":534,""hcho"":0.01,""humidity"":63.5,""light_level"":0,""pir"":1,""pm10"":11,""pm2_5"":11,""pressure"":1001.1,""temperature"":27.6,""tvoc"":15}
MIC: 53c8a5da"
24E124710E317752,24E124FFFEFAB29D,473300000,SF7BW125, -52/13.8,37,948,UpUnc,2026-07-15T06:36:24+08:00,"Dev Addr/Multicast Addr: 06f5800d
GwEUI: 24E124FFFEFAB29D
AppEUI: 24E124C0002A0001
Device EUI/Group Name: 24E124710E317752
Class Type: Class C
Immediately: -
Timestamp: 999570783
Type: UpUnc
Adr: true
AdrAcKReq: false
Ack: false
Fcnt: 948
Port: 85
Modulation: LORA
Bandwidth: 125
SpreadFactor: 7
Bitrate: 0
CodeRate: 4/5
SNR: 13.8
RSSI: -52
Power: -
Payload(b64): A2cUAQRofwUAAQbLAAd9FQII5g8ACXMcJwp9AQALfQsADH0LAA==
Payload(hex): 0367140104687f05000106cb00077d150208e60f0009731c270a7d01000b7d0b000c7d0b00
JSON: {""co2"":533,""hcho"":0.01,""humidity"":63.5,""light_level"":0,""pir"":1,""pm10"":11,""pm2_5"":11,""pressure"":1001.2,""temperature"":27.6,""tvoc"":15}
MIC: f10f77ff"
24E124710E317752,24E124FFFEFAB29D,472100000,SF7BW125, -54/13.2,37,947,UpUnc,2026-07-15T06:35:23+08:00,"Dev Addr/Multicast Addr: 06f5800d
GwEUI: 24E124FFFEFAB29D
AppEUI: 24E124C0002A0001
Device EUI/Group Name: 24E124710E317752
Class Type: Class C
Immediately: -
Timestamp: 939567727
Type: UpUnc
Adr: true
AdrAcKReq: false
Ack: false
Fcnt: 947
Port: 85
Modulation: LORA
Bandwidth: 125
SpreadFactor: 7
Bitrate: 0
CodeRate: 4/5
SNR: 13.2
RSSI: -54
Power: -
Payload(b64): A2cUAQRofwUAAQbLAAd9FQII5g8ACXMcJwp9AQALfQsADH0LAA==
Payload(hex): 0367140104687f05000106cb00077d150208e60f0009731c270a7d01000b7d0b000c7d0b00
JSON: {""co2"":533,""hcho"":0.01,""humidity"":63.5,""light_level"":0,""pir"":1,""pm10"":11,""pm2_5"":11,""pressure"":1001.2,""temperature"":27.6,""tvoc"":15}
MIC: c10522e7"
24E124710E317752,24E124FFFEFAB29D,472700000,SF7BW125, -53/14.2,37,946,UpUnc,2026-07-15T06:34:24+08:00,"Dev Addr/Multicast Addr: 06f5800d
GwEUI: 24E124FFFEFAB29D
AppEUI: 24E124C0002A0001
Device EUI/Group Name: 24E124710E317752
Class Type: Class C
Immediately: -
Timestamp: 879573649
Type: UpUnc
Adr: true
AdrAcKReq: false
Ack: false
Fcnt: 946
Port: 85
Modulation: LORA
Bandwidth: 125
SpreadFactor: 7
Bitrate: 0
CodeRate: 4/5
SNR: 14.2
RSSI: -53
Power: -
Payload(b64): A2cUAQRofwUAAQbLAAd9EwII5g8ACXMcJwp9AQALfQwADH0MAA==
Payload(hex): 0367140104687f05000106cb00077d130208e60f0009731c270a7d01000b7d0c000c7d0c00
JSON: {""co2"":531,""hcho"":0.01,""humidity"":63.5,""light_level"":0,""pir"":1,""pm10"":12,""pm2_5"":12,""pressure"":1001.2,""temperature"":27.6,""tvoc"":15}
MIC: 2be5e242"
24E124710E317752,24E124FFFEFAB29D,472900000,SF7BW125, -52/10.5,37,945,UpUnc,2026-07-15T06:33:23+08:00,"Dev Addr/Multicast Addr: 06f5800d
GwEUI: 24E124FFFEFAB29D
AppEUI: 24E124C0002A0001
Device EUI/Group Name: 24E124710E317752
Class Type: Class C
Immediately: -
Timestamp: 819571862
Type: UpUnc
Adr: true
AdrAcKReq: false
Ack: false
Fcnt: 945
Port: 85
Modulation: LORA
Bandwidth: 125
SpreadFactor: 7
Bitrate: 0
CodeRate: 4/5
SNR: 10.5
RSSI: -52
Power: -
Payload(b64): A2cUAQRofwUAAQbLAAd9FAII5g8ACXMcJwp9AgALfQwADH0MAA==
Payload(hex): 0367140104687f05000106cb00077d140208e60f0009731c270a7d02000b7d0c000c7d0c00
JSON: {""co2"":532,""hcho"":0.02,""humidity"":63.5,""light_level"":0,""pir"":1,""pm10"":12,""pm2_5"":12,""pressure"":1001.2,""temperature"":27.6,""tvoc"":15}
MIC: 7d8712d2"
24E124710E317752,24E124FFFEFAB29D,471900000,SF7BW125, -55/14.0,37,944,UpUnc,2026-07-15T06:32:23+08:00,"Dev Addr/Multicast Addr: 06f5800d
GwEUI: 24E124FFFEFAB29D
AppEUI: 24E124C0002A0001
Device EUI/Group Name: 24E124710E317752
Class Type: Class C
Immediately: -
Timestamp: 759569594
Type: UpUnc
Adr: true
AdrAcKReq: false
Ack: false
Fcnt: 944
Port: 85
Modulation: LORA
Bandwidth: 125
SpreadFactor: 7
Bitrate: 0
CodeRate: 4/5
SNR: 14.0
RSSI: -55
Power: -
Payload(b64): A2cUAQRofwUAAQbLAAd9FQII5g8ACXMdJwp9AQALfQwADH0MAA==
Payload(hex): 0367140104687f05000106cb00077d150208e60f0009731d270a7d01000b7d0c000c7d0c00
JSON: {""co2"":533,""hcho"":0.01,""humidity"":63.5,""light_level"":0,""pir"":1,""pm10"":12,""pm2_5"":12,""pressure"":1001.3,""temperature"":27.6,""tvoc"":15}
MIC: 8cdcbd75"
24E124710E317752,24E124FFFEFAB29D,472300000,SF7BW125, -53/11.5,37,943,UpUnc,2026-07-15T06:31:23+08:00,"Dev Addr/Multicast Addr: 06f5800d
GwEUI: 24E124FFFEFAB29D
AppEUI: 24E124C0002A0001
Device EUI/Group Name: 24E124710E317752
Class Type: Class C
Immediately: -
Timestamp: 699566438
Type: UpUnc
Adr: true
AdrAcKReq: false
Ack: false
Fcnt: 943
Port: 85
Modulation: LORA
Bandwidth: 125
SpreadFactor: 7
Bitrate: 0
CodeRate: 4/5
SNR: 11.5
RSSI: -53
Power: -
Payload(b64): A2cUAQRofwUAAQbLAAd9FAII5g8ACXMeJwp9AgALfQwADH0MAA==
Payload(hex): 0367140104687f05000106cb00077d140208e60f0009731e270a7d02000b7d0c000c7d0c00
JSON: {""co2"":532,""hcho"":0.02,""humidity"":63.5,""light_level"":0,""pir"":1,""pm10"":12,""pm2_5"":12,""pressure"":1001.4,""temperature"":27.6,""tvoc"":15}
MIC: 47c112fa"
24E124710E317752,24E124FFFEFAB29D,472500000,SF7BW125, -54/13.8,37,942,UpUnc,2026-07-15T06:30:23+08:00,"Dev Addr/Multicast Addr: 06f5800d
GwEUI: 24E124FFFEFAB29D
AppEUI: 24E124C0002A0001
Device EUI/Group Name: 24E124710E317752
Class Type: Class C
Immediately: -
Timestamp: 639571468
Type: UpUnc
Adr: true
AdrAcKReq: false
Ack: false
Fcnt: 942
Port: 85
Modulation: LORA
Bandwidth: 125
SpreadFactor: 7
Bitrate: 0
CodeRate: 4/5
SNR: 13.8
RSSI: -54
Power: -
Payload(b64): A2cUAQRofwUAAQbLAAd9EwII5g8ACXMeJwp9AQALfQwADH0MAA==
Payload(hex): 0367140104687f05000106cb00077d130208e60f0009731e270a7d01000b7d0c000c7d0c00
JSON: {""co2"":531,""hcho"":0.01,""humidity"":63.5,""light_level"":0,""pir"":1,""pm10"":12,""pm2_5"":12,""pressure"":1001.4,""temperature"":27.6,""tvoc"":15}
MIC: 4f9ce649"
24E124710E317752,24E124FFFEFAB29D,473100000,SF7BW125, -51/13.8,37,941,UpUnc,2026-07-15T06:29:23+08:00,"Dev Addr/Multicast Addr: 06f5800d
GwEUI: 24E124FFFEFAB29D
AppEUI: 24E124C0002A0001
Device EUI/Group Name: 24E124710E317752
Class Type: Class C
Immediately: -
Timestamp: 579568292
Type: UpUnc
Adr: true
AdrAcKReq: false
Ack: false
Fcnt: 941
Port: 85
Modulation: LORA
Bandwidth: 125
SpreadFactor: 7
Bitrate: 0
CodeRate: 4/5
SNR: 13.8
RSSI: -51
Power: -
Payload(b64): A2cUAQRofwUAAQbLAAd9FgII5g8ACXMeJwp9AQALfQwADH0MAA==
Payload(hex): 0367140104687f05000106cb00077d160208e60f0009731e270a7d01000b7d0c000c7d0c00
JSON: {""co2"":534,""hcho"":0.01,""humidity"":63.5,""light_level"":0,""pir"":1,""pm10"":12,""pm2_5"":12,""pressure"":1001.4,""temperature"":27.6,""tvoc"":15}
MIC: e24d354a"
24E124710E317752,24E124FFFEFAB29D,473300000,SF7BW125, -52/13.8,37,940,UpUnc,2026-07-15T06:28:23+08:00,"Dev Addr/Multicast Addr: 06f5800d
GwEUI: 24E124FFFEFAB29D
AppEUI: 24E124C0002A0001
Device EUI/Group Name: 24E124710E317752
Class Type: Class C
Immediately: -
Timestamp: 519572288
Type: UpUnc
Adr: true
AdrAcKReq: false
Ack: false
Fcnt: 940
Port: 85
Modulation: LORA
Bandwidth: 125
SpreadFactor: 7
Bitrate: 0
CodeRate: 4/5
SNR: 13.8
RSSI: -52
Power: -
Payload(b64): A2cUAQRofwUAAQbLAAd9FwII5g8ACXMfJwp9AgALfQwADH0MAA==
Payload(hex): 0367140104687f05000106cb00077d170208e60f0009731f270a7d02000b7d0c000c7d0c00
JSON: {""co2"":535,""hcho"":0.02,""humidity"":63.5,""light_level"":0,""pir"":1,""pm10"":12,""pm2_5"":12,""pressure"":1001.5,""temperature"":27.6,""tvoc"":15}
MIC: 1057002a"
24E124710E317752,24E124FFFEFAB29D,472300000,SF7BW125, -53/11.8,37,939,UpUnc,2026-07-15T06:27:23+08:00,"Dev Addr/Multicast Addr: 06f5800d
GwEUI: 24E124FFFEFAB29D
AppEUI: 24E124C0002A0001
Device EUI/Group Name: 24E124710E317752
Class Type: Class C
Immediately: -
Timestamp: 459567150
Type: UpUnc
Adr: true
AdrAcKReq: false
Ack: false
Fcnt: 939
Port: 85
Modulation: LORA
Bandwidth: 125
SpreadFactor: 7
Bitrate: 0
CodeRate: 4/5
SNR: 11.8
RSSI: -53
Power: -
Payload(b64): A2cUAQRofwUAAQbLAAd9FgII5g8ACXMfJwp9AQALfQwADH0MAA==
Payload(hex): 0367140104687f05000106cb00077d160208e60f0009731f270a7d01000b7d0c000c7d0c00
JSON: {""co2"":534,""hcho"":0.01,""humidity"":63.5,""light_level"":0,""pir"":1,""pm10"":12,""pm2_5"":12,""pressure"":1001.5,""temperature"":27.6,""tvoc"":15}
MIC: ac538a3d"
24E124710E317752,24E124FFFEFAB29D,472500000,SF7BW125, -54/13.2,37,938,UpUnc,2026-07-15T06:26:23+08:00,"Dev Addr/Multicast Addr: 06f5800d
GwEUI: 24E124FFFEFAB29D
AppEUI: 24E124C0002A0001
Device EUI/Group Name: 24E124710E317752
Class Type: Class C
Immediately: -
Timestamp: 399572043
Type: UpUnc
Adr: true
AdrAcKReq: false
Ack: false
Fcnt: 938
Port: 85
Modulation: LORA
Bandwidth: 125
SpreadFactor: 7
Bitrate: 0
CodeRate: 4/5
SNR: 13.2
RSSI: -54
Power: -
Payload(b64): A2cUAQRofwUAAQbLAAd9FwII5g8ACXMfJwp9AgALfQwADH0MAA==
Payload(hex): 0367140104687f05000106cb00077d170208e60f0009731f270a7d02000b7d0c000c7d0c00
JSON: {""co2"":535,""hcho"":0.02,""humidity"":63.5,""light_level"":0,""pir"":1,""pm10"":12,""pm2_5"":12,""pressure"":1001.5,""temperature"":27.6,""tvoc"":15}
MIC: 55633291"
24E124710E317752,24E124FFFEFAB29D,472900000,SF7BW125, -52/10.5,37,937,UpUnc,2026-07-15T06:25:23+08:00,"Dev Addr/Multicast Addr: 06f5800d
GwEUI: 24E124FFFEFAB29D
AppEUI: 24E124C0002A0001
Device EUI/Group Name: 24E124710E317752
Class Type: Class C
Immediately: -
Timestamp: 339576124
Type: UpUnc
Adr: true
AdrAcKReq: false
Ack: false
Fcnt: 937
Port: 85
Modulation: LORA
Bandwidth: 125
SpreadFactor: 7
Bitrate: 0
CodeRate: 4/5
SNR: 10.5
RSSI: -52
Power: -
Payload(b64): A2cUAQRofwUAAQbLAAd9GgII5g8ACXMfJwp9AQALfQsADH0LAA==
Payload(hex): 0367140104687f05000106cb00077d1a0208e60f0009731f270a7d01000b7d0b000c7d0b00
JSON: {""co2"":538,""hcho"":0.01,""humidity"":63.5,""light_level"":0,""pir"":1,""pm10"":11,""pm2_5"":11,""pressure"":1001.5,""temperature"":27.6,""tvoc"":15}
MIC: 67c6f43b"
24E124710E317752,24E124FFFEFAB29D,471900000,SF7BW125, -56/14.0,37,936,UpUnc,2026-07-15T06:24:23+08:00,"Dev Addr/Multicast Addr: 06f5800d
GwEUI: 24E124FFFEFAB29D
AppEUI: 24E124C0002A0001
Device EUI/Group Name: 24E124710E317752
Class Type: Class C
Immediately: -
Timestamp: 279570925
Type: UpUnc
Adr: true
AdrAcKReq: false
Ack: false
Fcnt: 936
Port: 85
Modulation: LORA
Bandwidth: 125
SpreadFactor: 7
Bitrate: 0
CodeRate: 4/5
SNR: 14.0
RSSI: -56
Power: -
Payload(b64): A2cUAQRofwUAAQbLAAd9GQII5g8ACXMgJwp9AQALfQsADH0LAA==
Payload(hex): 0367140104687f05000106cb00077d190208e60f00097320270a7d01000b7d0b000c7d0b00
JSON: {""co2"":537,""hcho"":0.01,""humidity"":63.5,""light_level"":0,""pir"":1,""pm10"":11,""pm2_5"":11,""pressure"":1001.6,""temperature"":27.6,""tvoc"":15}
MIC: 449fa3fb"
24E124710E317752,24E124FFFEFAB29D,472100000,SF7BW125, -54/13.8,37,935,UpUnc,2026-07-15T06:23:23+08:00,"Dev Addr/Multicast Addr: 06f5800d
GwEUI: 24E124FFFEFAB29D
AppEUI: 24E124C0002A0001
Device EUI/Group Name: 24E124710E317752
Class Type: Class C
Immediately: -
Timestamp: 219576961
Type: UpUnc
Adr: true
AdrAcKReq: false
Ack: false
Fcnt: 935
Port: 85
Modulation: LORA
Bandwidth: 125
SpreadFactor: 7
Bitrate: 0
CodeRate: 4/5
SNR: 13.8
RSSI: -54
Power: -
Payload(b64): A2cUAQRofwUAAQbLAAd9GQII5g8ACXMgJwp9AgALfQsADH0LAA==
Payload(hex): 0367140104687f05000106cb00077d190208e60f00097320270a7d02000b7d0b000c7d0b00
JSON: {""co2"":537,""hcho"":0.02,""humidity"":63.5,""light_level"":0,""pir"":1,""pm10"":11,""pm2_5"":11,""pressure"":1001.6,""temperature"":27.6,""tvoc"":15}
MIC: f8d6d223"
24E124710E317752,24E124FFFEFAB29D,472500000,SF7BW125, -54/14.0,37,934,UpUnc,2026-07-15T06:22:23+08:00,"Dev Addr/Multicast Addr: 06f5800d
GwEUI: 24E124FFFEFAB29D
AppEUI: 24E124C0002A0001
Device EUI/Group Name: 24E124710E317752
Class Type: Class C
Immediately: -
Timestamp: 159568837
Type: UpUnc
Adr: true
AdrAcKReq: false
Ack: false
Fcnt: 934
Port: 85
Modulation: LORA
Bandwidth: 125
SpreadFactor: 7
Bitrate: 0
CodeRate: 4/5
SNR: 14.0
RSSI: -54
Power: -
Payload(b64): A2cUAQRofwUAAQbLAAd9GQII5g8ACXMgJwp9AQALfQwADH0NAA==
Payload(hex): 0367140104687f05000106cb00077d190208e60f00097320270a7d01000b7d0c000c7d0d00
JSON: {""co2"":537,""hcho"":0.01,""humidity"":63.5,""light_level"":0,""pir"":1,""pm10"":13,""pm2_5"":12,""pressure"":1001.6,""temperature"":27.6,""tvoc"":15}
MIC: 60fe6a3f"
24E124710E317752,24E124FFFEFAB29D,473100000,SF7BW125, -51/13.8,37,933,UpUnc,2026-07-15T06:21:23+08:00,"Dev Addr/Multicast Addr: 06f5800d
GwEUI: 24E124FFFEFAB29D
AppEUI: 24E124C0002A0001
Device EUI/Group Name: 24E124710E317752
Class Type: Class C
Immediately: -
Timestamp: 99574982
Type: UpUnc
Adr: true
AdrAcKReq: false
Ack: false
Fcnt: 933
Port: 85
Modulation: LORA
Bandwidth: 125
SpreadFactor: 7
Bitrate: 0
CodeRate: 4/5
SNR: 13.8
RSSI: -51
Power: -
Payload(b64): A2cUAQRofwUAAQbLAAd9GgII5g8ACXMhJwp9AgALfQwADH0NAA==
Payload(hex): 0367140104687f05000106cb00077d1a0208e60f00097321270a7d02000b7d0c000c7d0d00
JSON: {""co2"":538,""hcho"":0.02,""humidity"":63.5,""light_level"":0,""pir"":1,""pm10"":13,""pm2_5"":12,""pressure"":1001.7,""temperature"":27.6,""tvoc"":15}
MIC: dfc292dd"
24E124710E317752,24E124FFFEFAB29D,503300000,SF7BW125, -/-,0,32,DnUnc,2026-07-15T06:20:54+08:00,"Dev Addr/Multicast Addr: 06f5800d
GwEUI: 24E124FFFEFAB29D
AppEUI: 24E124C0002A0001
Device EUI/Group Name: 24E124710E317752
Class Type: Class C
Immediately: false
Timestamp: 70325856
Type: DnUnc
Adr: true
AdrAcKReq: false
Ack: false
Fcnt: 32
Port: -
Modulation: LORA
Bandwidth: 125
SpreadFactor: 7
Bitrate: 0
CodeRate: 4/5
SNR: -
RSSI: -
Power: 20
Payload(b64): 
Payload(hex): 
JSON: 
MIC: 3e980a30"
24E124710E317752,24E124FFFEFAB29D,473300000,SF7BW125, -52/13.8,0,932,UpUnc,2026-07-15T06:20:53+08:00,"Dev Addr/Multicast Addr: 06f5800d
GwEUI: 24E124FFFEFAB29D
AppEUI: 24E124C0002A0001
Device EUI/Group Name: 24E124710E317752
Class Type: Class C
Immediately: -
Timestamp: 69325856
Type: UpUnc
Adr: true
AdrAcKReq: false
Ack: false
Fcnt: 932
Port: 0
Modulation: LORA
Bandwidth: 125
SpreadFactor: 7
Bitrate: 0
CodeRate: 4/5
SNR: 13.8
RSSI: -52
Power: -
Payload(b64): 
Payload(hex): 
JSON: 
MIC: 96e111ba"
24E124710E317752,24E124FFFEFAB29D,472100000,SF7BW125, -54/13.0,37,931,UpUnc,2026-07-15T06:20:23+08:00,"Dev Addr/Multicast Addr: 06f5800d
GwEUI: 24E124FFFEFAB29D
AppEUI: 24E124C0002A0001
Device EUI/Group Name: 24E124710E317752
Class Type: Class C
Immediately: -
Timestamp: 39571653
Type: UpUnc
Adr: true
AdrAcKReq: false
Ack: false
Fcnt: 931
Port: 85
Modulation: LORA
Bandwidth: 125
SpreadFactor: 7
Bitrate: 0
CodeRate: 4/5
SNR: 13.0
RSSI: -54
Power: -
Payload(b64): A2cUAQRofwUAAQbLAAd9GQII5g8ACXMhJwp9AQALfQwADH0NAA==
Payload(hex): 0367140104687f05000106cb00077d190208e60f00097321270a7d01000b7d0c000c7d0d00
JSON: {""co2"":537,""hcho"":0.01,""humidity"":63.5,""light_level"":0,""pir"":1,""pm10"":13,""pm2_5"":12,""pressure"":1001.7,""temperature"":27.6,""tvoc"":15}
MIC: 163e6fb3"
24E124710E317752,24E124FFFEFAB29D,472300000,SF7BW125, -53/11.8,37,930,UpUnc,2026-07-15T06:19:23+08:00,"Dev Addr/Multicast Addr: 06f5800d
GwEUI: 24E124FFFEFAB29D
AppEUI: 24E124C0002A0001
Device EUI/Group Name: 24E124710E317752
Class Type: Class C
Immediately: -
Timestamp: 4274544978
Type: UpUnc
Adr: true
AdrAcKReq: false
Ack: false
Fcnt: 930
Port: 85
Modulation: LORA
Bandwidth: 125
SpreadFactor: 7
Bitrate: 0
CodeRate: 4/5
SNR: 11.8
RSSI: -53
Power: -
Payload(b64): A2cUAQRofwUAAQbLAAd9HAII5g8ACXMhJwp9AQALfQ0ADH0NAA==
Payload(hex): 0367140104687f05000106cb00077d1c0208e60f00097321270a7d01000b7d0d000c7d0d00
JSON: {""co2"":540,""hcho"":0.01,""humidity"":63.5,""light_level"":0,""pir"":1,""pm10"":13,""pm2_5"":13,""pressure"":1001.7,""temperature"":27.6,""tvoc"":15}
MIC: c8cbe6f3"
24E124710E317752,24E124FFFEFAB29D,472900000,SF7BW125, -52/10.0,37,929,UpUnc,2026-07-15T06:18:23+08:00,"Dev Addr/Multicast Addr: 06f5800d
GwEUI: 24E124FFFEFAB29D
AppEUI: 24E124C0002A0001
Device EUI/Group Name: 24E124710E317752
Class Type: Class C
Immediately: -
Timestamp: 4214539800
Type: UpUnc
Adr: true
AdrAcKReq: false
Ack: false
Fcnt: 929
Port: 85
Modulation: LORA
Bandwidth: 125
SpreadFactor: 7
Bitrate: 0
CodeRate: 4/5
SNR: 10.0
RSSI: -52
Power: -
Payload(b64): A2cUAQRofwUAAQbLAAd9HAII5g8ACXMhJwp9AgALfQ0ADH0NAA==
Payload(hex): 0367140104687f05000106cb00077d1c0208e60f00097321270a7d02000b7d0d000c7d0d00
JSON: {""co2"":540,""hcho"":0.02,""humidity"":63.5,""light_level"":0,""pir"":1,""pm10"":13,""pm2_5"":13,""pressure"":1001.7,""temperature"":27.6,""tvoc"":15}
MIC: c0332b52"
24E124710E317752,24E124FFFEFAB29D,473100000,SF7BW125, -51/14.2,37,928,UpUnc,2026-07-15T06:17:23+08:00,"Dev Addr/Multicast Addr: 06f5800d
GwEUI: 24E124FFFEFAB29D
AppEUI: 24E124C0002A0001
Device EUI/Group Name: 24E124710E317752
Class Type: Class C
Immediately: -
Timestamp: 4154545720
Type: UpUnc
Adr: true
AdrAcKReq: false
Ack: false
Fcnt: 928
Port: 85
Modulation: LORA
Bandwidth: 125
SpreadFactor: 7
Bitrate: 0
CodeRate: 4/5
SNR: 14.2
RSSI: -51
Power: -
Payload(b64): A2cUAQRofwUAAQbLAAd9HAII5g8ACXMhJwp9AQALfQ0ADH0NAA==
Payload(hex): 0367140104687f05000106cb00077d1c0208e60f00097321270a7d01000b7d0d000c7d0d00
JSON: {""co2"":540,""hcho"":0.01,""humidity"":63.5,""light_level"":0,""pir"":1,""pm10"":13,""pm2_5"":13,""pressure"":1001.7,""temperature"":27.6,""tvoc"":15}
MIC: d4e4c37c"
24E124710E317752,24E124FFFEFAB29D,471900000,SF7BW125, -56/14.0,37,927,UpUnc,2026-07-15T06:16:23+08:00,"Dev Addr/Multicast Addr: 06f5800d
GwEUI: 24E124FFFEFAB29D
AppEUI: 24E124C0002A0001
Device EUI/Group Name: 24E124710E317752
Class Type: Class C
Immediately: -
Timestamp: 4094543658
Type: UpUnc
Adr: true
AdrAcKReq: false
Ack: false
Fcnt: 927
Port: 85
Modulation: LORA
Bandwidth: 125
SpreadFactor: 7
Bitrate: 0
CodeRate: 4/5
SNR: 14.0
RSSI: -56
Power: -
Payload(b64): A2cUAQRofwUAAQbLAAd9GgII5g8ACXMhJwp9AgALfQ0ADH0NAA==
Payload(hex): 0367140104687f05000106cb00077d1a0208e60f00097321270a7d02000b7d0d000c7d0d00
JSON: {""co2"":538,""hcho"":0.02,""humidity"":63.5,""light_level"":0,""pir"":1,""pm10"":13,""pm2_5"":13,""pressure"":1001.7,""temperature"":27.6,""tvoc"":15}
MIC: 5019248b"
24E124710E317752,24E124FFFEFAB29D,472500000,SF7BW125, -54/13.8,37,926,UpUnc,2026-07-15T06:15:23+08:00,"Dev Addr/Multicast Addr: 06f5800d
GwEUI: 24E124FFFEFAB29D
AppEUI: 24E124C0002A0001
Device EUI/Group Name: 24E124710E317752
Class Type: Class C
Immediately: -
Timestamp: 4034538566
Type: UpUnc
Adr: true
AdrAcKReq: false
Ack: false
Fcnt: 926
Port: 85
Modulation: LORA
Bandwidth: 125
SpreadFactor: 7
Bitrate: 0
CodeRate: 4/5
SNR: 13.8
RSSI: -54
Power: -
Payload(b64): A2cUAQRofwUAAQbLAAd9GgII5g8ACXMhJwp9AQALfQ0ADH0NAA==
Payload(hex): 0367140104687f05000106cb00077d1a0208e60f00097321270a7d01000b7d0d000c7d0d00
JSON: {""co2"":538,""hcho"":0.01,""humidity"":63.5,""light_level"":0,""pir"":1,""pm10"":13,""pm2_5"":13,""pressure"":1001.7,""temperature"":27.6,""tvoc"":15}
MIC: 30fbc081"
24E124710E317752,24E124FFFEFAB29D,472700000,SF7BW125, -53/13.8,37,925,UpUnc,2026-07-15T06:14:23+08:00,"Dev Addr/Multicast Addr: 06f5800d
GwEUI: 24E124FFFEFAB29D
AppEUI: 24E124C0002A0001
Device EUI/Group Name: 24E124710E317752
Class Type: Class C
Immediately: -
Timestamp: 3974543523
Type: UpUnc
Adr: true
AdrAcKReq: false
Ack: false
Fcnt: 925
Port: 85
Modulation: LORA
Bandwidth: 125
SpreadFactor: 7
Bitrate: 0
CodeRate: 4/5
SNR: 13.8
RSSI: -53
Power: -
Payload(b64): A2cUAQRofwUAAQbLAAd9GQII5g8ACXMhJwp9AQALfQ0ADH0NAA==
Payload(hex): 0367140104687f05000106cb00077d190208e60f00097321270a7d01000b7d0d000c7d0d00
JSON: {""co2"":537,""hcho"":0.01,""humidity"":63.5,""light_level"":0,""pir"":1,""pm10"":13,""pm2_5"":13,""pressure"":1001.7,""temperature"":27.6,""tvoc"":15}
MIC: b150724b"
24E124710E317752,24E124FFFEFAB29D,473100000,SF7BW125, -51/14.0,37,924,UpUnc,2026-07-15T06:13:23+08:00,"Dev Addr/Multicast Addr: 06f5800d
GwEUI: 24E124FFFEFAB29D
AppEUI: 24E124C0002A0001
Device EUI/Group Name: 24E124710E317752
Class Type: Class C
Immediately: -
Timestamp: 3914539454
Type: UpUnc
Adr: true
AdrAcKReq: false
Ack: false
Fcnt: 924
Port: 85
Modulation: LORA
Bandwidth: 125
SpreadFactor: 7
Bitrate: 0
CodeRate: 4/5
SNR: 14.0
RSSI: -51
Power: -
Payload(b64): A2cUAQRofwUAAQbLAAd9FwII5g8ACXMhJwp9AgALfQ0ADH0NAA==
Payload(hex): 0367140104687f05000106cb00077d170208e60f00097321270a7d02000b7d0d000c7d0d00
JSON: {""co2"":535,""hcho"":0.02,""humidity"":63.5,""light_level"":0,""pir"":1,""pm10"":13,""pm2_5"":13,""pressure"":1001.7,""temperature"":27.6,""tvoc"":15}
MIC: 8dc03b4d"
24E124710E317752,24E124FFFEFAB29D,471900000,SF7BW125, -56/13.8,37,923,UpUnc,2026-07-15T06:12:23+08:00,"Dev Addr/Multicast Addr: 06f5800d
GwEUI: 24E124FFFEFAB29D
AppEUI: 24E124C0002A0001
Device EUI/Group Name: 24E124710E317752
Class Type: Class C
Immediately: -
Timestamp: 3854548662
Type: UpUnc
Adr: true
AdrAcKReq: false
Ack: false
Fcnt: 923
Port: 85
Modulation: LORA
Bandwidth: 125
SpreadFactor: 7
Bitrate: 0
CodeRate: 4/5
SNR: 13.8
RSSI: -56
Power: -
Payload(b64): A2cUAQRofwUAAQbLAAd9FQII5g8ACXMiJwp9AQALfQ0ADH0NAA==
Payload(hex): 0367140104687f05000106cb00077d150208e60f00097322270a7d01000b7d0d000c7d0d00
JSON: {""co2"":533,""hcho"":0.01,""humidity"":63.5,""light_level"":0,""pir"":1,""pm10"":13,""pm2_5"":13,""pressure"":1001.8,""temperature"":27.6,""tvoc"":15}
MIC: 0d58baac"
24E124710E317752,24E124FFFEFAB29D,472300000,SF7BW125, -53/12.0,37,922,UpUnc,2026-07-15T06:11:23+08:00,"Dev Addr/Multicast Addr: 06f5800d
GwEUI: 24E124FFFEFAB29D
AppEUI: 24E124C0002A0001
Device EUI/Group Name: 24E124710E317752
Class Type: Class C
Immediately: -
Timestamp: 3794545399
Type: UpUnc
Adr: true
AdrAcKReq: false
Ack: false
Fcnt: 922
Port: 85
Modulation: LORA
Bandwidth: 125
SpreadFactor: 7
Bitrate: 0
CodeRate: 4/5
SNR: 12.0
RSSI: -53
Power: -
Payload(b64): A2cUAQRofwUAAQbLAAd9FwII5g8ACXMhJwp9AgALfQ0ADH0NAA==
Payload(hex): 0367140104687f05000106cb00077d170208e60f00097321270a7d02000b7d0d000c7d0d00
JSON: {""co2"":535,""hcho"":0.02,""humidity"":63.5,""light_level"":0,""pir"":1,""pm10"":13,""pm2_5"":13,""pressure"":1001.7,""temperature"":27.6,""tvoc"":15}
MIC: b467510c"
24E124710E317752,24E124FFFEFAB29D,472900000,SF7BW125, -51/9.8,37,921,UpUnc,2026-07-15T06:10:23+08:00,"Dev Addr/Multicast Addr: 06f5800d
GwEUI: 24E124FFFEFAB29D
AppEUI: 24E124C0002A0001
Device EUI/Group Name: 24E124710E317752
Class Type: Class C
Immediately: -
Timestamp: 3734544335
Type: UpUnc
Adr: true
AdrAcKReq: false
Ack: false
Fcnt: 921
Port: 85
Modulation: LORA
Bandwidth: 125
SpreadFactor: 7
Bitrate: 0
CodeRate: 4/5
SNR: 9.8
RSSI: -51
Power: -
Payload(b64): A2cUAQRofwUAAQbLAAd9GQII5g8ACXMhJwp9AQALfQsADH0LAA==
Payload(hex): 0367140104687f05000106cb00077d190208e60f00097321270a7d01000b7d0b000c7d0b00
JSON: {""co2"":537,""hcho"":0.01,""humidity"":63.5,""light_level"":0,""pir"":1,""pm10"":11,""pm2_5"":11,""pressure"":1001.7,""temperature"":27.6,""tvoc"":15}
MIC: 9f11223f"
24E124710E317752,24E124FFFEFAB29D,473300000,SF7BW125, -52/13.8,37,920,UpUnc,2026-07-15T06:09:23+08:00,"Dev Addr/Multicast Addr: 06f5800d
GwEUI: 24E124FFFEFAB29D
AppEUI: 24E124C0002A0001
Device EUI/Group Name: 24E124710E317752
Class Type: Class C
Immediately: -
Timestamp: 3674540284
Type: UpUnc
Adr: true
AdrAcKReq: false
Ack: false
Fcnt: 920
Port: 85
Modulation: LORA
Bandwidth: 125
SpreadFactor: 7
Bitrate: 0
CodeRate: 4/5
SNR: 13.8
RSSI: -52
Power: -
Payload(b64): A2cUAQRofwUAAQbLAAd9FwII5g8ACXMhJwp9AQALfQsADH0LAA==
Payload(hex): 0367140104687f05000106cb00077d170208e60f00097321270a7d01000b7d0b000c7d0b00
JSON: {""co2"":535,""hcho"":0.01,""humidity"":63.5,""light_level"":0,""pir"":1,""pm10"":11,""pm2_5"":11,""pressure"":1001.7,""temperature"":27.6,""tvoc"":15}
MIC: fe235614"
24E124710E317752,24E124FFFEFAB29D,471900000,SF7BW125, -55/14.2,37,919,UpUnc,2026-07-15T06:08:23+08:00,"Dev Addr/Multicast Addr: 06f5800d
GwEUI: 24E124FFFEFAB29D
AppEUI: 24E124C0002A0001
Device EUI/Group Name: 24E124710E317752
Class Type: Class C
Immediately: -
Timestamp: 3614547187
Type: UpUnc
Adr: true
AdrAcKReq: false
Ack: false
Fcnt: 919
Port: 85
Modulation: LORA
Bandwidth: 125
SpreadFactor: 7
Bitrate: 0
CodeRate: 4/5
SNR: 14.2
RSSI: -55
Power: -
Payload(b64): A2cUAQRofwUAAQbLAAd9GQII5g8ACXMiJwp9AgALfQsADH0LAA==
Payload(hex): 0367140104687f05000106cb00077d190208e60f00097322270a7d02000b7d0b000c7d0b00
JSON: {""co2"":537,""hcho"":0.02,""humidity"":63.5,""light_level"":0,""pir"":1,""pm10"":11,""pm2_5"":11,""pressure"":1001.8,""temperature"":27.6,""tvoc"":15}
MIC: f8ab395f"
24E124710E317752,24E124FFFEFAB29D,472300000,SF7BW125, -53/11.5,37,918,UpUnc,2026-07-15T06:07:23+08:00,"Dev Addr/Multicast Addr: 06f5800d
GwEUI: 24E124FFFEFAB29D
AppEUI: 24E124C0002A0001
Device EUI/Group Name: 24E124710E317752
Class Type: Class C
Immediately: -
Timestamp: 3554546233
Type: UpUnc
Adr: true
AdrAcKReq: false
Ack: false
Fcnt: 918
Port: 85
Modulation: LORA
Bandwidth: 125
SpreadFactor: 7
Bitrate: 0
CodeRate: 4/5
SNR: 11.5
RSSI: -53
Power: -
Payload(b64): A2cUAQRofwUAAQbLAAd9FwII5g8ACXMiJwp9AQALfRAADH0QAA==
Payload(hex): 0367140104687f05000106cb00077d170208e60f00097322270a7d01000b7d10000c7d1000
JSON: {""co2"":535,""hcho"":0.01,""humidity"":63.5,""light_level"":0,""pir"":1,""pm10"":16,""pm2_5"":16,""pressure"":1001.8,""temperature"":27.6,""tvoc"":15}
MIC: c051115f"
24E124710E317752,24E124FFFEFAB29D,472700000,SF7BW125, -53/13.8,37,917,UpUnc,2026-07-15T06:06:23+08:00,"Dev Addr/Multicast Addr: 06f5800d
GwEUI: 24E124FFFEFAB29D
AppEUI: 24E124C0002A0001
Device EUI/Group Name: 24E124710E317752
Class Type: Class C
Immediately: -
Timestamp: 3494547010
Type: UpUnc
Adr: true
AdrAcKReq: false
Ack: false
Fcnt: 917
Port: 85
Modulation: LORA
Bandwidth: 125
SpreadFactor: 7
Bitrate: 0
CodeRate: 4/5
SNR: 13.8
RSSI: -53
Power: -
Payload(b64): A2cUAQRofwUAAQbLAAd9FgII5g8ACXMhJwp9AgALfRAADH0QAA==
Payload(hex): 0367140104687f05000106cb00077d160208e60f00097321270a7d02000b7d10000c7d1000
JSON: {""co2"":534,""hcho"":0.02,""humidity"":63.5,""light_level"":0,""pir"":1,""pm10"":16,""pm2_5"":16,""pressure"":1001.7,""temperature"":27.6,""tvoc"":15}
MIC: db9d337e"
24E124710E317752,24E124FFFEFAB29D,473300000,SF7BW125, -52/14.0,37,916,UpUnc,2026-07-15T06:05:23+08:00,"Dev Addr/Multicast Addr: 06f5800d
GwEUI: 24E124FFFEFAB29D
AppEUI: 24E124C0002A0001
Device EUI/Group Name: 24E124710E317752
Class Type: Class C
Immediately: -
Timestamp: 3434541887
Type: UpUnc
Adr: true
AdrAcKReq: false
Ack: false
Fcnt: 916
Port: 85
Modulation: LORA
Bandwidth: 125
SpreadFactor: 7
Bitrate: 0
CodeRate: 4/5
SNR: 14.0
RSSI: -52
Power: -
Payload(b64): A2cUAQRofwUAAQbLAAd9FQII5g8ACXMhJwp9AQALfRAADH0QAA==
Payload(hex): 0367140104687f05000106cb00077d150208e60f00097321270a7d01000b7d10000c7d1000
JSON: {""co2"":533,""hcho"":0.01,""humidity"":63.5,""light_level"":0,""pir"":1,""pm10"":16,""pm2_5"":16,""pressure"":1001.7,""temperature"":27.6,""tvoc"":15}
MIC: 744fab45"
24E124710E317752,24E124FFFEFAB29D,471900000,SF7BW125, -55/13.8,37,915,UpUnc,2026-07-15T06:04:23+08:00,"Dev Addr/Multicast Addr: 06f5800d
GwEUI: 24E124FFFEFAB29D
AppEUI: 24E124C0002A0001
Device EUI/Group Name: 24E124710E317752
Class Type: Class C
Immediately: -
Timestamp: 3374543815
Type: UpUnc
Adr: true
AdrAcKReq: false
Ack: false
Fcnt: 915
Port: 85
Modulation: LORA
Bandwidth: 125
SpreadFactor: 7
Bitrate: 0
CodeRate: 4/5
SNR: 13.8
RSSI: -55
Power: -
Payload(b64): A2cUAQRofwUAAQbLAAd9FgII5g8ACXMhJwp9AQALfQ8ADH0PAA==
Payload(hex): 0367140104687f05000106cb00077d160208e60f00097321270a7d01000b7d0f000c7d0f00
JSON: {""co2"":534,""hcho"":0.01,""humidity"":63.5,""light_level"":0,""pir"":1,""pm10"":15,""pm2_5"":15,""pressure"":1001.7,""temperature"":27.6,""tvoc"":15}
MIC: 596d7499"
24E124710E317752,24E124FFFEFAB29D,472500000,SF7BW125, -53/13.8,37,914,UpUnc,2026-07-15T06:03:23+08:00,"Dev Addr/Multicast Addr: 06f5800d
GwEUI: 24E124FFFEFAB29D
AppEUI: 24E124C0002A0001
Device EUI/Group Name: 24E124710E317752
Class Type: Class C
Immediately: -
Timestamp: 3314547706
Type: UpUnc
Adr: true
AdrAcKReq: false
Ack: false
Fcnt: 914
Port: 85
Modulation: LORA
Bandwidth: 125
SpreadFactor: 7
Bitrate: 0
CodeRate: 4/5
SNR: 13.8
RSSI: -53
Power: -
Payload(b64): A2cUAQRofwUAAQbLAAd9GAII5g8ACXMhJwp9AgALfQ8ADH0PAA==
Payload(hex): 0367140104687f05000106cb00077d180208e60f00097321270a7d02000b7d0f000c7d0f00
JSON: {""co2"":536,""hcho"":0.02,""humidity"":63.5,""light_level"":0,""pir"":1,""pm10"":15,""pm2_5"":15,""pressure"":1001.7,""temperature"":27.6,""tvoc"":15}
MIC: e480e8df"
24E124710E317752,24E124FFFEFAB29D,472700000,SF7BW125, -53/14.2,37,913,UpUnc,2026-07-15T06:02:23+08:00,"Dev Addr/Multicast Addr: 06f5800d
GwEUI: 24E124FFFEFAB29D
AppEUI: 24E124C0002A0001
Device EUI/Group Name: 24E124710E317752
Class Type: Class C
Immediately: -
Timestamp: 3254542670
Type: UpUnc
Adr: true
AdrAcKReq: false
Ack: false
Fcnt: 913
Port: 85
Modulation: LORA
Bandwidth: 125
SpreadFactor: 7
Bitrate: 0
CodeRate: 4/5
SNR: 14.2
RSSI: -53
Power: -
Payload(b64): A2cUAQRofwUAAQbLAAd9HAII5g8ACXMgJwp9AQALfQ8ADH0PAA==
Payload(hex): 0367140104687f05000106cb00077d1c0208e60f00097320270a7d01000b7d0f000c7d0f00
JSON: {""co2"":540,""hcho"":0.01,""humidity"":63.5,""light_level"":0,""pir"":1,""pm10"":15,""pm2_5"":15,""pressure"":1001.6,""temperature"":27.6,""tvoc"":15}
MIC: c25985b8"
24E124710E317752,24E124FFFEFAB29D,473100000,SF7BW125, -51/13.8,37,912,UpUnc,2026-07-15T06:01:23+08:00,"Dev Addr/Multicast Addr: 06f5800d
GwEUI: 24E124FFFEFAB29D
AppEUI: 24E124C0002A0001
Device EUI/Group Name: 24E124710E317752
Class Type: Class C
Immediately: -
Timestamp: 3194551751
Type: UpUnc
Adr: true
AdrAcKReq: false
Ack: false
Fcnt: 912
Port: 85
Modulation: LORA
Bandwidth: 125
SpreadFactor: 7
Bitrate: 0
CodeRate: 4/5
SNR: 13.8
RSSI: -51
Power: -
Payload(b64): A2cUAQRofwUAAQbLAAd9HwII5g8ACXMgJwp9AgALfQ0ADH0NAA==
Payload(hex): 0367140104687f05000106cb00077d1f0208e60f00097320270a7d02000b7d0d000c7d0d00
JSON: {""co2"":543,""hcho"":0.02,""humidity"":63.5,""light_level"":0,""pir"":1,""pm10"":13,""pm2_5"":13,""pressure"":1001.6,""temperature"":27.6,""tvoc"":15}
MIC: b5e0e033"
24E124710E317752,24E124FFFEFAB29D,472100000,SF7BW125, -54/14.2,37,911,UpUnc,2026-07-15T06:00:24+08:00,"Dev Addr/Multicast Addr: 06f5800d
GwEUI: 24E124FFFEFAB29D
AppEUI: 24E124C0002A0001
Device EUI/Group Name: 24E124710E317752
Class Type: Class C
Immediately: -
Timestamp: 3134547559
Type: UpUnc
Adr: true
AdrAcKReq: false
Ack: false
Fcnt: 911
Port: 85
Modulation: LORA
Bandwidth: 125
SpreadFactor: 7
Bitrate: 0
CodeRate: 4/5
SNR: 14.2
RSSI: -54
Power: -
Payload(b64): A2cUAQRofwUAAQbLAAd9HQII5g8ACXMhJwp9AQALfQ0ADH0NAA==
Payload(hex): 0367140104687f05000106cb00077d1d0208e60f00097321270a7d01000b7d0d000c7d0d00
JSON: {""co2"":541,""hcho"":0.01,""humidity"":63.5,""light_level"":0,""pir"":1,""pm10"":13,""pm2_5"":13,""pressure"":1001.7,""temperature"":27.6,""tvoc"":15}
MIC: 3da44fce"
24E124710E317752,24E124FFFEFAB29D,472300000,SF7BW125, -53/11.8,37,910,UpUnc,2026-07-15T05:59:24+08:00,"Dev Addr/Multicast Addr: 06f5800d
GwEUI: 24E124FFFEFAB29D
AppEUI: 24E124C0002A0001
Device EUI/Group Name: 24E124710E317752
Class Type: Class C
Immediately: -
Timestamp: 3074544542
Type: UpUnc
Adr: true
AdrAcKReq: false
Ack: false
Fcnt: 910
Port: 85
Modulation: LORA
Bandwidth: 125
SpreadFactor: 7
Bitrate: 0
CodeRate: 4/5
SNR: 11.8
RSSI: -53
Power: -
Payload(b64): A2cUAQRofwUAAQbLAAd9HAII5g8ACXMgJwp9AQALfQ0ADH0NAA==
Payload(hex): 0367140104687f05000106cb00077d1c0208e60f00097320270a7d01000b7d0d000c7d0d00
JSON: {""co2"":540,""hcho"":0.01,""humidity"":63.5,""light_level"":0,""pir"":1,""pm10"":13,""pm2_5"":13,""pressure"":1001.6,""temperature"":27.6,""tvoc"":15}
MIC: f7b74362"
24E124710E317752,24E124FFFEFAB29D,472700000,SF7BW125, -53/14.0,37,909,UpUnc,2026-07-15T05:58:24+08:00,"Dev Addr/Multicast Addr: 06f5800d
GwEUI: 24E124FFFEFAB29D
AppEUI: 24E124C0002A0001
Device EUI/Group Name: 24E124710E317752
Class Type: Class C
Immediately: -
Timestamp: 3014540372
Type: UpUnc
Adr: true
AdrAcKReq: false
Ack: false
Fcnt: 909
Port: 85
Modulation: LORA
Bandwidth: 125
SpreadFactor: 7
Bitrate: 0
CodeRate: 4/5
SNR: 14.0
RSSI: -53
Power: -
Payload(b64): A2cUAQRofwUAAQbLAAd9HQII5g8ACXMgJwp9AgALfQ0ADH0NAA==
Payload(hex): 0367140104687f05000106cb00077d1d0208e60f00097320270a7d02000b7d0d000c7d0d00
JSON: {""co2"":541,""hcho"":0.02,""humidity"":63.5,""light_level"":0,""pir"":1,""pm10"":13,""pm2_5"":13,""pressure"":1001.6,""temperature"":27.6,""tvoc"":15}
MIC: 20f73959"
24E124710E317752,24E124FFFEFAB29D,473300000,SF7BW125, -52/13.8,37,908,UpUnc,2026-07-15T05:57:24+08:00,"Dev Addr/Multicast Addr: 06f5800d
GwEUI: 24E124FFFEFAB29D
AppEUI: 24E124C0002A0001
Device EUI/Group Name: 24E124710E317752
Class Type: Class C
Immediately: -
Timestamp: 2954545430
Type: UpUnc
Adr: true
AdrAcKReq: false
Ack: false
Fcnt: 908
Port: 85
Modulation: LORA
Bandwidth: 125
SpreadFactor: 7
Bitrate: 0
CodeRate: 4/5
SNR: 13.8
RSSI: -52
Power: -
Payload(b64): A2cUAQRofwUAAQbLAAd9GgII5g8ACXMgJwp9AQALfQ0ADH0NAA==
Payload(hex): 0367140104687f05000106cb00077d1a0208e60f00097320270a7d01000b7d0d000c7d0d00
JSON: {""co2"":538,""hcho"":0.01,""humidity"":63.5,""light_level"":0,""pir"":1,""pm10"":13,""pm2_5"":13,""pressure"":1001.6,""temperature"":27.6,""tvoc"":15}
MIC: d0c140aa"
24E124710E317752,24E124FFFEFAB29D,472100000,SF7BW125, -54/13.5,37,907,UpUnc,2026-07-15T05:56:24+08:00,"Dev Addr/Multicast Addr: 06f5800d
GwEUI: 24E124FFFEFAB29D
AppEUI: 24E124C0002A0001
Device EUI/Group Name: 24E124710E317752
Class Type: Class C
Immediately: -
Timestamp: 2894543350
Type: UpUnc
Adr: true
AdrAcKReq: false
Ack: false
Fcnt: 907
Port: 85
Modulation: LORA
Bandwidth: 125
SpreadFactor: 7
Bitrate: 0
CodeRate: 4/5
SNR: 13.5
RSSI: -54
Power: -
Payload(b64): A2cUAQRofgUAAQbLAAd9GwII5g8ACXMgJwp9AgALfQ0ADH0NAA==
Payload(hex): 0367140104687e05000106cb00077d1b0208e60f00097320270a7d02000b7d0d000c7d0d00
JSON: {""co2"":539,""hcho"":0.02,""humidity"":63,""light_level"":0,""pir"":1,""pm10"":13,""pm2_5"":13,""pressure"":1001.6,""temperature"":27.6,""tvoc"":15}
MIC: c03a2322"
24E124710E317752,24E124FFFEFAB29D,472500000,SF7BW125, -53/14.0,37,906,UpUnc,2026-07-15T05:55:24+08:00,"Dev Addr/Multicast Addr: 06f5800d
GwEUI: 24E124FFFEFAB29D
AppEUI: 24E124C0002A0001
Device EUI/Group Name: 24E124710E317752
Class Type: Class C
Immediately: -
Timestamp: 2834550208
Type: UpUnc
Adr: true
AdrAcKReq: false
Ack: false
Fcnt: 906
Port: 85
Modulation: LORA
Bandwidth: 125
SpreadFactor: 7
Bitrate: 0
CodeRate: 4/5
SNR: 14.0
RSSI: -53
Power: -
Payload(b64): A2cUAQRofwUAAQbLAAd9HQII5g8ACXMgJwp9AQALfQwADH0MAA==
Payload(hex): 0367140104687f05000106cb00077d1d0208e60f00097320270a7d01000b7d0c000c7d0c00
JSON: {""co2"":541,""hcho"":0.01,""humidity"":63.5,""light_level"":0,""pir"":1,""pm10"":12,""pm2_5"":12,""pressure"":1001.6,""temperature"":27.6,""tvoc"":15}
MIC: 56992311"
24E124710E317752,24E124FFFEFAB29D,472900000,SF7BW125, -51/9.5,37,905,UpUnc,2026-07-15T05:54:24+08:00,"Dev Addr/Multicast Addr: 06f5800d
GwEUI: 24E124FFFEFAB29D
AppEUI: 24E124C0002A0001
Device EUI/Group Name: 24E124710E317752
Class Type: Class C
Immediately: -
Timestamp: 2774545219
Type: UpUnc
Adr: true
AdrAcKReq: false
Ack: false
Fcnt: 905
Port: 85
Modulation: LORA
Bandwidth: 125
SpreadFactor: 7
Bitrate: 0
CodeRate: 4/5
SNR: 9.5
RSSI: -51
Power: -
Payload(b64): A2cUAQRofwUAAQbLAAd9HgII5g8ACXMgJwp9AQALfQwADH0MAA==
Payload(hex): 0367140104687f05000106cb00077d1e0208e60f00097320270a7d01000b7d0c000c7d0c00
JSON: {""co2"":542,""hcho"":0.01,""humidity"":63.5,""light_level"":0,""pir"":1,""pm10"":12,""pm2_5"":12,""pressure"":1001.6,""temperature"":27.6,""tvoc"":15}
MIC: 79628736"
24E124710E317752,24E124FFFEFAB29D,473300000,SF7BW125, -52/14.0,37,904,UpUnc,2026-07-15T05:53:24+08:00,"Dev Addr/Multicast Addr: 06f5800d
GwEUI: 24E124FFFEFAB29D
AppEUI: 24E124C0002A0001
Device EUI/Group Name: 24E124710E317752
Class Type: Class C
Immediately: -
Timestamp: 2714551149
Type: UpUnc
Adr: true
AdrAcKReq: false
Ack: false
Fcnt: 904
Port: 85
Modulation: LORA
Bandwidth: 125
SpreadFactor: 7
Bitrate: 0
CodeRate: 4/5
SNR: 14.0
RSSI: -52
Power: -
Payload(b64): A2cUAQRofgUAAQbLAAd9GgII5g8ACXMgJwp9AgALfQwADH0MAA==
Payload(hex): 0367140104687e05000106cb00077d1a0208e60f00097320270a7d02000b7d0c000c7d0c00
JSON: {""co2"":538,""hcho"":0.02,""humidity"":63,""light_level"":0,""pir"":1,""pm10"":12,""pm2_5"":12,""pressure"":1001.6,""temperature"":27.6,""tvoc"":15}
MIC: 218b986e"
24E124710E317752,24E124FFFEFAB29D,471900000,SF7BW125, -55/14.0,37,903,UpUnc,2026-07-15T05:52:24+08:00,"Dev Addr/Multicast Addr: 06f5800d
GwEUI: 24E124FFFEFAB29D
AppEUI: 24E124C0002A0001
Device EUI/Group Name: 24E124710E317752
Class Type: Class C
Immediately: -
Timestamp: 2654547953
Type: UpUnc
Adr: true
AdrAcKReq: false
Ack: false
Fcnt: 903
Port: 85
Modulation: LORA
Bandwidth: 125
SpreadFactor: 7
Bitrate: 0
CodeRate: 4/5
SNR: 14.0
RSSI: -55
Power: -
Payload(b64): A2cUAQRofgUAAQbLAAd9GgII5g8ACXMgJwp9AQALfQwADH0MAA==
Payload(hex): 0367140104687e05000106cb00077d1a0208e60f00097320270a7d01000b7d0c000c7d0c00
JSON: {""co2"":538,""hcho"":0.01,""humidity"":63,""light_level"":0,""pir"":1,""pm10"":12,""pm2_5"":12,""pressure"":1001.6,""temperature"":27.6,""tvoc"":15}
MIC: 46fc9e5f"
24E124710E317752,24E124FFFEFAB29D,503100000,SF7BW125, -/-,0,31,DnUnc,2026-07-15T05:52:18+08:00,"Dev Addr/Multicast Addr: 06f5800d
GwEUI: 24E124FFFEFAB29D
AppEUI: 24E124C0002A0001
Device EUI/Group Name: 24E124710E317752
Class Type: Class C
Immediately: false
Timestamp: 2649798600
Type: DnUnc
Adr: true
AdrAcKReq: false
Ack: false
Fcnt: 31
Port: -
Modulation: LORA
Bandwidth: 125
SpreadFactor: 7
Bitrate: 0
CodeRate: 4/5
SNR: -
RSSI: -
Power: 20
Payload(b64): 
Payload(hex): 
JSON: 
MIC: 4ee201c5"
24E124710E317752,24E124FFFEFAB29D,473100000,SF7BW125, -51/14.0,0,902,UpUnc,2026-07-15T05:52:18+08:00,"Dev Addr/Multicast Addr: 06f5800d
GwEUI: 24E124FFFEFAB29D
AppEUI: 24E124C0002A0001
Device EUI/Group Name: 24E124710E317752
Class Type: Class C
Immediately: -
Timestamp: 2648798600
Type: UpUnc
Adr: true
AdrAcKReq: false
Ack: false
Fcnt: 902
Port: 0
Modulation: LORA
Bandwidth: 125
SpreadFactor: 7
Bitrate: 0
CodeRate: 4/5
SNR: 14.0
RSSI: -51
Power: -
Payload(b64): 
Payload(hex): 
JSON: 
MIC: 14c148a1"
24E124710E317752,24E124FFFEFAB29D,473300000,SF7BW125, -52/13.8,37,901,UpUnc,2026-07-15T05:51:24+08:00,"Dev Addr/Multicast Addr: 06f5800d
GwEUI: 24E124FFFEFAB29D
AppEUI: 24E124C0002A0001
Device EUI/Group Name: 24E124710E317752
Class Type: Class C
Immediately: -
Timestamp: 2594551176
Type: UpUnc
Adr: true
AdrAcKReq: false
Ack: false
Fcnt: 901
Port: 85
Modulation: LORA
Bandwidth: 125
SpreadFactor: 7
Bitrate: 0
CodeRate: 4/5
SNR: 13.8
RSSI: -52
Power: -
Payload(b64): A2cUAQRofwUAAQbLAAd9FwII5g8ACXMgJwp9AgALfQwADH0MAA==
Payload(hex): 0367140104687f05000106cb00077d170208e60f00097320270a7d02000b7d0c000c7d0c00
JSON: {""co2"":535,""hcho"":0.02,""humidity"":63.5,""light_level"":0,""pir"":1,""pm10"":12,""pm2_5"":12,""pressure"":1001.6,""temperature"":27.6,""tvoc"":15}
MIC: bbb0019e"
24E124710E317752,24E124FFFEFAB29D,472300000,SF7BW125, -53/11.5,37,900,UpUnc,2026-07-15T05:50:24+08:00,"Dev Addr/Multicast Addr: 06f5800d
GwEUI: 24E124FFFEFAB29D
AppEUI: 24E124C0002A0001
Device EUI/Group Name: 24E124710E317752
Class Type: Class C
Immediately: -
Timestamp: 2534548913
Type: UpUnc
Adr: true
AdrAcKReq: false
Ack: false
Fcnt: 900
Port: 85
Modulation: LORA
Bandwidth: 125
SpreadFactor: 7
Bitrate: 0
CodeRate: 4/5
SNR: 11.5
RSSI: -53
Power: -
Payload(b64): A2cUAQRofgUAAQbLAAd9FwII5g8ACXMgJwp9AQALfQwADH0MAA==
Payload(hex): 0367140104687e05000106cb00077d170208e60f00097320270a7d01000b7d0c000c7d0c00
JSON: {""co2"":535,""hcho"":0.01,""humidity"":63,""light_level"":0,""pir"":1,""pm10"":12,""pm2_5"":12,""pressure"":1001.6,""temperature"":27.6,""tvoc"":15}
MIC: 17a1df62"
24E124710E317752,24E124FFFEFAB29D,472700000,SF7BW125, -53/14.0,37,899,UpUnc,2026-07-15T05:49:24+08:00,"Dev Addr/Multicast Addr: 06f5800d
GwEUI: 24E124FFFEFAB29D
AppEUI: 24E124C0002A0001
Device EUI/Group Name: 24E124710E317752
Class Type: Class C
Immediately: -
Timestamp: 2474549865
Type: UpUnc
Adr: true
AdrAcKReq: false
Ack: false
Fcnt: 899
Port: 85
Modulation: LORA
Bandwidth: 125
SpreadFactor: 7
Bitrate: 0
CodeRate: 4/5
SNR: 14.0
RSSI: -53
Power: -
Payload(b64): A2cUAQRofgUAAQbLAAd9FwII5g8ACXMgJwp9AQALfQwADH0MAA==
Payload(hex): 0367140104687e05000106cb00077d170208e60f00097320270a7d01000b7d0c000c7d0c00
JSON: {""co2"":535,""hcho"":0.01,""humidity"":63,""light_level"":0,""pir"":1,""pm10"":12,""pm2_5"":12,""pressure"":1001.6,""temperature"":27.6,""tvoc"":15}
MIC: d3b90a24"
24E124710E317752,24E124FFFEFAB29D,472900000,SF7BW125, -51/9.5,37,898,UpUnc,2026-07-15T05:48:24+08:00,"Dev Addr/Multicast Addr: 06f5800d
GwEUI: 24E124FFFEFAB29D
AppEUI: 24E124C0002A0001
Device EUI/Group Name: 24E124710E317752
Class Type: Class C
Immediately: -
Timestamp: 2414543798
Type: UpUnc
Adr: true
AdrAcKReq: false
Ack: false
Fcnt: 898
Port: 85
Modulation: LORA
Bandwidth: 125
SpreadFactor: 7
Bitrate: 0
CodeRate: 4/5
SNR: 9.5
RSSI: -51
Power: -
Payload(b64): A2cUAQRofwUAAQbLAAd9FgII5g8ACXMgJwp9AgALfQwADH0MAA==
Payload(hex): 0367140104687f05000106cb00077d160208e60f00097320270a7d02000b7d0c000c7d0c00
JSON: {""co2"":534,""hcho"":0.02,""humidity"":63.5,""light_level"":0,""pir"":1,""pm10"":12,""pm2_5"":12,""pressure"":1001.6,""temperature"":27.6,""tvoc"":15}
MIC: 3c9e0513"
24E124710E317752,24E124FFFEFAB29D,471900000,SF7BW125, -55/14.0,37,897,UpUnc,2026-07-15T05:47:24+08:00,"Dev Addr/Multicast Addr: 06f5800d
GwEUI: 24E124FFFEFAB29D
AppEUI: 24E124C0002A0001
Device EUI/Group Name: 24E124710E317752
Class Type: Class C
Immediately: -
Timestamp: 2354549600
Type: UpUnc
Adr: true
AdrAcKReq: false
Ack: false
Fcnt: 897
Port: 85
Modulation: LORA
Bandwidth: 125
SpreadFactor: 7
Bitrate: 0
CodeRate: 4/5
SNR: 14.0
RSSI: -55
Power: -
Payload(b64): A2cUAQRofgUAAQbLAAd9FgII5g8ACXMhJwp9AQALfQwADH0MAA==
Payload(hex): 0367140104687e05000106cb00077d160208e60f00097321270a7d01000b7d0c000c7d0c00
JSON: {""co2"":534,""hcho"":0.01,""humidity"":63,""light_level"":0,""pir"":1,""pm10"":12,""pm2_5"":12,""pressure"":1001.7,""temperature"":27.6,""tvoc"":15}
MIC: a3fd9849"
24E124710E317752,24E124FFFEFAB29D,472300000,SF7BW125, -53/11.8,37,896,UpUnc,2026-07-15T05:46:24+08:00,"Dev Addr/Multicast Addr: 06f5800d
GwEUI: 24E124FFFEFAB29D
AppEUI: 24E124C0002A0001
Device EUI/Group Name: 24E124710E317752
Class Type: Class C
Immediately: -
Timestamp: 2294543538
Type: UpUnc
Adr: true
AdrAcKReq: false
Ack: false
Fcnt: 896
Port: 85
Modulation: LORA
Bandwidth: 125
SpreadFactor: 7
Bitrate: 0
CodeRate: 4/5
SNR: 11.8
RSSI: -53
Power: -
Payload(b64): A2cUAQRofwUAAQbLAAd9FgII5g8ACXMgJwp9AgALfQ4ADH0OAA==
Payload(hex): 0367140104687f05000106cb00077d160208e60f00097320270a7d02000b7d0e000c7d0e00
JSON: {""co2"":534,""hcho"":0.02,""humidity"":63.5,""light_level"":0,""pir"":1,""pm10"":14,""pm2_5"":14,""pressure"":1001.6,""temperature"":27.6,""tvoc"":15}
MIC: 7bd3e8ee"
24E124710E317752,24E124FFFEFAB29D,472500000,SF7BW125, -53/13.8,37,895,UpUnc,2026-07-15T05:45:24+08:00,"Dev Addr/Multicast Addr: 06f5800d
GwEUI: 24E124FFFEFAB29D
AppEUI: 24E124C0002A0001
Device EUI/Group Name: 24E124710E317752
Class Type: Class C
Immediately: -
Timestamp: 2234554432
Type: UpUnc
Adr: true
AdrAcKReq: false
Ack: false
Fcnt: 895
Port: 85
Modulation: LORA
Bandwidth: 125
SpreadFactor: 7
Bitrate: 0
CodeRate: 4/5
SNR: 13.8
RSSI: -53
Power: -
Payload(b64): A2cUAQRofwUAAQbLAAd9FgII5g8ACXMgJwp9AQALfQ4ADH0OAA==
Payload(hex): 0367140104687f05000106cb00077d160208e60f00097320270a7d01000b7d0e000c7d0e00
JSON: {""co2"":534,""hcho"":0.01,""humidity"":63.5,""light_level"":0,""pir"":1,""pm10"":14,""pm2_5"":14,""pressure"":1001.6,""temperature"":27.6,""tvoc"":15}
MIC: 5ccb451f"
24E124710E317752,24E124FFFEFAB29D,473100000,SF7BW125, -51/13.8,37,894,UpUnc,2026-07-15T05:44:24+08:00,"Dev Addr/Multicast Addr: 06f5800d
GwEUI: 24E124FFFEFAB29D
AppEUI: 24E124C0002A0001
Device EUI/Group Name: 24E124710E317752
Class Type: Class C
Immediately: -
Timestamp: 2174545515
Type: UpUnc
Adr: true
AdrAcKReq: false
Ack: false
Fcnt: 894
Port: 85
Modulation: LORA
Bandwidth: 125
SpreadFactor: 7
Bitrate: 0
CodeRate: 4/5
SNR: 13.8
RSSI: -51
Power: -
Payload(b64): A2cUAQRofgUAAQbLAAd9FwII5g8ACXMgJwp9AQALfQ4ADH0OAA==
Payload(hex): 0367140104687e05000106cb00077d170208e60f00097320270a7d01000b7d0e000c7d0e00
JSON: {""co2"":535,""hcho"":0.01,""humidity"":63,""light_level"":0,""pir"":1,""pm10"":14,""pm2_5"":14,""pressure"":1001.6,""temperature"":27.6,""tvoc"":15}
MIC: 8bd6073a"
24E124710E317752,24E124FFFEFAB29D,471900000,SF7BW125, -55/14.0,37,893,UpUnc,2026-07-15T05:43:24+08:00,"Dev Addr/Multicast Addr: 06f5800d
GwEUI: 24E124FFFEFAB29D
AppEUI: 24E124C0002A0001
Device EUI/Group Name: 24E124710E317752
Class Type: Class C
Immediately: -
Timestamp: 2114552326
Type: UpUnc
Adr: true
AdrAcKReq: false
Ack: false
Fcnt: 893
Port: 85
Modulation: LORA
Bandwidth: 125
SpreadFactor: 7
Bitrate: 0
CodeRate: 4/5
SNR: 14.0
RSSI: -55
Power: -
Payload(b64): A2cUAQRofgUAAQbLAAd9GQII5g8ACXMgJwp9AgALfQwADH0MAA==
Payload(hex): 0367140104687e05000106cb00077d190208e60f00097320270a7d02000b7d0c000c7d0c00
JSON: {""co2"":537,""hcho"":0.02,""humidity"":63,""light_level"":0,""pir"":1,""pm10"":12,""pm2_5"":12,""pressure"":1001.6,""temperature"":27.6,""tvoc"":15}
MIC: 2e59afe2"
24E124710E317752,24E124FFFEFAB29D,472100000,SF7BW125, -54/13.5,37,892,UpUnc,2026-07-15T05:42:24+08:00,"Dev Addr/Multicast Addr: 06f5800d
GwEUI: 24E124FFFEFAB29D
AppEUI: 24E124C0002A0001
Device EUI/Group Name: 24E124710E317752
Class Type: Class C
Immediately: -
Timestamp: 2054548252
Type: UpUnc
Adr: true
AdrAcKReq: false
Ack: false
Fcnt: 892
Port: 85
Modulation: LORA
Bandwidth: 125
SpreadFactor: 7
Bitrate: 0
CodeRate: 4/5
SNR: 13.5
RSSI: -54
Power: -
Payload(b64): A2cUAQRofgUAAQbLAAd9HAII5g8ACXMgJwp9AQALfQwADH0MAA==
Payload(hex): 0367140104687e05000106cb00077d1c0208e60f00097320270a7d01000b7d0c000c7d0c00
JSON: {""co2"":540,""hcho"":0.01,""humidity"":63,""light_level"":0,""pir"":1,""pm10"":12,""pm2_5"":12,""pressure"":1001.6,""temperature"":27.6,""tvoc"":15}
MIC: 2a5c5443"
24E124710E317752,24E124FFFEFAB29D,472700000,SF7BW125, -53/13.8,37,891,UpUnc,2026-07-15T05:41:24+08:00,"Dev Addr/Multicast Addr: 06f5800d
GwEUI: 24E124FFFEFAB29D
AppEUI: 24E124C0002A0001
Device EUI/Group Name: 24E124710E317752
Class Type: Class C
Immediately: -
Timestamp: 1994553182
Type: UpUnc
Adr: true
AdrAcKReq: false
Ack: false
Fcnt: 891
Port: 85
Modulation: LORA
Bandwidth: 125
SpreadFactor: 7
Bitrate: 0
CodeRate: 4/5
SNR: 13.8
RSSI: -53
Power: -
Payload(b64): A2cUAQRofwUAAQbLAAd9HgII5g8ACXMfJwp9AgALfQwADH0MAA==
Payload(hex): 0367140104687f05000106cb00077d1e0208e60f0009731f270a7d02000b7d0c000c7d0c00
JSON: {""co2"":542,""hcho"":0.02,""humidity"":63.5,""light_level"":0,""pir"":1,""pm10"":12,""pm2_5"":12,""pressure"":1001.5,""temperature"":27.6,""tvoc"":15}
MIC: f35786e7"
24E124710E317752,24E124FFFEFAB29D,472900000,SF7BW125, -51/9.0,37,890,UpUnc,2026-07-15T05:40:24+08:00,"Dev Addr/Multicast Addr: 06f5800d
GwEUI: 24E124FFFEFAB29D
AppEUI: 24E124C0002A0001
Device EUI/Group Name: 24E124710E317752
Class Type: Class C
Immediately: -
Timestamp: 1934550432
Type: UpUnc
Adr: true
AdrAcKReq: false
Ack: false
Fcnt: 890
Port: 85
Modulation: LORA
Bandwidth: 125
SpreadFactor: 7
Bitrate: 0
CodeRate: 4/5
SNR: 9.0
RSSI: -51
Power: -
Payload(b64): A2cUAQRofgUAAQbLAAd9HgII5g8ACXMfJwp9AQALfQsADH0LAA==
Payload(hex): 0367140104687e05000106cb00077d1e0208e60f0009731f270a7d01000b7d0b000c7d0b00
JSON: {""co2"":542,""hcho"":0.01,""humidity"":63,""light_level"":0,""pir"":1,""pm10"":11,""pm2_5"":11,""pressure"":1001.5,""temperature"":27.6,""tvoc"":15}
MIC: 9c25a3ec"
24E124710E317752,24E124FFFEFAB29D,471900000,SF7BW125, -55/14.0,37,889,UpUnc,2026-07-15T05:39:24+08:00,"Dev Addr/Multicast Addr: 06f5800d
GwEUI: 24E124FFFEFAB29D
AppEUI: 24E124C0002A0001
Device EUI/Group Name: 24E124710E317752
Class Type: Class C
Immediately: -
Timestamp: 1874548136
Type: UpUnc
Adr: true
AdrAcKReq: false
Ack: false
Fcnt: 889
Port: 85
Modulation: LORA
Bandwidth: 125
SpreadFactor: 7
Bitrate: 0
CodeRate: 4/5
SNR: 14.0
RSSI: -55
Power: -
Payload(b64): A2cUAQRofgUAAQbLAAd9HAII5g8ACXMfJwp9AQALfQsADH0LAA==
Payload(hex): 0367140104687e05000106cb00077d1c0208e60f0009731f270a7d01000b7d0b000c7d0b00
JSON: {""co2"":540,""hcho"":0.01,""humidity"":63,""light_level"":0,""pir"":1,""pm10"":11,""pm2_5"":11,""pressure"":1001.5,""temperature"":27.6,""tvoc"":15}
MIC: f118de4e"
24E124710E317752,24E124FFFEFAB29D,472300000,SF7BW125, -53/10.2,37,888,UpUnc,2026-07-15T05:38:24+08:00,"Dev Addr/Multicast Addr: 06f5800d
GwEUI: 24E124FFFEFAB29D
AppEUI: 24E124C0002A0001
Device EUI/Group Name: 24E124710E317752
Class Type: Class C
Immediately: -
Timestamp: 1814549971
Type: UpUnc
Adr: true
AdrAcKReq: false
Ack: false
Fcnt: 888
Port: 85
Modulation: LORA
Bandwidth: 125
SpreadFactor: 7
Bitrate: 0
CodeRate: 4/5
SNR: 10.2
RSSI: -53
Power: -
Payload(b64): A2cUAQRofwUAAQbLAAd9HgII5g8ACXMfJwp9AgALfQsADH0LAA==
Payload(hex): 0367140104687f05000106cb00077d1e0208e60f0009731f270a7d02000b7d0b000c7d0b00
JSON: {""co2"":542,""hcho"":0.02,""humidity"":63.5,""light_level"":0,""pir"":1,""pm10"":11,""pm2_5"":11,""pressure"":1001.5,""temperature"":27.6,""tvoc"":15}
MIC: a857d7f1"
24E124710E317752,24E124FFFEFAB29D,472500000,SF7BW125, -53/13.8,37,887,UpUnc,2026-07-15T05:37:24+08:00,"Dev Addr/Multicast Addr: 06f5800d
GwEUI: 24E124FFFEFAB29D
AppEUI: 24E124C0002A0001
Device EUI/Group Name: 24E124710E317752
Class Type: Class C
Immediately: -
Timestamp: 1754545867
Type: UpUnc
Adr: true
AdrAcKReq: false
Ack: false
Fcnt: 887
Port: 85
Modulation: LORA
Bandwidth: 125
SpreadFactor: 7
Bitrate: 0
CodeRate: 4/5
SNR: 13.8
RSSI: -53
Power: -
Payload(b64): A2cUAQRofwUAAQbLAAd9IAII5g8ACXMfJwp9AQALfQwADH0MAA==
Payload(hex): 0367140104687f05000106cb00077d200208e60f0009731f270a7d01000b7d0c000c7d0c00
JSON: {""co2"":544,""hcho"":0.01,""humidity"":63.5,""light_level"":0,""pir"":1,""pm10"":12,""pm2_5"":12,""pressure"":1001.5,""temperature"":27.6,""tvoc"":15}
MIC: f3c8655b"
24E124710E317752,24E124FFFEFAB29D,473100000,SF7BW125, -51/14.0,37,886,UpUnc,2026-07-15T05:36:24+08:00,"Dev Addr/Multicast Addr: 06f5800d
GwEUI: 24E124FFFEFAB29D
AppEUI: 24E124C0002A0001
Device EUI/Group Name: 24E124710E317752
Class Type: Class C
Immediately: -
Timestamp: 1694551952
Type: UpUnc
Adr: true
AdrAcKReq: false
Ack: false
Fcnt: 886
Port: 85
Modulation: LORA
Bandwidth: 125
SpreadFactor: 7
Bitrate: 0
CodeRate: 4/5
SNR: 14.0
RSSI: -51
Power: -
Payload(b64): A2cUAQRofgUAAQbLAAd9HQII5g8ACXMfJwp9AgALfQwADH0MAA==
Payload(hex): 0367140104687e05000106cb00077d1d0208e60f0009731f270a7d02000b7d0c000c7d0c00
JSON: {""co2"":541,""hcho"":0.02,""humidity"":63,""light_level"":0,""pir"":1,""pm10"":12,""pm2_5"":12,""pressure"":1001.5,""temperature"":27.6,""tvoc"":15}
MIC: 0dcc9d21"
24E124710E317752,24E124FFFEFAB29D,471900000,SF7BW125, -55/13.5,37,885,UpUnc,2026-07-15T05:35:24+08:00,"Dev Addr/Multicast Addr: 06f5800d
GwEUI: 24E124FFFEFAB29D
AppEUI: 24E124C0002A0001
Device EUI/Group Name: 24E124710E317752
Class Type: Class C
Immediately: -
Timestamp: 1634546749
Type: UpUnc
Adr: true
AdrAcKReq: false
Ack: false
Fcnt: 885
Port: 85
Modulation: LORA
Bandwidth: 125
SpreadFactor: 7
Bitrate: 0
CodeRate: 4/5
SNR: 13.5
RSSI: -55
Power: -
Payload(b64): A2cUAQRofgUAAQbLAAd9HQII5g8ACXMfJwp9AQALfQwADH0MAA==
Payload(hex): 0367140104687e05000106cb00077d1d0208e60f0009731f270a7d01000b7d0c000c7d0c00
JSON: {""co2"":541,""hcho"":0.01,""humidity"":63,""light_level"":0,""pir"":1,""pm10"":12,""pm2_5"":12,""pressure"":1001.5,""temperature"":27.6,""tvoc"":15}
MIC: 16ef3fe2"
24E124710E317752,24E124FFFEFAB29D,472300000,SF7BW125, -53/11.5,37,884,UpUnc,2026-07-15T05:34:24+08:00,"Dev Addr/Multicast Addr: 06f5800d
GwEUI: 24E124FFFEFAB29D
AppEUI: 24E124C0002A0001
Device EUI/Group Name: 24E124710E317752
Class Type: Class C
Immediately: -
Timestamp: 1574551798
Type: UpUnc
Adr: true
AdrAcKReq: false
Ack: false
Fcnt: 884
Port: 85
Modulation: LORA
Bandwidth: 125
SpreadFactor: 7
Bitrate: 0
CodeRate: 4/5
SNR: 11.5
RSSI: -53
Power: -
Payload(b64): A2cUAQRofgUAAQbLAAd9HAII5g8ACXMfJwp9AQALfQ8ADH0PAA==
Payload(hex): 0367140104687e05000106cb00077d1c0208e60f0009731f270a7d01000b7d0f000c7d0f00
JSON: {""co2"":540,""hcho"":0.01,""humidity"":63,""light_level"":0,""pir"":1,""pm10"":15,""pm2_5"":15,""pressure"":1001.5,""temperature"":27.6,""tvoc"":15}
MIC: c87c5c36"
24E124710E317752,24E124FFFEFAB29D,472700000,SF7BW125, -53/14.0,37,883,UpUnc,2026-07-15T05:33:24+08:00,"Dev Addr/Multicast Addr: 06f5800d
GwEUI: 24E124FFFEFAB29D
AppEUI: 24E124C0002A0001
Device EUI/Group Name: 24E124710E317752
Class Type: Class C
Immediately: -
Timestamp: 1514547730
Type: UpUnc
Adr: true
AdrAcKReq: false
Ack: false
Fcnt: 883
Port: 85
Modulation: LORA
Bandwidth: 125
SpreadFactor: 7
Bitrate: 0
CodeRate: 4/5
SNR: 14.0
RSSI: -53
Power: -
Payload(b64): A2cUAQRofgUAAQbLAAd9GQII5g8ACXMfJwp9AgALfQ8ADH0PAA==
Payload(hex): 0367140104687e05000106cb00077d190208e60f0009731f270a7d02000b7d0f000c7d0f00
JSON: {""co2"":537,""hcho"":0.02,""humidity"":63,""light_level"":0,""pir"":1,""pm10"":15,""pm2_5"":15,""pressure"":1001.5,""temperature"":27.6,""tvoc"":15}
MIC: 612101cd"
24E124710E317752,24E124FFFEFAB29D,472900000,SF7BW125, -52/9.5,37,882,UpUnc,2026-07-15T05:32:24+08:00,"Dev Addr/Multicast Addr: 06f5800d
GwEUI: 24E124FFFEFAB29D
AppEUI: 24E124C0002A0001
Device EUI/Group Name: 24E124710E317752
Class Type: Class C
Immediately: -
Timestamp: 1454553551
Type: UpUnc
Adr: true
AdrAcKReq: false
Ack: false
Fcnt: 882
Port: 85
Modulation: LORA
Bandwidth: 125
SpreadFactor: 7
Bitrate: 0
CodeRate: 4/5
SNR: 9.5
RSSI: -52
Power: -
Payload(b64): A2cUAQRofwUAAQbLAAd9GgII5g8ACXMgJwp9AQALfQ8ADH0PAA==
Payload(hex): 0367140104687f05000106cb00077d1a0208e60f00097320270a7d01000b7d0f000c7d0f00
JSON: {""co2"":538,""hcho"":0.01,""humidity"":63.5,""light_level"":0,""pir"":1,""pm10"":15,""pm2_5"":15,""pressure"":1001.6,""temperature"":27.6,""tvoc"":15}
MIC: 6911d4f5"
24E124710E317752,24E124FFFEFAB29D,473300000,SF7BW125, -52/13.8,37,881,UpUnc,2026-07-15T05:31:24+08:00,"Dev Addr/Multicast Addr: 06f5800d
GwEUI: 24E124FFFEFAB29D
AppEUI: 24E124C0002A0001
Device EUI/Group Name: 24E124710E317752
Class Type: Class C
Immediately: -
Timestamp: 1394549477
Type: UpUnc
Adr: true
AdrAcKReq: false
Ack: false
Fcnt: 881
Port: 85
Modulation: LORA
Bandwidth: 125
SpreadFactor: 7
Bitrate: 0
CodeRate: 4/5
SNR: 13.8
RSSI: -52
Power: -
Payload(b64): A2cUAQRofgUAAQbLAAd9HAII5g8ACXMgJwp9AgALfQwADH0MAA==
Payload(hex): 0367140104687e05000106cb00077d1c0208e60f00097320270a7d02000b7d0c000c7d0c00
JSON: {""co2"":540,""hcho"":0.02,""humidity"":63,""light_level"":0,""pir"":1,""pm10"":12,""pm2_5"":12,""pressure"":1001.6,""temperature"":27.6,""tvoc"":15}
MIC: 85dd8db9"
24E124710E317752,24E124FFFEFAB29D,472100000,SF7BW125, -54/14.2,37,880,UpUnc,2026-07-15T05:30:24+08:00,"Dev Addr/Multicast Addr: 06f5800d
GwEUI: 24E124FFFEFAB29D
AppEUI: 24E124C0002A0001
Device EUI/Group Name: 24E124710E317752
Class Type: Class C
Immediately: -
Timestamp: 1334546393
Type: UpUnc
Adr: true
AdrAcKReq: false
Ack: false
Fcnt: 880
Port: 85
Modulation: LORA
Bandwidth: 125
SpreadFactor: 7
Bitrate: 0
CodeRate: 4/5
SNR: 14.2
RSSI: -54
Power: -
Payload(b64): A2cUAQRofgUAAQbLAAd9GQII5g8ACXMgJwp9AQALfQwADH0MAA==
Payload(hex): 0367140104687e05000106cb00077d190208e60f00097320270a7d01000b7d0c000c7d0c00
JSON: {""co2"":537,""hcho"":0.01,""humidity"":63,""light_level"":0,""pir"":1,""pm10"":12,""pm2_5"":12,""pressure"":1001.6,""temperature"":27.6,""tvoc"":15}
MIC: 8e5923f5"
24E124710E317752,24E124FFFEFAB29D,472500000,SF7BW125, -53/14.0,37,879,UpUnc,2026-07-15T05:29:24+08:00,"Dev Addr/Multicast Addr: 06f5800d
GwEUI: 24E124FFFEFAB29D
AppEUI: 24E124C0002A0001
Device EUI/Group Name: 24E124710E317752
Class Type: Class C
Immediately: -
Timestamp: 1274548312
Type: UpUnc
Adr: true
AdrAcKReq: false
Ack: false
Fcnt: 879
Port: 85
Modulation: LORA
Bandwidth: 125
SpreadFactor: 7
Bitrate: 0
CodeRate: 4/5
SNR: 14.0
RSSI: -53
Power: -
Payload(b64): A2cUAQRofwUAAQbLAAd9GgII5g8ACXMfJwp9AQALfQwADH0MAA==
Payload(hex): 0367140104687f05000106cb00077d1a0208e60f0009731f270a7d01000b7d0c000c7d0c00
JSON: {""co2"":538,""hcho"":0.01,""humidity"":63.5,""light_level"":0,""pir"":1,""pm10"":12,""pm2_5"":12,""pressure"":1001.5,""temperature"":27.6,""tvoc"":15}
MIC: f25e88db"
24E124710E317752,24E124FFFEFAB29D,473100000,SF7BW125, -51/13.8,37,878,UpUnc,2026-07-15T05:28:24+08:00,"Dev Addr/Multicast Addr: 06f5800d
GwEUI: 24E124FFFEFAB29D
AppEUI: 24E124C0002A0001
Device EUI/Group Name: 24E124710E317752
Class Type: Class C
Immediately: -
Timestamp: 1214555469
Type: UpUnc
Adr: true
AdrAcKReq: false
Ack: false
Fcnt: 878
Port: 85
Modulation: LORA
Bandwidth: 125
SpreadFactor: 7
Bitrate: 0
CodeRate: 4/5
SNR: 13.8
RSSI: -51
Power: -
Payload(b64): A2cUAQRofwUAAQbLAAd9GgII5g8ACXMfJwp9AgALfQ0ADH0NAA==
Payload(hex): 0367140104687f05000106cb00077d1a0208e60f0009731f270a7d02000b7d0d000c7d0d00
JSON: {""co2"":538,""hcho"":0.02,""humidity"":63.5,""light_level"":0,""pir"":1,""pm10"":13,""pm2_5"":13,""pressure"":1001.5,""temperature"":27.6,""tvoc"":15}
MIC: 76a154aa"
24E124710E317752,24E124FFFEFAB29D,471900000,SF7BW125, -55/14.0,37,877,UpUnc,2026-07-15T05:27:24+08:00,"Dev Addr/Multicast Addr: 06f5800d
GwEUI: 24E124FFFEFAB29D
AppEUI: 24E124C0002A0001
Device EUI/Group Name: 24E124710E317752
Class Type: Class C
Immediately: -
Timestamp: 1154547296
Type: UpUnc
Adr: true
AdrAcKReq: false
Ack: false
Fcnt: 877
Port: 85
Modulation: LORA
Bandwidth: 125
SpreadFactor: 7
Bitrate: 0
CodeRate: 4/5
SNR: 14.0
RSSI: -55
Power: -
Payload(b64): A2cUAQRofwUAAQbLAAd9GgII5g8ACXMeJwp9AQALfQ0ADH0NAA==
Payload(hex): 0367140104687f05000106cb00077d1a0208e60f0009731e270a7d01000b7d0d000c7d0d00
JSON: {""co2"":538,""hcho"":0.01,""humidity"":63.5,""light_level"":0,""pir"":1,""pm10"":13,""pm2_5"":13,""pressure"":1001.4,""temperature"":27.6,""tvoc"":15}
MIC: 96db4898"
24E124710E317752,24E124FFFEFAB29D,472100000,SF7BW125, -54/14.0,37,876,UpUnc,2026-07-15T05:26:24+08:00,"Dev Addr/Multicast Addr: 06f5800d
GwEUI: 24E124FFFEFAB29D
AppEUI: 24E124C0002A0001
Device EUI/Group Name: 24E124710E317752
Class Type: Class C
Immediately: -
Timestamp: 1094552233
Type: UpUnc
Adr: true
AdrAcKReq: false
Ack: false
Fcnt: 876
Port: 85
Modulation: LORA
Bandwidth: 125
SpreadFactor: 7
Bitrate: 0
CodeRate: 4/5
SNR: 14.0
RSSI: -54
Power: -
Payload(b64): A2cUAQRofgUAAQbLAAd9GgII5g8ACXMeJwp9AgALfQ0ADH0NAA==
Payload(hex): 0367140104687e05000106cb00077d1a0208e60f0009731e270a7d02000b7d0d000c7d0d00
JSON: {""co2"":538,""hcho"":0.02,""humidity"":63,""light_level"":0,""pir"":1,""pm10"":13,""pm2_5"":13,""pressure"":1001.4,""temperature"":27.6,""tvoc"":15}
MIC: 95563a32"
24E124710E317752,24E124FFFEFAB29D,472700000,SF7BW125, -53/13.8,37,875,UpUnc,2026-07-15T05:25:24+08:00,"Dev Addr/Multicast Addr: 06f5800d
GwEUI: 24E124FFFEFAB29D
AppEUI: 24E124C0002A0001
Device EUI/Group Name: 24E124710E317752
Class Type: Class C
Immediately: -
Timestamp: 1034549058
Type: UpUnc
Adr: true
AdrAcKReq: false
Ack: false
Fcnt: 875
Port: 85
Modulation: LORA
Bandwidth: 125
SpreadFactor: 7
Bitrate: 0
CodeRate: 4/5
SNR: 13.8
RSSI: -53
Power: -
Payload(b64): A2cUAQRofwUAAAbLAAd9GQII5g8ACXMdJwp9AQALfQ4ADH0OAA==
Payload(hex): 0367140104687f05000006cb00077d190208e60f0009731d270a7d01000b7d0e000c7d0e00
JSON: {""co2"":537,""hcho"":0.01,""humidity"":63.5,""light_level"":0,""pir"":0,""pm10"":14,""pm2_5"":14,""pressure"":1001.3,""temperature"":27.6,""tvoc"":15}
MIC: 8210b78b"
24E124710E317752,24E124FFFEFAB29D,472900000,SF7BW125, -51/9.2,37,874,UpUnc,2026-07-15T05:24:24+08:00,"Dev Addr/Multicast Addr: 06f5800d
GwEUI: 24E124FFFEFAB29D
AppEUI: 24E124C0002A0001
Device EUI/Group Name: 24E124710E317752
Class Type: Class C
Immediately: -
Timestamp: 974558120
Type: UpUnc
Adr: true
AdrAcKReq: false
Ack: false
Fcnt: 874
Port: 85
Modulation: LORA
Bandwidth: 125
SpreadFactor: 7
Bitrate: 0
CodeRate: 4/5
SNR: 9.2
RSSI: -51
Power: -
Payload(b64): A2cUAQRofgUAAQbLAAd9GQII5g8ACXMdJwp9AQALfQ4ADH0OAA==
Payload(hex): 0367140104687e05000106cb00077d190208e60f0009731d270a7d01000b7d0e000c7d0e00
JSON: {""co2"":537,""hcho"":0.01,""humidity"":63,""light_level"":0,""pir"":1,""pm10"":14,""pm2_5"":14,""pressure"":1001.3,""temperature"":27.6,""tvoc"":15}
MIC: c95ab8cb"
24E124710E317752,24E124FFFEFAB29D,473300000,SF7BW125, -52/13.8,37,873,UpUnc,2026-07-15T05:23:24+08:00,"Dev Addr/Multicast Addr: 06f5800d
GwEUI: 24E124FFFEFAB29D
AppEUI: 24E124C0002A0001
Device EUI/Group Name: 24E124710E317752
Class Type: Class C
Immediately: -
Timestamp: 914549909
Type: UpUnc
Adr: true
AdrAcKReq: false
Ack: false
Fcnt: 873
Port: 85
Modulation: LORA
Bandwidth: 125
SpreadFactor: 7
Bitrate: 0
CodeRate: 4/5
SNR: 13.8
RSSI: -52
Power: -
Payload(b64): A2cUAQRofwUAAQbLAAd9GQII5g8ACXMeJwp9AgALfQ4ADH0OAA==
Payload(hex): 0367140104687f05000106cb00077d190208e60f0009731e270a7d02000b7d0e000c7d0e00
JSON: {""co2"":537,""hcho"":0.02,""humidity"":63.5,""light_level"":0,""pir"":1,""pm10"":14,""pm2_5"":14,""pressure"":1001.4,""temperature"":27.6,""tvoc"":15}
MIC: 13606bd3"
24E124710E317752,24E124FFFEFAB29D,502100000,SF7BW125, -/-,0,30,DnUnc,2026-07-15T05:23:00+08:00,"Dev Addr/Multicast Addr: 06f5800d
GwEUI: 24E124FFFEFAB29D
AppEUI: 24E124C0002A0001
Device EUI/Group Name: 24E124710E317752
Class Type: Class C
Immediately: false
Timestamp: 891793951
Type: DnUnc
Adr: true
AdrAcKReq: false
Ack: false
Fcnt: 30
Port: -
Modulation: LORA
Bandwidth: 125
SpreadFactor: 7
Bitrate: 0
CodeRate: 4/5
SNR: -
RSSI: -
Power: 20
Payload(b64): 
Payload(hex): 
JSON: 
MIC: f05eb1ed"
24E124710E317752,24E124FFFEFAB29D,472100000,SF7BW125, -54/13.5,0,872,UpUnc,2026-07-15T05:23:00+08:00,"Dev Addr/Multicast Addr: 06f5800d
GwEUI: 24E124FFFEFAB29D
AppEUI: 24E124C0002A0001
Device EUI/Group Name: 24E124710E317752
Class Type: Class C
Immediately: -
Timestamp: 890793951
Type: UpUnc
Adr: true
AdrAcKReq: false
Ack: false
Fcnt: 872
Port: 0
Modulation: LORA
Bandwidth: 125
SpreadFactor: 7
Bitrate: 0
CodeRate: 4/5
SNR: 13.5
RSSI: -54
Power: -
Payload(b64): 
Payload(hex): 
JSON: 
MIC: 51ea73ac"
24E124710E317752,24E124FFFEFAB29D,472300000,SF7BW125, -53/11.0,37,871,UpUnc,2026-07-15T05:22:24+08:00,"Dev Addr/Multicast Addr: 06f5800d
GwEUI: 24E124FFFEFAB29D
AppEUI: 24E124C0002A0001
Device EUI/Group Name: 24E124710E317752
Class Type: Class C
Immediately: -
Timestamp: 854550843
Type: UpUnc
Adr: true
AdrAcKReq: false
Ack: false
Fcnt: 871
Port: 85
Modulation: LORA
Bandwidth: 125
SpreadFactor: 7
Bitrate: 0
CodeRate: 4/5
SNR: 11.0
RSSI: -53
Power: -
Payload(b64): A2cUAQRofwUAAQbLAAd9GwII5g8ACXMfJwp9AQALfQ8ADH0PAA==
Payload(hex): 0367140104687f05000106cb00077d1b0208e60f0009731f270a7d01000b7d0f000c7d0f00
JSON: {""co2"":539,""hcho"":0.01,""humidity"":63.5,""light_level"":0,""pir"":1,""pm10"":15,""pm2_5"":15,""pressure"":1001.5,""temperature"":27.6,""tvoc"":15}
MIC: f15cb0f6"
24E124710E317752,24E124FFFEFAB29D,472700000,SF7BW125, -53/14.2,37,870,UpUnc,2026-07-15T05:21:24+08:00,"Dev Addr/Multicast Addr: 06f5800d
GwEUI: 24E124FFFEFAB29D
AppEUI: 24E124C0002A0001
Device EUI/Group Name: 24E124710E317752
Class Type: Class C
Immediately: -
Timestamp: 794555773
Type: UpUnc
Adr: true
AdrAcKReq: false
Ack: false
Fcnt: 870
Port: 85
Modulation: LORA
Bandwidth: 125
SpreadFactor: 7
Bitrate: 0
CodeRate: 4/5
SNR: 14.2
RSSI: -53
Power: -
Payload(b64): A2cUAQRofgUAAQbLAAd9HAII5g8ACXMfJwp9AgALfQ8ADH0PAA==
Payload(hex): 0367140104687e05000106cb00077d1c0208e60f0009731f270a7d02000b7d0f000c7d0f00
JSON: {""co2"":540,""hcho"":0.02,""humidity"":63,""light_level"":0,""pir"":1,""pm10"":15,""pm2_5"":15,""pressure"":1001.5,""temperature"":27.6,""tvoc"":15}
MIC: 7aa93a2f"
24E124710E317752,24E124FFFEFAB29D,473100000,SF7BW125, -51/14.0,37,869,UpUnc,2026-07-15T05:20:23+08:00,"Dev Addr/Multicast Addr: 06f5800d
GwEUI: 24E124FFFEFAB29D
AppEUI: 24E124C0002A0001
Device EUI/Group Name: 24E124710E317752
Class Type: Class C
Immediately: -
Timestamp: 734550698
Type: UpUnc
Adr: true
AdrAcKReq: false
Ack: false
Fcnt: 869
Port: 85
Modulation: LORA
Bandwidth: 125
SpreadFactor: 7
Bitrate: 0
CodeRate: 4/5
SNR: 14.0
RSSI: -51
Power: -
Payload(b64): A2cUAQRofwUAAQbLAAd9HAII5g8ACXMeJwp9AQALfQ8ADH0PAA==
Payload(hex): 0367140104687f05000106cb00077d1c0208e60f0009731e270a7d01000b7d0f000c7d0f00
JSON: {""co2"":540,""hcho"":0.01,""humidity"":63.5,""light_level"":0,""pir"":1,""pm10"":15,""pm2_5"":15,""pressure"":1001.4,""temperature"":27.6,""tvoc"":15}
MIC: 74fa0863"
24E124710E317752,24E124FFFEFAB29D,472100000,SF7BW125, -54/13.8,37,868,UpUnc,2026-07-15T05:19:23+08:00,"Dev Addr/Multicast Addr: 06f5800d
GwEUI: 24E124FFFEFAB29D
AppEUI: 24E124C0002A0001
Device EUI/Group Name: 24E124710E317752
Class Type: Class C
Immediately: -
Timestamp: 674558920
Type: UpUnc
Adr: true
AdrAcKReq: false
Ack: false
Fcnt: 868
Port: 85
Modulation: LORA
Bandwidth: 125
SpreadFactor: 7
Bitrate: 0
CodeRate: 4/5
SNR: 13.8
RSSI: -54
Power: -
Payload(b64): A2cUAQRofgUAAQbLAAd9HwII5g8ACXMeJwp9AQALfQ8ADH0PAA==
Payload(hex): 0367140104687e05000106cb00077d1f0208e60f0009731e270a7d01000b7d0f000c7d0f00
JSON: {""co2"":543,""hcho"":0.01,""humidity"":63,""light_level"":0,""pir"":1,""pm10"":15,""pm2_5"":15,""pressure"":1001.4,""temperature"":27.6,""tvoc"":15}
MIC: f9e30c65"
24E124710E317752,24E124FFFEFAB29D,472500000,SF7BW125, -53/13.8,37,867,UpUnc,2026-07-15T05:18:23+08:00,"Dev Addr/Multicast Addr: 06f5800d
GwEUI: 24E124FFFEFAB29D
AppEUI: 24E124C0002A0001
Device EUI/Group Name: 24E124710E317752
Class Type: Class C
Immediately: -
Timestamp: 614556531
Type: UpUnc
Adr: true
AdrAcKReq: false
Ack: false
Fcnt: 867
Port: 85
Modulation: LORA
Bandwidth: 125
SpreadFactor: 7
Bitrate: 0
CodeRate: 4/5
SNR: 13.8
RSSI: -53
Power: -
Payload(b64): A2cUAQRofgUAAQbLAAd9HQII5g8ACXMeJwp9AgALfQ8ADH0PAA==
Payload(hex): 0367140104687e05000106cb00077d1d0208e60f0009731e270a7d02000b7d0f000c7d0f00
JSON: {""co2"":541,""hcho"":0.02,""humidity"":63,""light_level"":0,""pir"":1,""pm10"":15,""pm2_5"":15,""pressure"":1001.4,""temperature"":27.6,""tvoc"":15}
MIC: ff7803bc"
24E124710E317752,24E124FFFEFAB29D,472900000,SF7BW125, -51/9.0,37,866,UpUnc,2026-07-15T05:17:23+08:00,"Dev Addr/Multicast Addr: 06f5800d
GwEUI: 24E124FFFEFAB29D
AppEUI: 24E124C0002A0001
Device EUI/Group Name: 24E124710E317752
Class Type: Class C
Immediately: -
Timestamp: 554553485
Type: UpUnc
Adr: true
AdrAcKReq: false
Ack: false
Fcnt: 866
Port: 85
Modulation: LORA
Bandwidth: 125
SpreadFactor: 7
Bitrate: 0
CodeRate: 4/5
SNR: 9.0
RSSI: -51
Power: -
Payload(b64): A2cUAQRofwUAAQbLAAd9HgII5g8ACXMeJwp9AQALfQ8ADH0PAA==
Payload(hex): 0367140104687f05000106cb00077d1e0208e60f0009731e270a7d01000b7d0f000c7d0f00
JSON: {""co2"":542,""hcho"":0.01,""humidity"":63.5,""light_level"":0,""pir"":1,""pm10"":15,""pm2_5"":15,""pressure"":1001.4,""temperature"":27.6,""tvoc"":15}
MIC: d2112205"
24E124710E317752,24E124FFFEFAB29D,473300000,SF7BW125, -52/14.0,37,865,UpUnc,2026-07-15T05:16:23+08:00,"Dev Addr/Multicast Addr: 06f5800d
GwEUI: 24E124FFFEFAB29D
AppEUI: 24E124C0002A0001
Device EUI/Group Name: 24E124710E317752
Class Type: Class C
Immediately: -
Timestamp: 494557413
Type: UpUnc
Adr: true
AdrAcKReq: false
Ack: false
Fcnt: 865
Port: 85
Modulation: LORA
Bandwidth: 125
SpreadFactor: 7
Bitrate: 0
CodeRate: 4/5
SNR: 14.0
RSSI: -52
Power: -
Payload(b64): A2cUAQRofgUAAQbLAAd9HQII5g8ACXMeJwp9AgALfQ4ADH0PAA==
Payload(hex): 0367140104687e05000106cb00077d1d0208e60f0009731e270a7d02000b7d0e000c7d0f00
JSON: {""co2"":541,""hcho"":0.02,""humidity"":63,""light_level"":0,""pir"":1,""pm10"":15,""pm2_5"":14,""pressure"":1001.4,""temperature"":27.6,""tvoc"":15}
MIC: 9ce165be"
24E124710E317752,24E124FFFEFAB29D,472100000,SF7BW125, -54/13.5,37,864,UpUnc,2026-07-15T05:15:23+08:00,"Dev Addr/Multicast Addr: 06f5800d
GwEUI: 24E124FFFEFAB29D
AppEUI: 24E124C0002A0001
Device EUI/Group Name: 24E124710E317752
Class Type: Class C
Immediately: -
Timestamp: 434554427
Type: UpUnc
Adr: true
AdrAcKReq: false
Ack: false
Fcnt: 864
Port: 85
Modulation: LORA
Bandwidth: 125
SpreadFactor: 7
Bitrate: 0
CodeRate: 4/5
SNR: 13.5
RSSI: -54
Power: -
Payload(b64): A2cUAQRofwUAAQbLAAd9HgII5g8ACXMdJwp9AQALfQ4ADH0PAA==
Payload(hex): 0367140104687f05000106cb00077d1e0208e60f0009731d270a7d01000b7d0e000c7d0f00
JSON: {""co2"":542,""hcho"":0.01,""humidity"":63.5,""light_level"":0,""pir"":1,""pm10"":15,""pm2_5"":14,""pressure"":1001.3,""temperature"":27.6,""tvoc"":15}
MIC: d3ebf7ee"
24E124710E317752,24E124FFFEFAB29D,472300000,SF7BW125, -53/10.5,37,863,UpUnc,2026-07-15T05:14:23+08:00,"Dev Addr/Multicast Addr: 06f5800d
GwEUI: 24E124FFFEFAB29D
AppEUI: 24E124C0002A0001
Device EUI/Group Name: 24E124710E317752
Class Type: Class C
Immediately: -
Timestamp: 374558437
Type: UpUnc
Adr: true
AdrAcKReq: false
Ack: false
Fcnt: 863
Port: 85
Modulation: LORA
Bandwidth: 125
SpreadFactor: 7
Bitrate: 0
CodeRate: 4/5
SNR: 10.5
RSSI: -53
Power: -
Payload(b64): A2cUAQRofwUAAQbLAAd9HgII5g8ACXMdJwp9AgALfQ4ADH0PAA==
Payload(hex): 0367140104687f05000106cb00077d1e0208e60f0009731d270a7d02000b7d0e000c7d0f00
JSON: {""co2"":542,""hcho"":0.02,""humidity"":63.5,""light_level"":0,""pir"":1,""pm10"":15,""pm2_5"":14,""pressure"":1001.3,""temperature"":27.6,""tvoc"":15}
MIC: 4db9f594"
24E124710E317752,24E124FFFEFAB29D,472900000,SF7BW125, -51/8.8,37,862,UpUnc,2026-07-15T05:13:23+08:00,"Dev Addr/Multicast Addr: 06f5800d
GwEUI: 24E124FFFEFAB29D
AppEUI: 24E124C0002A0001
Device EUI/Group Name: 24E124710E317752
Class Type: Class C
Immediately: -
Timestamp: 314554201
Type: UpUnc
Adr: true
AdrAcKReq: false
Ack: false
Fcnt: 862
Port: 85
Modulation: LORA
Bandwidth: 125
SpreadFactor: 7
Bitrate: 0
CodeRate: 4/5
SNR: 8.8
RSSI: -51
Power: -
Payload(b64): A2cUAQRofgUAAQbLAAd9HgII5g8ACXMeJwp9AgALfQwADH0MAA==
Payload(hex): 0367140104687e05000106cb00077d1e0208e60f0009731e270a7d02000b7d0c000c7d0c00
JSON: {""co2"":542,""hcho"":0.02,""humidity"":63,""light_level"":0,""pir"":1,""pm10"":12,""pm2_5"":12,""pressure"":1001.4,""temperature"":27.6,""tvoc"":15}
MIC: c965ff4f"
24E124710E317752,24E124FFFEFAB29D,473300000,SF7BW125, -52/14.0,37,861,UpUnc,2026-07-15T05:12:23+08:00,"Dev Addr/Multicast Addr: 06f5800d
GwEUI: 24E124FFFEFAB29D
AppEUI: 24E124C0002A0001
Device EUI/Group Name: 24E124710E317752
Class Type: Class C
Immediately: -
Timestamp: 254559129
Type: UpUnc
Adr: true
AdrAcKReq: false
Ack: false
Fcnt: 861
Port: 85
Modulation: LORA
Bandwidth: 125
SpreadFactor: 7
Bitrate: 0
CodeRate: 4/5
SNR: 14.0
RSSI: -52
Power: -
Payload(b64): A2cUAQRofgUAAQbLAAd9HQII5g8ACXMeJwp9AQALfQwADH0MAA==
Payload(hex): 0367140104687e05000106cb00077d1d0208e60f0009731e270a7d01000b7d0c000c7d0c00
JSON: {""co2"":541,""hcho"":0.01,""humidity"":63,""light_level"":0,""pir"":1,""pm10"":12,""pm2_5"":12,""pressure"":1001.4,""temperature"":27.6,""tvoc"":15}
MIC: 6a3c270b"
24E124710E317752,24E124FFFEFAB29D,471900000,SF7BW125, -55/14.2,37,860,UpUnc,2026-07-15T05:11:23+08:00,"Dev Addr/Multicast Addr: 06f5800d
GwEUI: 24E124FFFEFAB29D
AppEUI: 24E124C0002A0001
Device EUI/Group Name: 24E124710E317752
Class Type: Class C
Immediately: -
Timestamp: 194553062
Type: UpUnc
Adr: true
AdrAcKReq: false
Ack: false
Fcnt: 860
Port: 85
Modulation: LORA
Bandwidth: 125
SpreadFactor: 7
Bitrate: 0
CodeRate: 4/5
SNR: 14.2
RSSI: -55
Power: -
Payload(b64): A2cUAQRofgUAAQbLAAd9GwII5g8ACXMeJwp9AgALfQwADH0MAA==
Payload(hex): 0367140104687e05000106cb00077d1b0208e60f0009731e270a7d02000b7d0c000c7d0c00
JSON: {""co2"":539,""hcho"":0.02,""humidity"":63,""light_level"":0,""pir"":1,""pm10"":12,""pm2_5"":12,""pressure"":1001.4,""temperature"":27.6,""tvoc"":15}
MIC: 2c2539bb"
24E124710E317752,24E124FFFEFAB29D,472300000,SF7BW125, -53/11.8,37,859,UpUnc,2026-07-15T05:10:23+08:00,"Dev Addr/Multicast Addr: 06f5800d
GwEUI: 24E124FFFEFAB29D
AppEUI: 24E124C0002A0001
Device EUI/Group Name: 24E124710E317752
Class Type: Class C
Immediately: -
Timestamp: 134551084
Type: UpUnc
Adr: true
AdrAcKReq: false
Ack: false
Fcnt: 859
Port: 85
Modulation: LORA
Bandwidth: 125
SpreadFactor: 7
Bitrate: 0
CodeRate: 4/5
SNR: 11.8
RSSI: -53
Power: -
Payload(b64): A2cUAQRofgUAAQbLAAd9HQII5g8ACXMeJwp9AQALfQ4ADH0OAA==
Payload(hex): 0367140104687e05000106cb00077d1d0208e60f0009731e270a7d01000b7d0e000c7d0e00
JSON: {""co2"":541,""hcho"":0.01,""humidity"":63,""light_level"":0,""pir"":1,""pm10"":14,""pm2_5"":14,""pressure"":1001.4,""temperature"":27.6,""tvoc"":15}
MIC: 4b745230"
24E124710E317752,24E124FFFEFAB29D,472900000,SF7BW125, -52/8.8,37,858,UpUnc,2026-07-15T05:09:23+08:00,"Dev Addr/Multicast Addr: 06f5800d
GwEUI: 24E124FFFEFAB29D
AppEUI: 24E124C0002A0001
Device EUI/Group Name: 24E124710E317752
Class Type: Class C
Immediately: -
Timestamp: 74555928
Type: UpUnc
Adr: true
AdrAcKReq: false
Ack: false
Fcnt: 858
Port: 85
Modulation: LORA
Bandwidth: 125
SpreadFactor: 7
Bitrate: 0
CodeRate: 4/5
SNR: 8.8
RSSI: -52
Power: -
Payload(b64): A2cUAQRofwUAAQbLAAd9GgII5g8ACXMeJwp9AgALfQ4ADH0OAA==
Payload(hex): 0367140104687f05000106cb00077d1a0208e60f0009731e270a7d02000b7d0e000c7d0e00
JSON: {""co2"":538,""hcho"":0.02,""humidity"":63.5,""light_level"":0,""pir"":1,""pm10"":14,""pm2_5"":14,""pressure"":1001.4,""temperature"":27.6,""tvoc"":15}
MIC: 74511397"
24E124710E317752,24E124FFFEFAB29D,473100000,SF7BW125, -51/14.0,37,857,UpUnc,2026-07-15T05:08:23+08:00,"Dev Addr/Multicast Addr: 06f5800d
GwEUI: 24E124FFFEFAB29D
AppEUI: 24E124C0002A0001
Device EUI/Group Name: 24E124710E317752
Class Type: Class C
Immediately: -
Timestamp: 14556004
Type: UpUnc
Adr: true
AdrAcKReq: false
Ack: false
Fcnt: 857
Port: 85
Modulation: LORA
Bandwidth: 125
SpreadFactor: 7
Bitrate: 0
CodeRate: 4/5
SNR: 14.0
RSSI: -51
Power: -
Payload(b64): A2cUAQRofgUAAQbLAAd9GwII5g8ACXMeJwp9AgALfQ4ADH0OAA==
Payload(hex): 0367140104687e05000106cb00077d1b0208e60f0009731e270a7d02000b7d0e000c7d0e00
JSON: {""co2"":539,""hcho"":0.02,""humidity"":63,""light_level"":0,""pir"":1,""pm10"":14,""pm2_5"":14,""pressure"":1001.4,""temperature"":27.6,""tvoc"":15}
MIC: f18cbf2d"
24E124710E317752,24E124FFFEFAB29D,471900000,SF7BW125, -55/14.2,37,856,UpUnc,2026-07-15T05:07:23+08:00,"Dev Addr/Multicast Addr: 06f5800d
GwEUI: 24E124FFFEFAB29D
AppEUI: 24E124C0002A0001
Device EUI/Group Name: 24E124710E317752
Class Type: Class C
Immediately: -
Timestamp: 4249528167
Type: UpUnc
Adr: true
AdrAcKReq: false
Ack: false
Fcnt: 856
Port: 85
Modulation: LORA
Bandwidth: 125
SpreadFactor: 7
Bitrate: 0
CodeRate: 4/5
SNR: 14.2
RSSI: -55
Power: -
Payload(b64): A2cUAQRofgUAAQbLAAd9GQII5g8ACXMeJwp9AQALfQ4ADH0QAA==
Payload(hex): 0367140104687e05000106cb00077d190208e60f0009731e270a7d01000b7d0e000c7d1000
JSON: {""co2"":537,""hcho"":0.01,""humidity"":63,""light_level"":0,""pir"":1,""pm10"":16,""pm2_5"":14,""pressure"":1001.4,""temperature"":27.6,""tvoc"":15}
MIC: 52115f7f"
24E124710E317752,24E124FFFEFAB29D,472300000,SF7BW125, -53/10.8,37,855,UpUnc,2026-07-15T05:06:23+08:00,"Dev Addr/Multicast Addr: 06f5800d
GwEUI: 24E124FFFEFAB29D
AppEUI: 24E124C0002A0001
Device EUI/Group Name: 24E124710E317752
Class Type: Class C
Immediately: -
Timestamp: 4189527996
Type: UpUnc
Adr: true
AdrAcKReq: false
Ack: false
Fcnt: 855
Port: 85
Modulation: LORA
Bandwidth: 125
SpreadFactor: 7
Bitrate: 0
CodeRate: 4/5
SNR: 10.8
RSSI: -53
Power: -
Payload(b64): A2cUAQRofgUAAQbLAAd9GQII5g8ACXMdJwp9AQALfQ4ADH0QAA==
Payload(hex): 0367140104687e05000106cb00077d190208e60f0009731d270a7d01000b7d0e000c7d1000
JSON: {""co2"":537,""hcho"":0.01,""humidity"":63,""light_level"":0,""pir"":1,""pm10"":16,""pm2_5"":14,""pressure"":1001.3,""temperature"":27.6,""tvoc"":15}
MIC: d90364f4"
24E124710E317752,24E124FFFEFAB29D,472900000,SF7BW125, -52/8.2,37,854,UpUnc,2026-07-15T05:05:23+08:00,"Dev Addr/Multicast Addr: 06f5800d
GwEUI: 24E124FFFEFAB29D
AppEUI: 24E124C0002A0001
Device EUI/Group Name: 24E124710E317752
Class Type: Class C
Immediately: -
Timestamp: 4129523921
Type: UpUnc
Adr: true
AdrAcKReq: false
Ack: false
Fcnt: 854
Port: 85
Modulation: LORA
Bandwidth: 125
SpreadFactor: 7
Bitrate: 0
CodeRate: 4/5
SNR: 8.2
RSSI: -52
Power: -
Payload(b64): A2cUAQRofgUAAQbLAAd9HAII5g8ACXMdJwp9AQALfQ4ADH0QAA==
Payload(hex): 0367140104687e05000106cb00077d1c0208e60f0009731d270a7d01000b7d0e000c7d1000
JSON: {""co2"":540,""hcho"":0.01,""humidity"":63,""light_level"":0,""pir"":1,""pm10"":16,""pm2_5"":14,""pressure"":1001.3,""temperature"":27.6,""tvoc"":15}
MIC: d675eab1"
24E124710E317752,24E124FFFEFAB29D,473100000,SF7BW125, -51/13.2,37,853,UpUnc,2026-07-15T05:04:23+08:00,"Dev Addr/Multicast Addr: 06f5800d
GwEUI: 24E124FFFEFAB29D
AppEUI: 24E124C0002A0001
Device EUI/Group Name: 24E124710E317752
Class Type: Class C
Immediately: -
Timestamp: 4069522900
Type: UpUnc
Adr: true
AdrAcKReq: false
Ack: false
Fcnt: 853
Port: 85
Modulation: LORA
Bandwidth: 125
SpreadFactor: 7
Bitrate: 0
CodeRate: 4/5
SNR: 13.2
RSSI: -51
Power: -
Payload(b64): A2cUAQRofgUAAQbLAAd9HAII5g8ACXMdJwp9AgALfQ4ADH0OAA==
Payload(hex): 0367140104687e05000106cb00077d1c0208e60f0009731d270a7d02000b7d0e000c7d0e00
JSON: {""co2"":540,""hcho"":0.02,""humidity"":63,""light_level"":0,""pir"":1,""pm10"":14,""pm2_5"":14,""pressure"":1001.3,""temperature"":27.6,""tvoc"":15}
MIC: 43a440a0"
24E124710E317752,24E124FFFEFAB29D,471900000,SF7BW125, -55/14.0,37,852,UpUnc,2026-07-15T05:03:23+08:00,"Dev Addr/Multicast Addr: 06f5800d
GwEUI: 24E124FFFEFAB29D
AppEUI: 24E124C0002A0001
Device EUI/Group Name: 24E124710E317752
Class Type: Class C
Immediately: -
Timestamp: 4009528895
Type: UpUnc
Adr: true
AdrAcKReq: false
Ack: false
Fcnt: 852
Port: 85
Modulation: LORA
Bandwidth: 125
SpreadFactor: 7
Bitrate: 0
CodeRate: 4/5
SNR: 14.0
RSSI: -55
Power: -
Payload(b64): A2cUAQRofgUAAQbLAAd9HAII5g8ACXMdJwp9AgALfQ4ADH0OAA==
Payload(hex): 0367140104687e05000106cb00077d1c0208e60f0009731d270a7d02000b7d0e000c7d0e00
JSON: {""co2"":540,""hcho"":0.02,""humidity"":63,""light_level"":0,""pir"":1,""pm10"":14,""pm2_5"":14,""pressure"":1001.3,""temperature"":27.6,""tvoc"":15}
MIC: 6b3b09b1"
24E124710E317752,24E124FFFEFAB29D,472300000,SF7BW125, -53/11.5,37,851,UpUnc,2026-07-15T05:02:23+08:00,"Dev Addr/Multicast Addr: 06f5800d
GwEUI: 24E124FFFEFAB29D
AppEUI: 24E124C0002A0001
Device EUI/Group Name: 24E124710E317752
Class Type: Class C
Immediately: -
Timestamp: 3949523840
Type: UpUnc
Adr: true
AdrAcKReq: false
Ack: false
Fcnt: 851
Port: 85
Modulation: LORA
Bandwidth: 125
SpreadFactor: 7
Bitrate: 0
CodeRate: 4/5
SNR: 11.5
RSSI: -53
Power: -
Payload(b64): A2cUAQRofgUAAQbLAAd9GwII5g8ACXMdJwp9AQALfQ4ADH0OAA==
Payload(hex): 0367140104687e05000106cb00077d1b0208e60f0009731d270a7d01000b7d0e000c7d0e00
JSON: {""co2"":539,""hcho"":0.01,""humidity"":63,""light_level"":0,""pir"":1,""pm10"":14,""pm2_5"":14,""pressure"":1001.3,""temperature"":27.6,""tvoc"":15}
MIC: 596cbcb2"
24E124710E317752,24E124FFFEFAB29D,472700000,SF7BW125, -53/14.2,37,850,UpUnc,2026-07-15T05:01:23+08:00,"Dev Addr/Multicast Addr: 06f5800d
GwEUI: 24E124FFFEFAB29D
AppEUI: 24E124C0002A0001
Device EUI/Group Name: 24E124710E317752
Class Type: Class C
Immediately: -
Timestamp: 3889520765
Type: UpUnc
Adr: true
AdrAcKReq: false
Ack: false
Fcnt: 850
Port: 85
Modulation: LORA
Bandwidth: 125
SpreadFactor: 7
Bitrate: 0
CodeRate: 4/5
SNR: 14.2
RSSI: -53
Power: -
Payload(b64): A2cUAQRofgUAAQbLAAd9HAII5g8ACXMdJwp9AQALfQwADH0MAA==
Payload(hex): 0367140104687e05000106cb00077d1c0208e60f0009731d270a7d01000b7d0c000c7d0c00
JSON: {""co2"":540,""hcho"":0.01,""humidity"":63,""light_level"":0,""pir"":1,""pm10"":12,""pm2_5"":12,""pressure"":1001.3,""temperature"":27.6,""tvoc"":15}
MIC: f8df4873"
24E124710E317752,24E124FFFEFAB29D,473100000,SF7BW125, -51/13.8,37,849,UpUnc,2026-07-15T05:00:23+08:00,"Dev Addr/Multicast Addr: 06f5800d
GwEUI: 24E124FFFEFAB29D
AppEUI: 24E124C0002A0001
Device EUI/Group Name: 24E124710E317752
Class Type: Class C
Immediately: -
Timestamp: 3829527691
Type: UpUnc
Adr: true
AdrAcKReq: false
Ack: false
Fcnt: 849
Port: 85
Modulation: LORA
Bandwidth: 125
SpreadFactor: 7
Bitrate: 0
CodeRate: 4/5
SNR: 13.8
RSSI: -51
Power: -
Payload(b64): A2cUAQRofgUAAQbLAAd9HQII5g8ACXMcJwp9AQALfQwADH0MAA==
Payload(hex): 0367140104687e05000106cb00077d1d0208e60f0009731c270a7d01000b7d0c000c7d0c00
JSON: {""co2"":541,""hcho"":0.01,""humidity"":63,""light_level"":0,""pir"":1,""pm10"":12,""pm2_5"":12,""pressure"":1001.2,""temperature"":27.6,""tvoc"":15}
MIC: 705a4400"
24E124710E317752,24E124FFFEFAB29D,471900000,SF7BW125, -55/13.8,37,848,UpUnc,2026-07-15T04:59:23+08:00,"Dev Addr/Multicast Addr: 06f5800d
GwEUI: 24E124FFFEFAB29D
AppEUI: 24E124C0002A0001
Device EUI/Group Name: 24E124710E317752
Class Type: Class C
Immediately: -
Timestamp: 3769528728
Type: UpUnc
Adr: true
AdrAcKReq: false
Ack: false
Fcnt: 848
Port: 85
Modulation: LORA
Bandwidth: 125
SpreadFactor: 7
Bitrate: 0
CodeRate: 4/5
SNR: 13.8
RSSI: -55
Power: -
Payload(b64): A2cUAQRofgUAAQbLAAd9HwII5g8ACXMdJwp9AgALfQwADH0MAA==
Payload(hex): 0367140104687e05000106cb00077d1f0208e60f0009731d270a7d02000b7d0c000c7d0c00
JSON: {""co2"":543,""hcho"":0.02,""humidity"":63,""light_level"":0,""pir"":1,""pm10"":12,""pm2_5"":12,""pressure"":1001.3,""temperature"":27.6,""tvoc"":15}
MIC: 247a5acd"
24E124710E317752,24E124FFFEFAB29D,472300000,SF7BW125, -53/11.5,37,847,UpUnc,2026-07-15T04:58:23+08:00,"Dev Addr/Multicast Addr: 06f5800d
GwEUI: 24E124FFFEFAB29D
AppEUI: 24E124C0002A0001
Device EUI/Group Name: 24E124710E317752
Class Type: Class C
Immediately: -
Timestamp: 3709532591
Type: UpUnc
Adr: true
AdrAcKReq: false
Ack: false
Fcnt: 847
Port: 85
Modulation: LORA
Bandwidth: 125
SpreadFactor: 7
Bitrate: 0
CodeRate: 4/5
SNR: 11.5
RSSI: -53
Power: -
Payload(b64): A2cUAQRofgUAAQbLAAd9HQII5g8ACXMcJwp9AgALfQ8ADH0QAA==
Payload(hex): 0367140104687e05000106cb00077d1d0208e60f0009731c270a7d02000b7d0f000c7d1000
JSON: {""co2"":541,""hcho"":0.02,""humidity"":63,""light_level"":0,""pir"":1,""pm10"":16,""pm2_5"":15,""pressure"":1001.2,""temperature"":27.6,""tvoc"":15}
MIC: 53c80c06"
24E124710E317752,24E124FFFEFAB29D,472700000,SF7BW125, -53/13.5,37,846,UpUnc,2026-07-15T04:57:23+08:00,"Dev Addr/Multicast Addr: 06f5800d
GwEUI: 24E124FFFEFAB29D
AppEUI: 24E124C0002A0001
Device EUI/Group Name: 24E124710E317752
Class Type: Class C
Immediately: -
Timestamp: 3649527471
Type: UpUnc
Adr: true
AdrAcKReq: false
Ack: false
Fcnt: 846
Port: 85
Modulation: LORA
Bandwidth: 125
SpreadFactor: 7
Bitrate: 0
CodeRate: 4/5
SNR: 13.5
RSSI: -53
Power: -
Payload(b64): A2cUAQRofgUAAQbLAAd9HAII5g8ACXMdJwp9AQALfQ8ADH0QAA==
Payload(hex): 0367140104687e05000106cb00077d1c0208e60f0009731d270a7d01000b7d0f000c7d1000
JSON: {""co2"":540,""hcho"":0.01,""humidity"":63,""light_level"":0,""pir"":1,""pm10"":16,""pm2_5"":15,""pressure"":1001.3,""temperature"":27.6,""tvoc"":15}
MIC: e33bfd00"
24E124710E317752,24E124FFFEFAB29D,473100000,SF7BW125, -51/13.8,37,845,UpUnc,2026-07-15T04:56:23+08:00,"Dev Addr/Multicast Addr: 06f5800d
GwEUI: 24E124FFFEFAB29D
AppEUI: 24E124C0002A0001
Device EUI/Group Name: 24E124710E317752
Class Type: Class C
Immediately: -
Timestamp: 3589525385
Type: UpUnc
Adr: true
AdrAcKReq: false
Ack: false
Fcnt: 845
Port: 85
Modulation: LORA
Bandwidth: 125
SpreadFactor: 7
Bitrate: 0
CodeRate: 4/5
SNR: 13.8
RSSI: -51
Power: -
Payload(b64): A2cUAQRofgUAAQbLAAd9HQII5g8ACXMdJwp9AQALfQ8ADH0QAA==
Payload(hex): 0367140104687e05000106cb00077d1d0208e60f0009731d270a7d01000b7d0f000c7d1000
JSON: {""co2"":541,""hcho"":0.01,""humidity"":63,""light_level"":0,""pir"":1,""pm10"":16,""pm2_5"":15,""pressure"":1001.3,""temperature"":27.6,""tvoc"":15}
MIC: fed101db"
24E124710E317752,24E124FFFEFAB29D,472100000,SF7BW125, -54/14.0,37,844,UpUnc,2026-07-15T04:55:23+08:00,"Dev Addr/Multicast Addr: 06f5800d
GwEUI: 24E124FFFEFAB29D
AppEUI: 24E124C0002A0001
Device EUI/Group Name: 24E124710E317752
Class Type: Class C
Immediately: -
Timestamp: 3529529236
Type: UpUnc
Adr: true
AdrAcKReq: false
Ack: false
Fcnt: 844
Port: 85
Modulation: LORA
Bandwidth: 125
SpreadFactor: 7
Bitrate: 0
CodeRate: 4/5
SNR: 14.0
RSSI: -54
Power: -
Payload(b64): A2cUAQRofgUAAQbLAAd9GgII5g8ACXMcJwp9AQALfQ4ADH0OAA==
Payload(hex): 0367140104687e05000106cb00077d1a0208e60f0009731c270a7d01000b7d0e000c7d0e00
JSON: {""co2"":538,""hcho"":0.01,""humidity"":63,""light_level"":0,""pir"":1,""pm10"":14,""pm2_5"":14,""pressure"":1001.2,""temperature"":27.6,""tvoc"":15}
MIC: 28275b56"
24E124710E317752,24E124FFFEFAB29D,472500000,SF7BW125, -53/13.2,37,843,UpUnc,2026-07-15T04:54:23+08:00,"Dev Addr/Multicast Addr: 06f5800d
GwEUI: 24E124FFFEFAB29D
AppEUI: 24E124C0002A0001
Device EUI/Group Name: 24E124710E317752
Class Type: Class C
Immediately: -
Timestamp: 3469525134
Type: UpUnc
Adr: true
AdrAcKReq: false
Ack: false
Fcnt: 843
Port: 85
Modulation: LORA
Bandwidth: 125
SpreadFactor: 7
Bitrate: 0
CodeRate: 4/5
SNR: 13.2
RSSI: -53
Power: -
Payload(b64): A2cUAQRofgUAAQbLAAd9GAII5g8ACXMcJwp9AgALfQ4ADH0OAA==
Payload(hex): 0367140104687e05000106cb00077d180208e60f0009731c270a7d02000b7d0e000c7d0e00
JSON: {""co2"":536,""hcho"":0.02,""humidity"":63,""light_level"":0,""pir"":1,""pm10"":14,""pm2_5"":14,""pressure"":1001.2,""temperature"":27.6,""tvoc"":15}
MIC: e3afb9d1"
24E124710E317752,24E124FFFEFAB29D,472700000,SF7BW125, -52/14.0,37,842,UpUnc,2026-07-15T04:53:23+08:00,"Dev Addr/Multicast Addr: 06f5800d
GwEUI: 24E124FFFEFAB29D
AppEUI: 24E124C0002A0001
Device EUI/Group Name: 24E124710E317752
Class Type: Class C
Immediately: -
Timestamp: 3409529094
Type: UpUnc
Adr: true
AdrAcKReq: false
Ack: false
Fcnt: 842
Port: 85
Modulation: LORA
Bandwidth: 125
SpreadFactor: 7
Bitrate: 0
CodeRate: 4/5
SNR: 14.0
RSSI: -52
Power: -
Payload(b64): A2cTAQRofgUAAQbLAAd9FQII5g8ACXMdJwp9AgALfQ4ADH0OAA==
Payload(hex): 0367130104687e05000106cb00077d150208e60f0009731d270a7d02000b7d0e000c7d0e00
JSON: {""co2"":533,""hcho"":0.02,""humidity"":63,""light_level"":0,""pir"":1,""pm10"":14,""pm2_5"":14,""pressure"":1001.3,""temperature"":27.5,""tvoc"":15}
MIC: b5c71d53"
24E124710E317752,24E124FFFEFAB29D,502100000,SF7BW125, -/-,0,29,DnUnc,2026-07-15T04:52:58+08:00,"Dev Addr/Multicast Addr: 06f5800d
GwEUI: 24E124FFFEFAB29D
AppEUI: 24E124C0002A0001
Device EUI/Group Name: 24E124710E317752
Class Type: Class C
Immediately: false
Timestamp: 3384837950
Type: DnUnc
Adr: true
AdrAcKReq: false
Ack: false
Fcnt: 29
Port: -
Modulation: LORA
Bandwidth: 125
SpreadFactor: 7
Bitrate: 0
CodeRate: 4/5
SNR: -
RSSI: -
Power: 20
Payload(b64): 
Payload(hex): 
JSON: 
MIC: 31ca37a1"
24E124710E317752,24E124FFFEFAB29D,472100000,SF7BW125, -54/13.5,0,841,UpUnc,2026-07-15T04:52:58+08:00,"Dev Addr/Multicast Addr: 06f5800d
GwEUI: 24E124FFFEFAB29D
AppEUI: 24E124C0002A0001
Device EUI/Group Name: 24E124710E317752
Class Type: Class C
Immediately: -
Timestamp: 3383837950
Type: UpUnc
Adr: true
AdrAcKReq: false
Ack: false
Fcnt: 841
Port: 0
Modulation: LORA
Bandwidth: 125
SpreadFactor: 7
Bitrate: 0
CodeRate: 4/5
SNR: 13.5
RSSI: -54
Power: -
Payload(b64): 
Payload(hex): 
JSON: 
MIC: 30e0523a"
24E124710E317752,24E124FFFEFAB29D,472500000,SF7BW125, -53/14.0,37,840,UpUnc,2026-07-15T04:52:23+08:00,"Dev Addr/Multicast Addr: 06f5800d
GwEUI: 24E124FFFEFAB29D
AppEUI: 24E124C0002A0001
Device EUI/Group Name: 24E124710E317752
Class Type: Class C
Immediately: -
Timestamp: 3349526115
Type: UpUnc
Adr: true
AdrAcKReq: false
Ack: false
Fcnt: 840
Port: 85
Modulation: LORA
Bandwidth: 125
SpreadFactor: 7
Bitrate: 0
CodeRate: 4/5
SNR: 14.0
RSSI: -53
Power: -
Payload(b64): A2cUAQRofgUAAQbLAAd9FgII5g8ACXMdJwp9AQALfQ4ADH0OAA==
Payload(hex): 0367140104687e05000106cb00077d160208e60f0009731d270a7d01000b7d0e000c7d0e00
JSON: {""co2"":534,""hcho"":0.01,""humidity"":63,""light_level"":0,""pir"":1,""pm10"":14,""pm2_5"":14,""pressure"":1001.3,""temperature"":27.6,""tvoc"":15}
MIC: b49c397c"
24E124710E317752,24E124FFFEFAB29D,473100000,SF7BW125, -51/13.5,37,839,UpUnc,2026-07-15T04:51:23+08:00,"Dev Addr/Multicast Addr: 06f5800d
GwEUI: 24E124FFFEFAB29D
AppEUI: 24E124C0002A0001
Device EUI/Group Name: 24E124710E317752
Class Type: Class C
Immediately: -
Timestamp: 3289531981
Type: UpUnc
Adr: true
AdrAcKReq: false
Ack: false
Fcnt: 839
Port: 85
Modulation: LORA
Bandwidth: 125
SpreadFactor: 7
Bitrate: 0
CodeRate: 4/5
SNR: 13.5
RSSI: -51
Power: -
Payload(b64): A2cUAQRofgUAAQbLAAd9FwII5g8ACXMeJwp9AQALfQ4ADH0OAA==
Payload(hex): 0367140104687e05000106cb00077d170208e60f0009731e270a7d01000b7d0e000c7d0e00
JSON: {""co2"":535,""hcho"":0.01,""humidity"":63,""light_level"":0,""pir"":1,""pm10"":14,""pm2_5"":14,""pressure"":1001.4,""temperature"":27.6,""tvoc"":15}
MIC: 54fe2a03"
24E124710E317752,24E124FFFEFAB29D,473300000,SF7BW125, -52/14.0,37,838,UpUnc,2026-07-15T04:50:23+08:00,"Dev Addr/Multicast Addr: 06f5800d
GwEUI: 24E124FFFEFAB29D
AppEUI: 24E124C0002A0001
Device EUI/Group Name: 24E124710E317752
Class Type: Class C
Immediately: -
Timestamp: 3229526868
Type: UpUnc
Adr: true
AdrAcKReq: false
Ack: false
Fcnt: 838
Port: 85
Modulation: LORA
Bandwidth: 125
SpreadFactor: 7
Bitrate: 0
CodeRate: 4/5
SNR: 14.0
RSSI: -52
Power: -
Payload(b64): A2cUAQRofgUAAQbLAAd9GAII5g8ACXMeJwp9AQALfQ4ADH0OAA==
Payload(hex): 0367140104687e05000106cb00077d180208e60f0009731e270a7d01000b7d0e000c7d0e00
JSON: {""co2"":536,""hcho"":0.01,""humidity"":63,""light_level"":0,""pir"":1,""pm10"":14,""pm2_5"":14,""pressure"":1001.4,""temperature"":27.6,""tvoc"":15}
MIC: 917c7d6a"
24E124710E317752,24E124FFFEFAB29D,472100000,SF7BW125, -54/13.8,37,837,UpUnc,2026-07-15T04:49:23+08:00,"Dev Addr/Multicast Addr: 06f5800d
GwEUI: 24E124FFFEFAB29D
AppEUI: 24E124C0002A0001
Device EUI/Group Name: 24E124710E317752
Class Type: Class C
Immediately: -
Timestamp: 3169522808
Type: UpUnc
Adr: true
AdrAcKReq: false
Ack: false
Fcnt: 837
Port: 85
Modulation: LORA
Bandwidth: 125
SpreadFactor: 7
Bitrate: 0
CodeRate: 4/5
SNR: 13.8
RSSI: -54
Power: -
Payload(b64): A2cTAQRofgUAAQbLAAd9GwII5g8ACXMeJwp9AgALfQ0ADH0NAA==
Payload(hex): 0367130104687e05000106cb00077d1b0208e60f0009731e270a7d02000b7d0d000c7d0d00
JSON: {""co2"":539,""hcho"":0.02,""humidity"":63,""light_level"":0,""pir"":1,""pm10"":13,""pm2_5"":13,""pressure"":1001.4,""temperature"":27.5,""tvoc"":15}
MIC: 233f372c"
24E124710E317752,24E124FFFEFAB29D,472700000,SF7BW125, -53/14.2,37,836,UpUnc,2026-07-15T04:48:23+08:00,"Dev Addr/Multicast Addr: 06f5800d
GwEUI: 24E124FFFEFAB29D
AppEUI: 24E124C0002A0001
Device EUI/Group Name: 24E124710E317752
Class Type: Class C
Immediately: -
Timestamp: 3109527729
Type: UpUnc
Adr: true
AdrAcKReq: false
Ack: false
Fcnt: 836
Port: 85
Modulation: LORA
Bandwidth: 125
SpreadFactor: 7
Bitrate: 0
CodeRate: 4/5
SNR: 14.2
RSSI: -53
Power: -
Payload(b64): A2cTAQRofgUAAQbLAAd9GgII5g8ACXMfJwp9AgALfQ0ADH0NAA==
Payload(hex): 0367130104687e05000106cb00077d1a0208e60f0009731f270a7d02000b7d0d000c7d0d00
JSON: {""co2"":538,""hcho"":0.02,""humidity"":63,""light_level"":0,""pir"":1,""pm10"":13,""pm2_5"":13,""pressure"":1001.5,""temperature"":27.5,""tvoc"":15}
MIC: 208a7d3f"
24E124710E317752,24E124FFFEFAB29D,472900000,SF7BW125, -51/8.5,37,835,UpUnc,2026-07-15T04:47:23+08:00,"Dev Addr/Multicast Addr: 06f5800d
GwEUI: 24E124FFFEFAB29D
AppEUI: 24E124C0002A0001
Device EUI/Group Name: 24E124710E317752
Class Type: Class C
Immediately: -
Timestamp: 3049528958
Type: UpUnc
Adr: true
AdrAcKReq: false
Ack: false
Fcnt: 835
Port: 85
Modulation: LORA
Bandwidth: 125
SpreadFactor: 7
Bitrate: 0
CodeRate: 4/5
SNR: 8.5
RSSI: -51
Power: -
Payload(b64): A2cUAQRofgUAAQbLAAd9GgII5g8ACXMeJwp9AQALfQ0ADH0NAA==
Payload(hex): 0367140104687e05000106cb00077d1a0208e60f0009731e270a7d01000b7d0d000c7d0d00
JSON: {""co2"":538,""hcho"":0.01,""humidity"":63,""light_level"":0,""pir"":1,""pm10"":13,""pm2_5"":13,""pressure"":1001.4,""temperature"":27.6,""tvoc"":15}
MIC: ddc09c06"
24E124710E317752,24E124FFFEFAB29D,473300000,SF7BW125, -52/13.8,37,834,UpUnc,2026-07-15T04:46:23+08:00,"Dev Addr/Multicast Addr: 06f5800d
GwEUI: 24E124FFFEFAB29D
AppEUI: 24E124C0002A0001
Device EUI/Group Name: 24E124710E317752
Class Type: Class C
Immediately: -
Timestamp: 2989531693
Type: UpUnc
Adr: true
AdrAcKReq: false
Ack: false
Fcnt: 834
Port: 85
Modulation: LORA
Bandwidth: 125
SpreadFactor: 7
Bitrate: 0
CodeRate: 4/5
SNR: 13.8
RSSI: -52
Power: -
Payload(b64): A2cUAQRofgUAAAbLAAd9HAII5g8ACXMeJwp9AQALfQ8ADH0PAA==
Payload(hex): 0367140104687e05000006cb00077d1c0208e60f0009731e270a7d01000b7d0f000c7d0f00
JSON: {""co2"":540,""hcho"":0.01,""humidity"":63,""light_level"":0,""pir"":0,""pm10"":15,""pm2_5"":15,""pressure"":1001.4,""temperature"":27.6,""tvoc"":15}
MIC: 8560a141"
24E124710E317752,24E124FFFEFAB29D,472100000,SF7BW125, -54/13.8,37,833,UpUnc,2026-07-15T04:45:23+08:00,"Dev Addr/Multicast Addr: 06f5800d
GwEUI: 24E124FFFEFAB29D
AppEUI: 24E124C0002A0001
Device EUI/Group Name: 24E124710E317752
Class Type: Class C
Immediately: -
Timestamp: 2929525532
Type: UpUnc
Adr: true
AdrAcKReq: false
Ack: false
Fcnt: 833
Port: 85
Modulation: LORA
Bandwidth: 125
SpreadFactor: 7
Bitrate: 0
CodeRate: 4/5
SNR: 13.8
RSSI: -54
Power: -
Payload(b64): A2cUAQRofgUAAQbLAAd9GgII5g8ACXMeJwp9AQALfQ8ADH0PAA==
Payload(hex): 0367140104687e05000106cb00077d1a0208e60f0009731e270a7d01000b7d0f000c7d0f00
JSON: {""co2"":538,""hcho"":0.01,""humidity"":63,""light_level"":0,""pir"":1,""pm10"":15,""pm2_5"":15,""pressure"":1001.4,""temperature"":27.6,""tvoc"":15}
MIC: c1ab0d98"
24E124710E317752,24E124FFFEFAB29D,472500000,SF7BW125, -53/13.8,37,832,UpUnc,2026-07-15T04:44:23+08:00,"Dev Addr/Multicast Addr: 06f5800d
GwEUI: 24E124FFFEFAB29D
AppEUI: 24E124C0002A0001
Device EUI/Group Name: 24E124710E317752
Class Type: Class C
Immediately: -
Timestamp: 2869536411
Type: UpUnc
Adr: true
AdrAcKReq: false
Ack: false
Fcnt: 832
Port: 85
Modulation: LORA
Bandwidth: 125
SpreadFactor: 7
Bitrate: 0
CodeRate: 4/5
SNR: 13.8
RSSI: -53
Power: -
Payload(b64): A2cUAQRofgUAAQbLAAd9GgII5g8ACXMeJwp9AgALfQ8ADH0PAA==
Payload(hex): 0367140104687e05000106cb00077d1a0208e60f0009731e270a7d02000b7d0f000c7d0f00
JSON: {""co2"":538,""hcho"":0.02,""humidity"":63,""light_level"":0,""pir"":1,""pm10"":15,""pm2_5"":15,""pressure"":1001.4,""temperature"":27.6,""tvoc"":15}
MIC: 8d548d2f"
24E124710E317752,24E124FFFEFAB29D,472900000,SF7BW125, -51/8.5,37,831,UpUnc,2026-07-15T04:43:23+08:00,"Dev Addr/Multicast Addr: 06f5800d
GwEUI: 24E124FFFEFAB29D
AppEUI: 24E124C0002A0001
Device EUI/Group Name: 24E124710E317752
Class Type: Class C
Immediately: -
Timestamp: 2809528474
Type: UpUnc
Adr: true
AdrAcKReq: false
Ack: false
Fcnt: 831
Port: 85
Modulation: LORA
Bandwidth: 125
SpreadFactor: 7
Bitrate: 0
CodeRate: 4/5
SNR: 8.5
RSSI: -51
Power: -
Payload(b64): A2cUAQRofgUAAQbLAAd9GwII5g8ACXMdJwp9AgALfQ0ADH0NAA==
Payload(hex): 0367140104687e05000106cb00077d1b0208e60f0009731d270a7d02000b7d0d000c7d0d00
JSON: {""co2"":539,""hcho"":0.02,""humidity"":63,""light_level"":0,""pir"":1,""pm10"":13,""pm2_5"":13,""pressure"":1001.3,""temperature"":27.6,""tvoc"":15}
MIC: 97d7afc9"
24E124710E317752,24E124FFFEFAB29D,471900000,SF7BW125, -55/14.0,37,830,UpUnc,2026-07-15T04:42:23+08:00,"Dev Addr/Multicast Addr: 06f5800d
GwEUI: 24E124FFFEFAB29D
AppEUI: 24E124C0002A0001
Device EUI/Group Name: 24E124710E317752
Class Type: Class C
Immediately: -
Timestamp: 2749524429
Type: UpUnc
Adr: true
AdrAcKReq: false
Ack: false
Fcnt: 830
Port: 85
Modulation: LORA
Bandwidth: 125
SpreadFactor: 7
Bitrate: 0
CodeRate: 4/5
SNR: 14.0
RSSI: -55
Power: -
Payload(b64): A2cUAQRofgUAAQbLAAd9HAII5g8ACXMdJwp9AgALfQ0ADH0NAA==
Payload(hex): 0367140104687e05000106cb00077d1c0208e60f0009731d270a7d02000b7d0d000c7d0d00
JSON: {""co2"":540,""hcho"":0.02,""humidity"":63,""light_level"":0,""pir"":1,""pm10"":13,""pm2_5"":13,""pressure"":1001.3,""temperature"":27.6,""tvoc"":15}
MIC: 7ac5997a"
24E124710E317752,24E124FFFEFAB29D,472300000,SF7BW125, -53/11.2,37,829,UpUnc,2026-07-15T04:41:23+08:00,"Dev Addr/Multicast Addr: 06f5800d
GwEUI: 24E124FFFEFAB29D
AppEUI: 24E124C0002A0001
Device EUI/Group Name: 24E124710E317752
Class Type: Class C
Immediately: -
Timestamp: 2689529346
Type: UpUnc
Adr: true
AdrAcKReq: false
Ack: false
Fcnt: 829
Port: 85
Modulation: LORA
Bandwidth: 125
SpreadFactor: 7
Bitrate: 0
CodeRate: 4/5
SNR: 11.2
RSSI: -53
Power: -
Payload(b64): A2cTAQRofgUAAQbLAAd9HQII5g8ACXMcJwp9AQALfQ0ADH0NAA==
Payload(hex): 0367130104687e05000106cb00077d1d0208e60f0009731c270a7d01000b7d0d000c7d0d00
JSON: {""co2"":541,""hcho"":0.01,""humidity"":63,""light_level"":0,""pir"":1,""pm10"":13,""pm2_5"":13,""pressure"":1001.2,""temperature"":27.5,""tvoc"":15}
MIC: 6d978115"
24E124710E317752,24E124FFFEFAB29D,472700000,SF7BW125, -53/14.0,37,828,UpUnc,2026-07-15T04:40:23+08:00,"Dev Addr/Multicast Addr: 06f5800d
GwEUI: 24E124FFFEFAB29D
AppEUI: 24E124C0002A0001
Device EUI/Group Name: 24E124710E317752
Class Type: Class C
Immediately: -
Timestamp: 2629527198
Type: UpUnc
Adr: true
AdrAcKReq: false
Ack: false
Fcnt: 828
Port: 85
Modulation: LORA
Bandwidth: 125
SpreadFactor: 7
Bitrate: 0
CodeRate: 4/5
SNR: 14.0
RSSI: -53
Power: -
Payload(b64): A2cUAQRofgUAAQbLAAd9HgII5g8ACXMaJwp9AQALfQ0ADH0NAA==
Payload(hex): 0367140104687e05000106cb00077d1e0208e60f0009731a270a7d01000b7d0d000c7d0d00
JSON: {""co2"":542,""hcho"":0.01,""humidity"":63,""light_level"":0,""pir"":1,""pm10"":13,""pm2_5"":13,""pressure"":1001,""temperature"":27.6,""tvoc"":15}
MIC: 1c4c9e56"
24E124710E317752,24E124FFFEFAB29D,473100000,SF7BW125, -51/13.8,37,827,UpUnc,2026-07-15T04:39:23+08:00,"Dev Addr/Multicast Addr: 06f5800d
GwEUI: 24E124FFFEFAB29D
AppEUI: 24E124C0002A0001
Device EUI/Group Name: 24E124710E317752
Class Type: Class C
Immediately: -
Timestamp: 2569530093
Type: UpUnc
Adr: true
AdrAcKReq: false
Ack: false
Fcnt: 827
Port: 85
Modulation: LORA
Bandwidth: 125
SpreadFactor: 7
Bitrate: 0
CodeRate: 4/5
SNR: 13.8
RSSI: -51
Power: -
Payload(b64): A2cTAQRofgUAAQbLAAd9HAII5g8ACXMZJwp9AgALfQ0ADH0NAA==
Payload(hex): 0367130104687e05000106cb00077d1c0208e60f00097319270a7d02000b7d0d000c7d0d00
JSON: {""co2"":540,""hcho"":0.02,""humidity"":63,""light_level"":0,""pir"":1,""pm10"":13,""pm2_5"":13,""pressure"":1000.9,""temperature"":27.5,""tvoc"":15}
MIC: 84087a9a"
24E124710E317752,24E124FFFEFAB29D,473300000,SF7BW125, -52/13.2,37,826,UpUnc,2026-07-15T04:38:23+08:00,"Dev Addr/Multicast Addr: 06f5800d
GwEUI: 24E124FFFEFAB29D
AppEUI: 24E124C0002A0001
Device EUI/Group Name: 24E124710E317752
Class Type: Class C
Immediately: -
Timestamp: 2509530146
Type: UpUnc
Adr: true
AdrAcKReq: false
Ack: false
Fcnt: 826
Port: 85
Modulation: LORA
Bandwidth: 125
SpreadFactor: 7
Bitrate: 0
CodeRate: 4/5
SNR: 13.2
RSSI: -52
Power: -
Payload(b64): A2cTAQRofgUAAQbLAAd9GwII5g8ACXMYJwp9AgALfQ0ADH0NAA==
Payload(hex): 0367130104687e05000106cb00077d1b0208e60f00097318270a7d02000b7d0d000c7d0d00
JSON: {""co2"":539,""hcho"":0.02,""humidity"":63,""light_level"":0,""pir"":1,""pm10"":13,""pm2_5"":13,""pressure"":1000.8,""temperature"":27.5,""tvoc"":15}
MIC: 2419506c"
24E124710E317752,24E124FFFEFAB29D,472300000,SF7BW125, -53/11.5,37,825,UpUnc,2026-07-15T04:37:23+08:00,"Dev Addr/Multicast Addr: 06f5800d
GwEUI: 24E124FFFEFAB29D
AppEUI: 24E124C0002A0001
Device EUI/Group Name: 24E124710E317752
Class Type: Class C
Immediately: -
Timestamp: 2449527090
Type: UpUnc
Adr: true
AdrAcKReq: false
Ack: false
Fcnt: 825
Port: 85
Modulation: LORA
Bandwidth: 125
SpreadFactor: 7
Bitrate: 0
CodeRate: 4/5
SNR: 11.5
RSSI: -53
Power: -
Payload(b64): A2cUAQRofgUAAQbLAAd9HAII5g8ACXMXJwp9AgALfQ4ADH0PAA==
Payload(hex): 0367140104687e05000106cb00077d1c0208e60f00097317270a7d02000b7d0e000c7d0f00
JSON: {""co2"":540,""hcho"":0.02,""humidity"":63,""light_level"":0,""pir"":1,""pm10"":15,""pm2_5"":14,""pressure"":1000.7,""temperature"":27.6,""tvoc"":15}
MIC: f895e797"
24E124710E317752,24E124FFFEFAB29D,472700000,SF7BW125, -52/14.0,37,824,UpUnc,2026-07-15T04:36:23+08:00,"Dev Addr/Multicast Addr: 06f5800d
GwEUI: 24E124FFFEFAB29D
AppEUI: 24E124C0002A0001
Device EUI/Group Name: 24E124710E317752
Class Type: Class C
Immediately: -
Timestamp: 2389536055
Type: UpUnc
Adr: true
AdrAcKReq: false
Ack: false
Fcnt: 824
Port: 85
Modulation: LORA
Bandwidth: 125
SpreadFactor: 7
Bitrate: 0
CodeRate: 4/5
SNR: 14.0
RSSI: -52
Power: -
Payload(b64): A2cUAQRofgUAAQbLAAd9HAII5g8ACXMXJwp9AQALfQ4ADH0PAA==
Payload(hex): 0367140104687e05000106cb00077d1c0208e60f00097317270a7d01000b7d0e000c7d0f00
JSON: {""co2"":540,""hcho"":0.01,""humidity"":63,""light_level"":0,""pir"":1,""pm10"":15,""pm2_5"":14,""pressure"":1000.7,""temperature"":27.6,""tvoc"":15}
MIC: be6597b5"
24E124710E317752,24E124FFFEFAB29D,472900000,SF7BW125, -51/8.5,37,823,UpUnc,2026-07-15T04:35:23+08:00,"Dev Addr/Multicast Addr: 06f5800d
GwEUI: 24E124FFFEFAB29D
AppEUI: 24E124C0002A0001
Device EUI/Group Name: 24E124710E317752
Class Type: Class C
Immediately: -
Timestamp: 2329527831
Type: UpUnc
Adr: true
AdrAcKReq: false
Ack: false
Fcnt: 823
Port: 85
Modulation: LORA
Bandwidth: 125
SpreadFactor: 7
Bitrate: 0
CodeRate: 4/5
SNR: 8.5
RSSI: -51
Power: -
Payload(b64): A2cUAQRofgUAAQbLAAd9HQII5g8ACXMXJwp9AQALfQ4ADH0PAA==
Payload(hex): 0367140104687e05000106cb00077d1d0208e60f00097317270a7d01000b7d0e000c7d0f00
JSON: {""co2"":541,""hcho"":0.01,""humidity"":63,""light_level"":0,""pir"":1,""pm10"":15,""pm2_5"":14,""pressure"":1000.7,""temperature"":27.6,""tvoc"":15}
MIC: a8a58e92"
24E124710E317752,24E124FFFEFAB29D,473300000,SF7BW125, -52/14.0,37,822,UpUnc,2026-07-15T04:34:23+08:00,"Dev Addr/Multicast Addr: 06f5800d
GwEUI: 24E124FFFEFAB29D
AppEUI: 24E124C0002A0001
Device EUI/Group Name: 24E124710E317752
Class Type: Class C
Immediately: -
Timestamp: 2269532868
Type: UpUnc
Adr: true
AdrAcKReq: false
Ack: false
Fcnt: 822
Port: 85
Modulation: LORA
Bandwidth: 125
SpreadFactor: 7
Bitrate: 0
CodeRate: 4/5
SNR: 14.0
RSSI: -52
Power: -
Payload(b64): A2cTAQRofgUAAQbLAAd9HAII5g8ACXMXJwp9AgALfQ0ADH0NAA==
Payload(hex): 0367130104687e05000106cb00077d1c0208e60f00097317270a7d02000b7d0d000c7d0d00
JSON: {""co2"":540,""hcho"":0.02,""humidity"":63,""light_level"":0,""pir"":1,""pm10"":13,""pm2_5"":13,""pressure"":1000.7,""temperature"":27.5,""tvoc"":15}
MIC: cbfd5ffe"
24E124710E317752,24E124FFFEFAB29D,472100000,SF7BW125, -54/13.8,37,821,UpUnc,2026-07-15T04:33:23+08:00,"Dev Addr/Multicast Addr: 06f5800d
GwEUI: 24E124FFFEFAB29D
AppEUI: 24E124C0002A0001
Device EUI/Group Name: 24E124710E317752
Class Type: Class C
Immediately: -
Timestamp: 2209529690
Type: UpUnc
Adr: true
AdrAcKReq: false
Ack: false
Fcnt: 821
Port: 85
Modulation: LORA
Bandwidth: 125
SpreadFactor: 7
Bitrate: 0
CodeRate: 4/5
SNR: 13.8
RSSI: -54
Power: -
Payload(b64): A2cUAQRofgUAAQbLAAd9HAII5g8ACXMXJwp9AgALfQ0ADH0NAA==
Payload(hex): 0367140104687e05000106cb00077d1c0208e60f00097317270a7d02000b7d0d000c7d0d00
JSON: {""co2"":540,""hcho"":0.02,""humidity"":63,""light_level"":0,""pir"":1,""pm10"":13,""pm2_5"":13,""pressure"":1000.7,""temperature"":27.6,""tvoc"":15}
MIC: 8a501475"
24E124710E317752,24E124FFFEFAB29D,472500000,SF7BW125, -53/13.8,37,820,UpUnc,2026-07-15T04:32:23+08:00,"Dev Addr/Multicast Addr: 06f5800d
GwEUI: 24E124FFFEFAB29D
AppEUI: 24E124C0002A0001
Device EUI/Group Name: 24E124710E317752
Class Type: Class C
Immediately: -
Timestamp: 2149534722
Type: UpUnc
Adr: true
AdrAcKReq: false
Ack: false
Fcnt: 820
Port: 85
Modulation: LORA
Bandwidth: 125
SpreadFactor: 7
Bitrate: 0
CodeRate: 4/5
SNR: 13.8
RSSI: -53
Power: -
Payload(b64): A2cTAQRofgUAAQbLAAd9GwII5g8ACXMXJwp9AgALfQ0ADH0NAA==
Payload(hex): 0367130104687e05000106cb00077d1b0208e60f00097317270a7d02000b7d0d000c7d0d00
JSON: {""co2"":539,""hcho"":0.02,""humidity"":63,""light_level"":0,""pir"":1,""pm10"":13,""pm2_5"":13,""pressure"":1000.7,""temperature"":27.5,""tvoc"":15}
MIC: 5543cae3"
24E124710E317752,24E124FFFEFAB29D,472900000,SF7BW125, -52/8.2,37,819,UpUnc,2026-07-15T04:31:23+08:00,"Dev Addr/Multicast Addr: 06f5800d
GwEUI: 24E124FFFEFAB29D
AppEUI: 24E124C0002A0001
Device EUI/Group Name: 24E124710E317752
Class Type: Class C
Immediately: -
Timestamp: 2089532649
Type: UpUnc
Adr: true
AdrAcKReq: false
Ack: false
Fcnt: 819
Port: 85
Modulation: LORA
Bandwidth: 125
SpreadFactor: 7
Bitrate: 0
CodeRate: 4/5
SNR: 8.2
RSSI: -52
Power: -
Payload(b64): A2cUAQRofgUAAQbLAAd9GgII5g8ACXMXJwp9AQALfQ0ADH0NAA==
Payload(hex): 0367140104687e05000106cb00077d1a0208e60f00097317270a7d01000b7d0d000c7d0d00
JSON: {""co2"":538,""hcho"":0.01,""humidity"":63,""light_level"":0,""pir"":1,""pm10"":13,""pm2_5"":13,""pressure"":1000.7,""temperature"":27.6,""tvoc"":15}
MIC: 9b26156f"
24E124710E317752,24E124FFFEFAB29D,473300000,SF7BW125, -52/13.8,37,818,UpUnc,2026-07-15T04:30:23+08:00,"Dev Addr/Multicast Addr: 06f5800d
GwEUI: 24E124FFFEFAB29D
AppEUI: 24E124C0002A0001
Device EUI/Group Name: 24E124710E317752
Class Type: Class C
Immediately: -
Timestamp: 2029527553
Type: UpUnc
Adr: true
AdrAcKReq: false
Ack: false
Fcnt: 818
Port: 85
Modulation: LORA
Bandwidth: 125
SpreadFactor: 7
Bitrate: 0
CodeRate: 4/5
SNR: 13.8
RSSI: -52
Power: -
Payload(b64): A2cTAQRofgUAAQbLAAd9GQII5g8ACXMXJwp9AQALfQ0ADH0NAA==
Payload(hex): 0367130104687e05000106cb00077d190208e60f00097317270a7d01000b7d0d000c7d0d00
JSON: {""co2"":537,""hcho"":0.01,""humidity"":63,""light_level"":0,""pir"":1,""pm10"":13,""pm2_5"":13,""pressure"":1000.7,""temperature"":27.5,""tvoc"":15}
MIC: b02663d1"
24E124710E317752,24E124FFFEFAB29D,472300000,SF7BW125, -53/11.5,37,817,UpUnc,2026-07-15T04:29:23+08:00,"Dev Addr/Multicast Addr: 06f5800d
GwEUI: 24E124FFFEFAB29D
AppEUI: 24E124C0002A0001
Device EUI/Group Name: 24E124710E317752
Class Type: Class C
Immediately: -
Timestamp: 1969535520
Type: UpUnc
Adr: true
AdrAcKReq: false
Ack: false
Fcnt: 817
Port: 85
Modulation: LORA
Bandwidth: 125
SpreadFactor: 7
Bitrate: 0
CodeRate: 4/5
SNR: 11.5
RSSI: -53
Power: -
Payload(b64): A2cUAQRofgUAAQbLAAd9GQII5g8ACXMXJwp9AgALfQ0ADH0NAA==
Payload(hex): 0367140104687e05000106cb00077d190208e60f00097317270a7d02000b7d0d000c7d0d00
JSON: {""co2"":537,""hcho"":0.02,""humidity"":63,""light_level"":0,""pir"":1,""pm10"":13,""pm2_5"":13,""pressure"":1000.7,""temperature"":27.6,""tvoc"":15}
MIC: 2b1c995e"
24E124710E317752,24E124FFFEFAB29D,472500000,SF7BW125, -53/13.8,37,816,UpUnc,2026-07-15T04:28:23+08:00,"Dev Addr/Multicast Addr: 06f5800d
GwEUI: 24E124FFFEFAB29D
AppEUI: 24E124C0002A0001
Device EUI/Group Name: 24E124710E317752
Class Type: Class C
Immediately: -
Timestamp: 1909531311
Type: UpUnc
Adr: true
AdrAcKReq: false
Ack: false
Fcnt: 816
Port: 85
Modulation: LORA
Bandwidth: 125
SpreadFactor: 7
Bitrate: 0
CodeRate: 4/5
SNR: 13.8
RSSI: -53
Power: -
Payload(b64): A2cUAQRofgUAAQbLAAd9GwII5g8ACXMXJwp9AgALfQ0ADH0NAA==
Payload(hex): 0367140104687e05000106cb00077d1b0208e60f00097317270a7d02000b7d0d000c7d0d00
JSON: {""co2"":539,""hcho"":0.02,""humidity"":63,""light_level"":0,""pir"":1,""pm10"":13,""pm2_5"":13,""pressure"":1000.7,""temperature"":27.6,""tvoc"":15}
MIC: d83ac08d"
24E124710E317752,24E124FFFEFAB29D,472900000,SF7BW125, -52/8.8,37,815,UpUnc,2026-07-15T04:27:23+08:00,"Dev Addr/Multicast Addr: 06f5800d
GwEUI: 24E124FFFEFAB29D
AppEUI: 24E124C0002A0001
Device EUI/Group Name: 24E124710E317752
Class Type: Class C
Immediately: -
Timestamp: 1849527265
Type: UpUnc
Adr: true
AdrAcKReq: false
Ack: false
Fcnt: 815
Port: 85
Modulation: LORA
Bandwidth: 125
SpreadFactor: 7
Bitrate: 0
CodeRate: 4/5
SNR: 8.8
RSSI: -52
Power: -
Payload(b64): A2cUAQRofgUAAQbLAAd9GgII5g8ACXMXJwp9AgALfQ0ADH0NAA==
Payload(hex): 0367140104687e05000106cb00077d1a0208e60f00097317270a7d02000b7d0d000c7d0d00
JSON: {""co2"":538,""hcho"":0.02,""humidity"":63,""light_level"":0,""pir"":1,""pm10"":13,""pm2_5"":13,""pressure"":1000.7,""temperature"":27.6,""tvoc"":15}
MIC: 8a1e0298"
24E124710E317752,24E124FFFEFAB29D,471900000,SF7BW125, -55/14.2,37,814,UpUnc,2026-07-15T04:26:23+08:00,"Dev Addr/Multicast Addr: 06f5800d
GwEUI: 24E124FFFEFAB29D
AppEUI: 24E124C0002A0001
Device EUI/Group Name: 24E124710E317752
Class Type: Class C
Immediately: -
Timestamp: 1789535344
Type: UpUnc
Adr: true
AdrAcKReq: false
Ack: false
Fcnt: 814
Port: 85
Modulation: LORA
Bandwidth: 125
SpreadFactor: 7
Bitrate: 0
CodeRate: 4/5
SNR: 14.2
RSSI: -55
Power: -
Payload(b64): A2cTAQRofgUAAQbLAAd9GQII5g8ACXMXJwp9AQALfQ0ADH0NAA==
Payload(hex): 0367130104687e05000106cb00077d190208e60f00097317270a7d01000b7d0d000c7d0d00
JSON: {""co2"":537,""hcho"":0.01,""humidity"":63,""light_level"":0,""pir"":1,""pm10"":13,""pm2_5"":13,""pressure"":1000.7,""temperature"":27.5,""tvoc"":15}
MIC: 34fa091f"
24E124710E317752,24E124FFFEFAB29D,472300000,SF7BW125, -53/11.2,37,813,UpUnc,2026-07-15T04:25:23+08:00,"Dev Addr/Multicast Addr: 06f5800d
GwEUI: 24E124FFFEFAB29D
AppEUI: 24E124C0002A0001
Device EUI/Group Name: 24E124710E317752
Class Type: Class C
Immediately: -
Timestamp: 1729532133
Type: UpUnc
Adr: true
AdrAcKReq: false
Ack: false
Fcnt: 813
Port: 85
Modulation: LORA
Bandwidth: 125
SpreadFactor: 7
Bitrate: 0
CodeRate: 4/5
SNR: 11.2
RSSI: -53
Power: -
Payload(b64): A2cUAQRofgUAAQbLAAd9GQII5g8ACXMWJwp9AQALfQ0ADH0NAA==
Payload(hex): 0367140104687e05000106cb00077d190208e60f00097316270a7d01000b7d0d000c7d0d00
JSON: {""co2"":537,""hcho"":0.01,""humidity"":63,""light_level"":0,""pir"":1,""pm10"":13,""pm2_5"":13,""pressure"":1000.6,""temperature"":27.6,""tvoc"":15}
MIC: 51d617cb"
24E124710E317752,24E124FFFEFAB29D,472700000,SF7BW125, -52/14.0,37,812,UpUnc,2026-07-15T04:24:23+08:00,"Dev Addr/Multicast Addr: 06f5800d
GwEUI: 24E124FFFEFAB29D
AppEUI: 24E124C0002A0001
Device EUI/Group Name: 24E124710E317752
Class Type: Class C
Immediately: -
Timestamp: 1669535120
Type: UpUnc
Adr: true
AdrAcKReq: false
Ack: false
Fcnt: 812
Port: 85
Modulation: LORA
Bandwidth: 125
SpreadFactor: 7
Bitrate: 0
CodeRate: 4/5
SNR: 14.0
RSSI: -52
Power: -
Payload(b64): A2cUAQRofgUAAQbLAAd9GQII5g8ACXMWJwp9AgALfQ0ADH0NAA==
Payload(hex): 0367140104687e05000106cb00077d190208e60f00097316270a7d02000b7d0d000c7d0d00
JSON: {""co2"":537,""hcho"":0.02,""humidity"":63,""light_level"":0,""pir"":1,""pm10"":13,""pm2_5"":13,""pressure"":1000.6,""temperature"":27.6,""tvoc"":15}
MIC: a58f52dc"
24E124710E317752,24E124FFFEFAB29D,502900000,SF7BW125, -/-,0,28,DnUnc,2026-07-15T04:24:05+08:00,"Dev Addr/Multicast Addr: 06f5800d
GwEUI: 24E124FFFEFAB29D
AppEUI: 24E124C0002A0001
Device EUI/Group Name: 24E124710E317752
Class Type: Class C
Immediately: false
Timestamp: 1651862123
Type: DnUnc
Adr: true
AdrAcKReq: false
Ack: false
Fcnt: 28
Port: -
Modulation: LORA
Bandwidth: 125
SpreadFactor: 7
Bitrate: 0
CodeRate: 4/5
SNR: -
RSSI: -
Power: 20
Payload(b64): 
Payload(hex): 
JSON: 
MIC: 332449ef"
24E124710E317752,24E124FFFEFAB29D,472900000,SF7BW125, -51/8.8,0,811,UpUnc,2026-07-15T04:24:05+08:00,"Dev Addr/Multicast Addr: 06f5800d
GwEUI: 24E124FFFEFAB29D
AppEUI: 24E124C0002A0001
Device EUI/Group Name: 24E124710E317752
Class Type: Class C
Immediately: -
Timestamp: 1650862123
Type: UpUnc
Adr: true
AdrAcKReq: false
Ack: false
Fcnt: 811
Port: 0
Modulation: LORA
Bandwidth: 125
SpreadFactor: 7
Bitrate: 0
CodeRate: 4/5
SNR: 8.8
RSSI: -51
Power: -
Payload(b64): 
Payload(hex): 
JSON: 
MIC: 6af69cd5"
24E124710E317752,24E124FFFEFAB29D,473100000,SF7BW125, -51/14.0,37,810,UpUnc,2026-07-15T04:23:23+08:00,"Dev Addr/Multicast Addr: 06f5800d
GwEUI: 24E124FFFEFAB29D
AppEUI: 24E124C0002A0001
Device EUI/Group Name: 24E124710E317752
Class Type: Class C
Immediately: -
Timestamp: 1609534981
Type: UpUnc
Adr: true
AdrAcKReq: false
Ack: false
Fcnt: 810
Port: 85
Modulation: LORA
Bandwidth: 125
SpreadFactor: 7
Bitrate: 0
CodeRate: 4/5
SNR: 14.0
RSSI: -51
Power: -
Payload(b64): A2cUAQRofgUAAQbLAAd9GQII5g8ACXMXJwp9AgALfQ0ADH0NAA==
Payload(hex): 0367140104687e05000106cb00077d190208e60f00097317270a7d02000b7d0d000c7d0d00
JSON: {""co2"":537,""hcho"":0.02,""humidity"":63,""light_level"":0,""pir"":1,""pm10"":13,""pm2_5"":13,""pressure"":1000.7,""temperature"":27.6,""tvoc"":15}
MIC: 984429be"
24E124710E317752,24E124FFFEFAB29D,471900000,SF7BW125, -55/14.5,37,809,UpUnc,2026-07-15T04:22:23+08:00,"Dev Addr/Multicast Addr: 06f5800d
GwEUI: 24E124FFFEFAB29D
AppEUI: 24E124C0002A0001
Device EUI/Group Name: 24E124710E317752
Class Type: Class C
Immediately: -
Timestamp: 1549529918
Type: UpUnc
Adr: true
AdrAcKReq: false
Ack: false
Fcnt: 809
Port: 85
Modulation: LORA
Bandwidth: 125
SpreadFactor: 7
Bitrate: 0
CodeRate: 4/5
SNR: 14.5
RSSI: -55
Power: -
Payload(b64): A2cUAQRofgUAAQbLAAd9GgII5g8ACXMXJwp9AgALfQ8ADH0PAA==
Payload(hex): 0367140104687e05000106cb00077d1a0208e60f00097317270a7d02000b7d0f000c7d0f00
JSON: {""co2"":538,""hcho"":0.02,""humidity"":63,""light_level"":0,""pir"":1,""pm10"":15,""pm2_5"":15,""pressure"":1000.7,""temperature"":27.6,""tvoc"":15}
MIC: 28b59045"
24E124710E317752,24E124FFFEFAB29D,472500000,SF7BW125, -53/13.5,37,808,UpUnc,2026-07-15T04:21:23+08:00,"Dev Addr/Multicast Addr: 06f5800d
GwEUI: 24E124FFFEFAB29D
AppEUI: 24E124C0002A0001
Device EUI/Group Name: 24E124710E317752
Class Type: Class C
Immediately: -
Timestamp: 1489535818
Type: UpUnc
Adr: true
AdrAcKReq: false
Ack: false
Fcnt: 808
Port: 85
Modulation: LORA
Bandwidth: 125
SpreadFactor: 7
Bitrate: 0
CodeRate: 4/5
SNR: 13.5
RSSI: -53
Power: -
Payload(b64): A2cUAQRofgUAAQbLAAd9HQII5g8ACXMXJwp9AQALfQ8ADH0PAA==
Payload(hex): 0367140104687e05000106cb00077d1d0208e60f00097317270a7d01000b7d0f000c7d0f00
JSON: {""co2"":541,""hcho"":0.01,""humidity"":63,""light_level"":0,""pir"":1,""pm10"":15,""pm2_5"":15,""pressure"":1000.7,""temperature"":27.6,""tvoc"":15}
MIC: 01b17ccd"
24E124710E317752,24E124FFFEFAB29D,472900000,SF7BW125, -51/8.5,37,807,UpUnc,2026-07-15T04:20:23+08:00,"Dev Addr/Multicast Addr: 06f5800d
GwEUI: 24E124FFFEFAB29D
AppEUI: 24E124C0002A0001
Device EUI/Group Name: 24E124710E317752
Class Type: Class C
Immediately: -
Timestamp: 1429531882
Type: UpUnc
Adr: true
AdrAcKReq: false
Ack: false
Fcnt: 807
Port: 85
Modulation: LORA
Bandwidth: 125
SpreadFactor: 7
Bitrate: 0
CodeRate: 4/5
SNR: 8.5
RSSI: -51
Power: -
Payload(b64): A2cUAQRofgUAAQbLAAd9GwII5g8ACXMXJwp9AQALfQ8ADH0PAA==
Payload(hex): 0367140104687e05000106cb00077d1b0208e60f00097317270a7d01000b7d0f000c7d0f00
JSON: {""co2"":539,""hcho"":0.01,""humidity"":63,""light_level"":0,""pir"":1,""pm10"":15,""pm2_5"":15,""pressure"":1000.7,""temperature"":27.6,""tvoc"":15}
MIC: b7a067d4"
24E124710E317752,24E124FFFEFAB29D,473100000,SF7BW125, -51/13.8,37,806,UpUnc,2026-07-15T04:19:23+08:00,"Dev Addr/Multicast Addr: 06f5800d
GwEUI: 24E124FFFEFAB29D
AppEUI: 24E124C0002A0001
Device EUI/Group Name: 24E124710E317752
Class Type: Class C
Immediately: -
Timestamp: 1369535809
Type: UpUnc
Adr: true
AdrAcKReq: false
Ack: false
Fcnt: 806
Port: 85
Modulation: LORA
Bandwidth: 125
SpreadFactor: 7
Bitrate: 0
CodeRate: 4/5
SNR: 13.8
RSSI: -51
Power: -
Payload(b64): A2cUAQRofgUAAQbLAAd9GwII5g8ACXMWJwp9AgALfRAADH0QAA==
Payload(hex): 0367140104687e05000106cb00077d1b0208e60f00097316270a7d02000b7d10000c7d1000
JSON: {""co2"":539,""hcho"":0.02,""humidity"":63,""light_level"":0,""pir"":1,""pm10"":16,""pm2_5"":16,""pressure"":1000.6,""temperature"":27.6,""tvoc"":15}
MIC: bd28d50f"
24E124710E317752,24E124FFFEFAB29D,471900000,SF7BW125, -55/14.0,37,805,UpUnc,2026-07-15T04:18:23+08:00,"Dev Addr/Multicast Addr: 06f5800d
GwEUI: 24E124FFFEFAB29D
AppEUI: 24E124C0002A0001
Device EUI/Group Name: 24E124710E317752
Class Type: Class C
Immediately: -
Timestamp: 1309529629
Type: UpUnc
Adr: true
AdrAcKReq: false
Ack: false
Fcnt: 805
Port: 85
Modulation: LORA
Bandwidth: 125
SpreadFactor: 7
Bitrate: 0
CodeRate: 4/5
SNR: 14.0
RSSI: -55
Power: -
Payload(b64): A2cTAQRofgUAAQbLAAd9HAII5g8ACXMWJwp9AgALfRAADH0QAA==
Payload(hex): 0367130104687e05000106cb00077d1c0208e60f00097316270a7d02000b7d10000c7d1000
JSON: {""co2"":540,""hcho"":0.02,""humidity"":63,""light_level"":0,""pir"":1,""pm10"":16,""pm2_5"":16,""pressure"":1000.6,""temperature"":27.5,""tvoc"":15}
MIC: 9bbefe80"
24E124710E317752,24E124FFFEFAB29D,472500000,SF7BW125, -53/14.5,37,804,UpUnc,2026-07-15T04:17:23+08:00,"Dev Addr/Multicast Addr: 06f5800d
GwEUI: 24E124FFFEFAB29D
AppEUI: 24E124C0002A0001
Device EUI/Group Name: 24E124710E317752
Class Type: Class C
Immediately: -
Timestamp: 1249534663
Type: UpUnc
Adr: true
AdrAcKReq: false
Ack: false
Fcnt: 804
Port: 85
Modulation: LORA
Bandwidth: 125
SpreadFactor: 7
Bitrate: 0
CodeRate: 4/5
SNR: 14.5
RSSI: -53
Power: -
Payload(b64): A2cUAQRofgUAAQbLAAd9HQII5g8ACXMWJwp9AgALfRAADH0QAA==
Payload(hex): 0367140104687e05000106cb00077d1d0208e60f00097316270a7d02000b7d10000c7d1000
JSON: {""co2"":541,""hcho"":0.02,""humidity"":63,""light_level"":0,""pir"":1,""pm10"":16,""pm2_5"":16,""pressure"":1000.6,""temperature"":27.6,""tvoc"":15}
MIC: 3b982c7d"
24E124710E317752,24E124FFFEFAB29D,472900000,SF7BW125, -51/8.8,37,803,UpUnc,2026-07-15T04:16:23+08:00,"Dev Addr/Multicast Addr: 06f5800d
GwEUI: 24E124FFFEFAB29D
AppEUI: 24E124C0002A0001
Device EUI/Group Name: 24E124710E317752
Class Type: Class C
Immediately: -
Timestamp: 1189539486
Type: UpUnc
Adr: true
AdrAcKReq: false
Ack: false
Fcnt: 803
Port: 85
Modulation: LORA
Bandwidth: 125
SpreadFactor: 7
Bitrate: 0
CodeRate: 4/5
SNR: 8.8
RSSI: -51
Power: -
Payload(b64): A2cTAQRofgUAAQbLAAd9HAII5g8ACXMWJwp9AQALfQ4ADH0OAA==
Payload(hex): 0367130104687e05000106cb00077d1c0208e60f00097316270a7d01000b7d0e000c7d0e00
JSON: {""co2"":540,""hcho"":0.01,""humidity"":63,""light_level"":0,""pir"":1,""pm10"":14,""pm2_5"":14,""pressure"":1000.6,""temperature"":27.5,""tvoc"":15}
MIC: 9b4ed6eb"
24E124710E317752,24E124FFFEFAB29D,473300000,SF7BW125, -52/14.2,37,802,UpUnc,2026-07-15T04:15:23+08:00,"Dev Addr/Multicast Addr: 06f5800d
GwEUI: 24E124FFFEFAB29D
AppEUI: 24E124C0002A0001
Device EUI/Group Name: 24E124710E317752
Class Type: Class C
Immediately: -
Timestamp: 1129536710
Type: UpUnc
Adr: true
AdrAcKReq: false
Ack: false
Fcnt: 802
Port: 85
Modulation: LORA
Bandwidth: 125
SpreadFactor: 7
Bitrate: 0
CodeRate: 4/5
SNR: 14.2
RSSI: -52
Power: -
Payload(b64): A2cTAQRofgUAAQbLAAd9IAII5g8ACXMWJwp9AQALfQ4ADH0OAA==
Payload(hex): 0367130104687e05000106cb00077d200208e60f00097316270a7d01000b7d0e000c7d0e00
JSON: {""co2"":544,""hcho"":0.01,""humidity"":63,""light_level"":0,""pir"":1,""pm10"":14,""pm2_5"":14,""pressure"":1000.6,""temperature"":27.5,""tvoc"":15}
MIC: 5319d81f"
24E124710E317752,24E124FFFEFAB29D,471900000,SF7BW125, -55/13.8,37,801,UpUnc,2026-07-15T04:14:23+08:00,"Dev Addr/Multicast Addr: 06f5800d
GwEUI: 24E124FFFEFAB29D
AppEUI: 24E124C0002A0001
Device EUI/Group Name: 24E124710E317752
Class Type: Class C
Immediately: -
Timestamp: 1069533455
Type: UpUnc
Adr: true
AdrAcKReq: false
Ack: false
Fcnt: 801
Port: 85
Modulation: LORA
Bandwidth: 125
SpreadFactor: 7
Bitrate: 0
CodeRate: 4/5
SNR: 13.8
RSSI: -55
Power: -
Payload(b64): A2cUAQRofgUAAQbLAAd9IAII5g8ACXMWJwp9AgALfQ4ADH0OAA==
Payload(hex): 0367140104687e05000106cb00077d200208e60f00097316270a7d02000b7d0e000c7d0e00
JSON: {""co2"":544,""hcho"":0.02,""humidity"":63,""light_level"":0,""pir"":1,""pm10"":14,""pm2_5"":14,""pressure"":1000.6,""temperature"":27.6,""tvoc"":15}
MIC: a15cbcef"
24E124710E317752,24E124FFFEFAB29D,472300000,SF7BW125, -53/11.8,37,800,UpUnc,2026-07-15T04:13:23+08:00,"Dev Addr/Multicast Addr: 06f5800d
GwEUI: 24E124FFFEFAB29D
AppEUI: 24E124C0002A0001
Device EUI/Group Name: 24E124710E317752
Class Type: Class C
Immediately: -
Timestamp: 1009533493
Type: UpUnc
Adr: true
AdrAcKReq: false
Ack: false
Fcnt: 800
Port: 85
Modulation: LORA
Bandwidth: 125
SpreadFactor: 7
Bitrate: 0
CodeRate: 4/5
SNR: 11.8
RSSI: -53
Power: -
Payload(b64): A2cUAQRofgUAAQbLAAd9IQII5g8ACXMXJwp9AgALfQsADH0LAA==
Payload(hex): 0367140104687e05000106cb00077d210208e60f00097317270a7d02000b7d0b000c7d0b00
JSON: {""co2"":545,""hcho"":0.02,""humidity"":63,""light_level"":0,""pir"":1,""pm10"":11,""pm2_5"":11,""pressure"":1000.7,""temperature"":27.6,""tvoc"":15}
MIC: 6913893d"
24E124710E317752,24E124FFFEFAB29D,472700000,SF7BW125, -53/14.2,37,799,UpUnc,2026-07-15T04:12:23+08:00,"Dev Addr/Multicast Addr: 06f5800d
GwEUI: 24E124FFFEFAB29D
AppEUI: 24E124C0002A0001
Device EUI/Group Name: 24E124710E317752
Class Type: Class C
Immediately: -
Timestamp: 949535219
Type: UpUnc
Adr: true
AdrAcKReq: false
Ack: false
Fcnt: 799
Port: 85
Modulation: LORA
Bandwidth: 125
SpreadFactor: 7
Bitrate: 0
CodeRate: 4/5
SNR: 14.2
RSSI: -53
Power: -
Payload(b64): A2cTAQRofgUAAQbLAAd9IgII5g8ACXMXJwp9AgALfQsADH0LAA==
Payload(hex): 0367130104687e05000106cb00077d220208e60f00097317270a7d02000b7d0b000c7d0b00
JSON: {""co2"":546,""hcho"":0.02,""humidity"":63,""light_level"":0,""pir"":1,""pm10"":11,""pm2_5"":11,""pressure"":1000.7,""temperature"":27.5,""tvoc"":15}
MIC: 3e0fe6dd"
24E124710E317752,24E124FFFEFAB29D,473300000,SF7BW125, -52/13.8,37,798,UpUnc,2026-07-15T04:11:23+08:00,"Dev Addr/Multicast Addr: 06f5800d
GwEUI: 24E124FFFEFAB29D
AppEUI: 24E124C0002A0001
Device EUI/Group Name: 24E124710E317752
Class Type: Class C
Immediately: -
Timestamp: 889535130
Type: UpUnc
Adr: true
AdrAcKReq: false
Ack: false
Fcnt: 798
Port: 85
Modulation: LORA
Bandwidth: 125
SpreadFactor: 7
Bitrate: 0
CodeRate: 4/5
SNR: 13.8
RSSI: -52
Power: -
Payload(b64): A2cUAQRofgUAAQbLAAd9IgII5g8ACXMXJwp9AQALfQsADH0LAA==
Payload(hex): 0367140104687e05000106cb00077d220208e60f00097317270a7d01000b7d0b000c7d0b00
JSON: {""co2"":546,""hcho"":0.01,""humidity"":63,""light_level"":0,""pir"":1,""pm10"":11,""pm2_5"":11,""pressure"":1000.7,""temperature"":27.6,""tvoc"":15}
MIC: 8ea5a941"
24E124710E317752,24E124FFFEFAB29D,472100000,SF7BW125, -54/13.8,37,797,UpUnc,2026-07-15T04:10:23+08:00,"Dev Addr/Multicast Addr: 06f5800d
GwEUI: 24E124FFFEFAB29D
AppEUI: 24E124C0002A0001
Device EUI/Group Name: 24E124710E317752
Class Type: Class C
Immediately: -
Timestamp: 829535071
Type: UpUnc
Adr: true
AdrAcKReq: false
Ack: false
Fcnt: 797
Port: 85
Modulation: LORA
Bandwidth: 125
SpreadFactor: 7
Bitrate: 0
CodeRate: 4/5
SNR: 13.8
RSSI: -54
Power: -
Payload(b64): A2cUAQRofgUAAQbLAAd9IAII5g8ACXMXJwp9AQALfQ8ADH0PAA==
Payload(hex): 0367140104687e05000106cb00077d200208e60f00097317270a7d01000b7d0f000c7d0f00
JSON: {""co2"":544,""hcho"":0.01,""humidity"":63,""light_level"":0,""pir"":1,""pm10"":15,""pm2_5"":15,""pressure"":1000.7,""temperature"":27.6,""tvoc"":15}
MIC: a8906dce"
24E124710E317752,24E124FFFEFAB29D,472300000,SF7BW125, -53/11.5,37,796,UpUnc,2026-07-15T04:09:23+08:00,"Dev Addr/Multicast Addr: 06f5800d
GwEUI: 24E124FFFEFAB29D
AppEUI: 24E124C0002A0001
Device EUI/Group Name: 24E124710E317752
Class Type: Class C
Immediately: -
Timestamp: 769540116
Type: UpUnc
Adr: true
AdrAcKReq: false
Ack: false
Fcnt: 796
Port: 85
Modulation: LORA
Bandwidth: 125
SpreadFactor: 7
Bitrate: 0
CodeRate: 4/5
SNR: 11.5
RSSI: -53
Power: -
Payload(b64): A2cTAQRofgUAAQbLAAd9HwII5g8ACXMYJwp9AgALfQ8ADH0PAA==
Payload(hex): 0367130104687e05000106cb00077d1f0208e60f00097318270a7d02000b7d0f000c7d0f00
JSON: {""co2"":543,""hcho"":0.02,""humidity"":63,""light_level"":0,""pir"":1,""pm10"":15,""pm2_5"":15,""pressure"":1000.8,""temperature"":27.5,""tvoc"":15}
MIC: dfe81c44"
24E124710E317752,24E124FFFEFAB29D,472900000,SF7BW125, -52/8.8,37,795,UpUnc,2026-07-15T04:08:23+08:00,"Dev Addr/Multicast Addr: 06f5800d
GwEUI: 24E124FFFEFAB29D
AppEUI: 24E124C0002A0001
Device EUI/Group Name: 24E124710E317752
Class Type: Class C
Immediately: -
Timestamp: 709534928
Type: UpUnc
Adr: true
AdrAcKReq: false
Ack: false
Fcnt: 795
Port: 85
Modulation: LORA
Bandwidth: 125
SpreadFactor: 7
Bitrate: 0
CodeRate: 4/5
SNR: 8.8
RSSI: -52
Power: -
Payload(b64): A2cUAQRofgUAAQbLAAd9HwII5g8ACXMXJwp9AgALfQ8ADH0PAA==
Payload(hex): 0367140104687e05000106cb00077d1f0208e60f00097317270a7d02000b7d0f000c7d0f00
JSON: {""co2"":543,""hcho"":0.02,""humidity"":63,""light_level"":0,""pir"":1,""pm10"":15,""pm2_5"":15,""pressure"":1000.7,""temperature"":27.6,""tvoc"":15}
MIC: 5f1ef870"
24E124710E317752,24E124FFFEFAB29D,473100000,SF7BW125, -51/13.8,37,794,UpUnc,2026-07-15T04:07:23+08:00,"Dev Addr/Multicast Addr: 06f5800d
GwEUI: 24E124FFFEFAB29D
AppEUI: 24E124C0002A0001
Device EUI/Group Name: 24E124710E317752
Class Type: Class C
Immediately: -
Timestamp: 649540853
Type: UpUnc
Adr: true
AdrAcKReq: false
Ack: false
Fcnt: 794
Port: 85
Modulation: LORA
Bandwidth: 125
SpreadFactor: 7
Bitrate: 0
CodeRate: 4/5
SNR: 13.8
RSSI: -51
Power: -
Payload(b64): A2cTAQRofgUAAQbLAAd9HQII5g8ACXMXJwp9AgALfRAADH0QAA==
Payload(hex): 0367130104687e05000106cb00077d1d0208e60f00097317270a7d02000b7d10000c7d1000
JSON: {""co2"":541,""hcho"":0.02,""humidity"":63,""light_level"":0,""pir"":1,""pm10"":16,""pm2_5"":16,""pressure"":1000.7,""temperature"":27.5,""tvoc"":15}
MIC: 933b0884"
24E124710E317752,24E124FFFEFAB29D,471900000,SF7BW125, -55/13.8,37,793,UpUnc,2026-07-15T04:06:23+08:00,"Dev Addr/Multicast Addr: 06f5800d
GwEUI: 24E124FFFEFAB29D
AppEUI: 24E124C0002A0001
Device EUI/Group Name: 24E124710E317752
Class Type: Class C
Immediately: -
Timestamp: 589535788
Type: UpUnc
Adr: true
AdrAcKReq: false
Ack: false
Fcnt: 793
Port: 85
Modulation: LORA
Bandwidth: 125
SpreadFactor: 7
Bitrate: 0
CodeRate: 4/5
SNR: 13.8
RSSI: -55
Power: -
Payload(b64): A2cTAQRofgUAAQbLAAd9HQII5g8ACXMXJwp9AQALfRAADH0QAA==
Payload(hex): 0367130104687e05000106cb00077d1d0208e60f00097317270a7d01000b7d10000c7d1000
JSON: {""co2"":541,""hcho"":0.01,""humidity"":63,""light_level"":0,""pir"":1,""pm10"":16,""pm2_5"":16,""pressure"":1000.7,""temperature"":27.5,""tvoc"":15}
MIC: 112c5db2"
24E124710E317752,24E124FFFEFAB29D,472500000,SF7BW125, -53/14.2,37,792,UpUnc,2026-07-15T04:05:23+08:00,"Dev Addr/Multicast Addr: 06f5800d
GwEUI: 24E124FFFEFAB29D
AppEUI: 24E124C0002A0001
Device EUI/Group Name: 24E124710E317752
Class Type: Class C
Immediately: -
Timestamp: 529532812
Type: UpUnc
Adr: true
AdrAcKReq: false
Ack: false
Fcnt: 792
Port: 85
Modulation: LORA
Bandwidth: 125
SpreadFactor: 7
Bitrate: 0
CodeRate: 4/5
SNR: 14.2
RSSI: -53
Power: -
Payload(b64): A2cTAQRofgUAAQbLAAd9HAII5g8ACXMWJwp9AQALfRAADH0QAA==
Payload(hex): 0367130104687e05000106cb00077d1c0208e60f00097316270a7d01000b7d10000c7d1000
JSON: {""co2"":540,""hcho"":0.01,""humidity"":63,""light_level"":0,""pir"":1,""pm10"":16,""pm2_5"":16,""pressure"":1000.6,""temperature"":27.5,""tvoc"":15}
MIC: 306159ee"
24E124710E317752,24E124FFFEFAB29D,472700000,SF7BW125, -53/14.0,37,791,UpUnc,2026-07-15T04:04:23+08:00,"Dev Addr/Multicast Addr: 06f5800d
GwEUI: 24E124FFFEFAB29D
AppEUI: 24E124C0002A0001
Device EUI/Group Name: 24E124710E317752
Class Type: Class C
Immediately: -
Timestamp: 469537958
Type: UpUnc
Adr: true
AdrAcKReq: false
Ack: false
Fcnt: 791
Port: 85
Modulation: LORA
Bandwidth: 125
SpreadFactor: 7
Bitrate: 0
CodeRate: 4/5
SNR: 14.0
RSSI: -53
Power: -
Payload(b64): A2cTAQRofgUAAQbLAAd9HAII5g8ACXMWJwp9AgALfQ8ADH0PAA==
Payload(hex): 0367130104687e05000106cb00077d1c0208e60f00097316270a7d02000b7d0f000c7d0f00
JSON: {""co2"":540,""hcho"":0.02,""humidity"":63,""light_level"":0,""pir"":1,""pm10"":15,""pm2_5"":15,""pressure"":1000.6,""temperature"":27.5,""tvoc"":15}
MIC: fd0865b8"
24E124710E317752,24E124FFFEFAB29D,473300000,SF7BW125, -52/14.0,37,790,UpUnc,2026-07-15T04:03:23+08:00,"Dev Addr/Multicast Addr: 06f5800d
GwEUI: 24E124FFFEFAB29D
AppEUI: 24E124C0002A0001
Device EUI/Group Name: 24E124710E317752
Class Type: Class C
Immediately: -
Timestamp: 409538593
Type: UpUnc
Adr: true
AdrAcKReq: false
Ack: false
Fcnt: 790
Port: 85
Modulation: LORA
Bandwidth: 125
SpreadFactor: 7
Bitrate: 0
CodeRate: 4/5
SNR: 14.0
RSSI: -52
Power: -
Payload(b64): A2cUAQRofgUAAQbLAAd9GQII5g8ACXMXJwp9AgALfQ8ADH0PAA==
Payload(hex): 0367140104687e05000106cb00077d190208e60f00097317270a7d02000b7d0f000c7d0f00
JSON: {""co2"":537,""hcho"":0.02,""humidity"":63,""light_level"":0,""pir"":1,""pm10"":15,""pm2_5"":15,""pressure"":1000.7,""temperature"":27.6,""tvoc"":15}
MIC: eb40aeb3"
24E124710E317752,24E124FFFEFAB29D,471900000,SF7BW125, -55/13.8,37,789,UpUnc,2026-07-15T04:02:23+08:00,"Dev Addr/Multicast Addr: 06f5800d
GwEUI: 24E124FFFEFAB29D
AppEUI: 24E124C0002A0001
Device EUI/Group Name: 24E124710E317752
Class Type: Class C
Immediately: -
Timestamp: 349542633
Type: UpUnc
Adr: true
AdrAcKReq: false
Ack: false
Fcnt: 789
Port: 85
Modulation: LORA
Bandwidth: 125
SpreadFactor: 7
Bitrate: 0
CodeRate: 4/5
SNR: 13.8
RSSI: -55
Power: -
Payload(b64): A2cUAQRofgUAAQbLAAd9GgII5g8ACXMXJwp9AgALfQ8ADH0PAA==
Payload(hex): 0367140104687e05000106cb00077d1a0208e60f00097317270a7d02000b7d0f000c7d0f00
JSON: {""co2"":538,""hcho"":0.02,""humidity"":63,""light_level"":0,""pir"":1,""pm10"":15,""pm2_5"":15,""pressure"":1000.7,""temperature"":27.6,""tvoc"":15}
MIC: 55bc0d02"
24E124710E317752,24E124FFFEFAB29D,472500000,SF7BW125, -53/14.0,37,788,UpUnc,2026-07-15T04:01:23+08:00,"Dev Addr/Multicast Addr: 06f5800d
GwEUI: 24E124FFFEFAB29D
AppEUI: 24E124C0002A0001
Device EUI/Group Name: 24E124710E317752
Class Type: Class C
Immediately: -
Timestamp: 289538479
Type: UpUnc
Adr: true
AdrAcKReq: false
Ack: false
Fcnt: 788
Port: 85
Modulation: LORA
Bandwidth: 125
SpreadFactor: 7
Bitrate: 0
CodeRate: 4/5
SNR: 14.0
RSSI: -53
Power: -
Payload(b64): A2cTAQRofgUAAQbLAAd9GgII5g8ACXMXJwp9AQALfQ0ADH0NAA==
Payload(hex): 0367130104687e05000106cb00077d1a0208e60f00097317270a7d01000b7d0d000c7d0d00
JSON: {""co2"":538,""hcho"":0.01,""humidity"":63,""light_level"":0,""pir"":1,""pm10"":13,""pm2_5"":13,""pressure"":1000.7,""temperature"":27.5,""tvoc"":15}
MIC: a91c52ef"
24E124710E317752,24E124FFFEFAB29D,472900000,SF7BW125, -51/9.0,37,787,UpUnc,2026-07-15T04:00:24+08:00,"Dev Addr/Multicast Addr: 06f5800d
GwEUI: 24E124FFFEFAB29D
AppEUI: 24E124C0002A0001
Device EUI/Group Name: 24E124710E317752
Class Type: Class C
Immediately: -
Timestamp: 229534471
Type: UpUnc
Adr: true
AdrAcKReq: false
Ack: false
Fcnt: 787
Port: 85
Modulation: LORA
Bandwidth: 125
SpreadFactor: 7
Bitrate: 0
CodeRate: 4/5
SNR: 9.0
RSSI: -51
Power: -
Payload(b64): A2cTAQRofgUAAQbLAAd9HgII5g8ACXMXJwp9AQALfQ0ADH0NAA==
Payload(hex): 0367130104687e05000106cb00077d1e0208e60f00097317270a7d01000b7d0d000c7d0d00
JSON: {""co2"":542,""hcho"":0.01,""humidity"":63,""light_level"":0,""pir"":1,""pm10"":13,""pm2_5"":13,""pressure"":1000.7,""temperature"":27.5,""tvoc"":15}
MIC: 494b08f5"
24E124710E317752,24E124FFFEFAB29D,473300000,SF7BW125, -52/13.5,37,786,UpUnc,2026-07-15T03:59:24+08:00,"Dev Addr/Multicast Addr: 06f5800d
GwEUI: 24E124FFFEFAB29D
AppEUI: 24E124C0002A0001
Device EUI/Group Name: 24E124710E317752
Class Type: Class C
Immediately: -
Timestamp: 169540290
Type: UpUnc
Adr: true
AdrAcKReq: false
Ack: false
Fcnt: 786
Port: 85
Modulation: LORA
Bandwidth: 125
SpreadFactor: 7
Bitrate: 0
CodeRate: 4/5
SNR: 13.5
RSSI: -52
Power: -
Payload(b64): A2cUAQRofgUAAQbLAAd9HwII5g8ACXMXJwp9AgALfQ0ADH0NAA==
Payload(hex): 0367140104687e05000106cb00077d1f0208e60f00097317270a7d02000b7d0d000c7d0d00
JSON: {""co2"":543,""hcho"":0.02,""humidity"":63,""light_level"":0,""pir"":1,""pm10"":13,""pm2_5"":13,""pressure"":1000.7,""temperature"":27.6,""tvoc"":15}
MIC: 8a4648df"
24E124710E317752,24E124FFFEFAB29D,472100000,SF7BW125, -54/13.2,37,785,UpUnc,2026-07-15T03:58:24+08:00,"Dev Addr/Multicast Addr: 06f5800d
GwEUI: 24E124FFFEFAB29D
AppEUI: 24E124C0002A0001
Device EUI/Group Name: 24E124710E317752
Class Type: Class C
Immediately: -
Timestamp: 109538432
Type: UpUnc
Adr: true
AdrAcKReq: false
Ack: false
Fcnt: 785
Port: 85
Modulation: LORA
Bandwidth: 125
SpreadFactor: 7
Bitrate: 0
CodeRate: 4/5
SNR: 13.2
RSSI: -54
Power: -
Payload(b64): A2cTAQRofgUAAAbLAAd9HwII5g8ACXMXJwp9AgALfQ8ADH0PAA==
Payload(hex): 0367130104687e05000006cb00077d1f0208e60f00097317270a7d02000b7d0f000c7d0f00
JSON: {""co2"":543,""hcho"":0.02,""humidity"":63,""light_level"":0,""pir"":0,""pm10"":15,""pm2_5"":15,""pressure"":1000.7,""temperature"":27.5,""tvoc"":15}
MIC: 746ef3d9"
24E124710E317752,24E124FFFEFAB29D,503100000,SF7BW125, -/-,0,27,DnUnc,2026-07-15T03:58:04+08:00,"Dev Addr/Multicast Addr: 06f5800d
GwEUI: 24E124FFFEFAB29D
AppEUI: 24E124C0002A0001
Device EUI/Group Name: 24E124710E317752
Class Type: Class C
Immediately: false
Timestamp: 90150296
Type: DnUnc
Adr: true
AdrAcKReq: false
Ack: false
Fcnt: 27
Port: -
Modulation: LORA
Bandwidth: 125
SpreadFactor: 7
Bitrate: 0
CodeRate: 4/5
SNR: -
RSSI: -
Power: 20
Payload(b64): 
Payload(hex): 
JSON: 
MIC: 709be16e"
24E124710E317752,24E124FFFEFAB29D,473100000,SF7BW125, -51/13.8,0,784,UpUnc,2026-07-15T03:58:03+08:00,"Dev Addr/Multicast Addr: 06f5800d
GwEUI: 24E124FFFEFAB29D
AppEUI: 24E124C0002A0001
Device EUI/Group Name: 24E124710E317752
Class Type: Class C
Immediately: -
Timestamp: 89150296
Type: UpUnc
Adr: true
AdrAcKReq: false
Ack: false
Fcnt: 784
Port: 0
Modulation: LORA
Bandwidth: 125
SpreadFactor: 7
Bitrate: 0
CodeRate: 4/5
SNR: 13.8
RSSI: -51
Power: -
Payload(b64): 
Payload(hex): 
JSON: 
MIC: 03f7c3da"
24E124710E317752,24E124FFFEFAB29D,473300000,SF7BW125, -52/14.0,37,783,UpUnc,2026-07-15T03:57:24+08:00,"Dev Addr/Multicast Addr: 06f5800d
GwEUI: 24E124FFFEFAB29D
AppEUI: 24E124C0002A0001
Device EUI/Group Name: 24E124710E317752
Class Type: Class C
Immediately: -
Timestamp: 49534159
Type: UpUnc
Adr: true
AdrAcKReq: false
Ack: false
Fcnt: 783
Port: 85
Modulation: LORA
Bandwidth: 125
SpreadFactor: 7
Bitrate: 0
CodeRate: 4/5
SNR: 14.0
RSSI: -52
Power: -
Payload(b64): A2cUAQRofgUAAQbLAAd9HQII5g8ACXMYJwp9AgALfQ8ADH0PAA==
Payload(hex): 0367140104687e05000106cb00077d1d0208e60f00097318270a7d02000b7d0f000c7d0f00
JSON: {""co2"":541,""hcho"":0.02,""humidity"":63,""light_level"":0,""pir"":1,""pm10"":15,""pm2_5"":15,""pressure"":1000.8,""temperature"":27.6,""tvoc"":15}
MIC: 288ecbf3"
24E124710E317752,24E124FFFEFAB29D,472100000,SF7BW125, -54/13.8,37,782,UpUnc,2026-07-15T03:56:24+08:00,"Dev Addr/Multicast Addr: 06f5800d
GwEUI: 24E124FFFEFAB29D
AppEUI: 24E124C0002A0001
Device EUI/Group Name: 24E124710E317752
Class Type: Class C
Immediately: -
Timestamp: 4284508506
Type: UpUnc
Adr: true
AdrAcKReq: false
Ack: false
Fcnt: 782
Port: 85
Modulation: LORA
Bandwidth: 125
SpreadFactor: 7
Bitrate: 0
CodeRate: 4/5
SNR: 13.8
RSSI: -54
Power: -
Payload(b64): A2cUAQRofgUAAQbLAAd9HgII5g8ACXMYJwp9AQALfQ8ADH0PAA==
Payload(hex): 0367140104687e05000106cb00077d1e0208e60f00097318270a7d01000b7d0f000c7d0f00
JSON: {""co2"":542,""hcho"":0.01,""humidity"":63,""light_level"":0,""pir"":1,""pm10"":15,""pm2_5"":15,""pressure"":1000.8,""temperature"":27.6,""tvoc"":15}
MIC: 0b052d45"
24E124710E317752,24E124FFFEFAB29D,472500000,SF7BW125, -53/14.2,37,781,UpUnc,2026-07-15T03:55:24+08:00,"Dev Addr/Multicast Addr: 06f5800d
GwEUI: 24E124FFFEFAB29D
AppEUI: 24E124C0002A0001
Device EUI/Group Name: 24E124710E317752
Class Type: Class C
Immediately: -
Timestamp: 4224504283
Type: UpUnc
Adr: true
AdrAcKReq: false
Ack: false
Fcnt: 781
Port: 85
Modulation: LORA
Bandwidth: 125
SpreadFactor: 7
Bitrate: 0
CodeRate: 4/5
SNR: 14.2
RSSI: -53
Power: -
Payload(b64): A2cTAQRofgUAAQbLAAd9HgII5g8ACXMYJwp9AgALfQ4ADH0OAA==
Payload(hex): 0367130104687e05000106cb00077d1e0208e60f00097318270a7d02000b7d0e000c7d0e00
JSON: {""co2"":542,""hcho"":0.02,""humidity"":63,""light_level"":0,""pir"":1,""pm10"":14,""pm2_5"":14,""pressure"":1000.8,""temperature"":27.5,""tvoc"":15}
MIC: 3c1b6339"
24E124710E317752,24E124FFFEFAB29D,472900000,SF7BW125, -51/9.8,37,780,UpUnc,2026-07-15T03:54:24+08:00,"Dev Addr/Multicast Addr: 06f5800d
GwEUI: 24E124FFFEFAB29D
AppEUI: 24E124C0002A0001
Device EUI/Group Name: 24E124710E317752
Class Type: Class C
Immediately: -
Timestamp: 4164513399
Type: UpUnc
Adr: true
AdrAcKReq: false
Ack: false
Fcnt: 780
Port: 85
Modulation: LORA
Bandwidth: 125
SpreadFactor: 7
Bitrate: 0
CodeRate: 4/5
SNR: 9.8
RSSI: -51
Power: -
Payload(b64): A2cUAQRofgUAAQbLAAd9GwII5g8ACXMYJwp9AgALfQ4ADH0OAA==
Payload(hex): 0367140104687e05000106cb00077d1b0208e60f00097318270a7d02000b7d0e000c7d0e00
JSON: {""co2"":539,""hcho"":0.02,""humidity"":63,""light_level"":0,""pir"":1,""pm10"":14,""pm2_5"":14,""pressure"":1000.8,""temperature"":27.6,""tvoc"":15}
MIC: 2d4b7c24"
24E124710E317752,24E124FFFEFAB29D,471900000,SF7BW125, -55/14.0,37,779,UpUnc,2026-07-15T03:53:24+08:00,"Dev Addr/Multicast Addr: 06f5800d
GwEUI: 24E124FFFEFAB29D
AppEUI: 24E124C0002A0001
Device EUI/Group Name: 24E124710E317752
Class Type: Class C
Immediately: -
Timestamp: 4104506259
Type: UpUnc
Adr: true
AdrAcKReq: false
Ack: false
Fcnt: 779
Port: 85
Modulation: LORA
Bandwidth: 125
SpreadFactor: 7
Bitrate: 0
CodeRate: 4/5
SNR: 14.0
RSSI: -55
Power: -
Payload(b64): A2cTAQRofgUAAQbLAAd9GQII5g8ACXMYJwp9AgALfQ4ADH0OAA==
Payload(hex): 0367130104687e05000106cb00077d190208e60f00097318270a7d02000b7d0e000c7d0e00
JSON: {""co2"":537,""hcho"":0.02,""humidity"":63,""light_level"":0,""pir"":1,""pm10"":14,""pm2_5"":14,""pressure"":1000.8,""temperature"":27.5,""tvoc"":15}
MIC: 7b957c22"
24E124710E317752,24E124FFFEFAB29D,472100000,SF7BW125, -54/13.8,37,778,UpUnc,2026-07-15T03:52:24+08:00,"Dev Addr/Multicast Addr: 06f5800d
GwEUI: 24E124FFFEFAB29D
AppEUI: 24E124C0002A0001
Device EUI/Group Name: 24E124710E317752
Class Type: Class C
Immediately: -
Timestamp: 4044503256
Type: UpUnc
Adr: true
AdrAcKReq: false
Ack: false
Fcnt: 778
Port: 85
Modulation: LORA
Bandwidth: 125
SpreadFactor: 7
Bitrate: 0
CodeRate: 4/5
SNR: 13.8
RSSI: -54
Power: -
Payload(b64): A2cTAQRofgUAAQbLAAd9GwII5g8ACXMYJwp9AgALfQ0ADH0NAA==
Payload(hex): 0367130104687e05000106cb00077d1b0208e60f00097318270a7d02000b7d0d000c7d0d00
JSON: {""co2"":539,""hcho"":0.02,""humidity"":63,""light_level"":0,""pir"":1,""pm10"":13,""pm2_5"":13,""pressure"":1000.8,""temperature"":27.5,""tvoc"":15}
MIC: bf0f0081"
24E124710E317752,24E124FFFEFAB29D,472700000,SF7BW125, -53/14.0,37,777,UpUnc,2026-07-15T03:51:24+08:00,"Dev Addr/Multicast Addr: 06f5800d
GwEUI: 24E124FFFEFAB29D
AppEUI: 24E124C0002A0001
Device EUI/Group Name: 24E124710E317752
Class Type: Class C
Immediately: -
Timestamp: 3984509140
Type: UpUnc
Adr: true
AdrAcKReq: false
Ack: false
Fcnt: 777
Port: 85
Modulation: LORA
Bandwidth: 125
SpreadFactor: 7
Bitrate: 0
CodeRate: 4/5
SNR: 14.0
RSSI: -53
Power: -
Payload(b64): A2cUAQRofgUAAQbLAAd9HgII5g8ACXMYJwp9AQALfQ0ADH0NAA==
Payload(hex): 0367140104687e05000106cb00077d1e0208e60f00097318270a7d01000b7d0d000c7d0d00
JSON: {""co2"":542,""hcho"":0.01,""humidity"":63,""light_level"":0,""pir"":1,""pm10"":13,""pm2_5"":13,""pressure"":1000.8,""temperature"":27.6,""tvoc"":15}
MIC: 28737601"
24E124710E317752,24E124FFFEFAB29D,472900000,SF7BW125, -52/8.5,37,776,UpUnc,2026-07-15T03:50:24+08:00,"Dev Addr/Multicast Addr: 06f5800d
GwEUI: 24E124FFFEFAB29D
AppEUI: 24E124C0002A0001
Device EUI/Group Name: 24E124710E317752
Class Type: Class C
Immediately: -
Timestamp: 3924504959
Type: UpUnc
Adr: true
AdrAcKReq: false
Ack: false
Fcnt: 776
Port: 85
Modulation: LORA
Bandwidth: 125
SpreadFactor: 7
Bitrate: 0
CodeRate: 4/5
SNR: 8.5
RSSI: -52
Power: -
Payload(b64): A2cUAQRofgUAAQbLAAd9HgII5g8ACXMYJwp9AgALfQ0ADH0NAA==
Payload(hex): 0367140104687e05000106cb00077d1e0208e60f00097318270a7d02000b7d0d000c7d0d00
JSON: {""co2"":542,""hcho"":0.02,""humidity"":63,""light_level"":0,""pir"":1,""pm10"":13,""pm2_5"":13,""pressure"":1000.8,""temperature"":27.6,""tvoc"":15}
MIC: 138b0bcd"
24E124710E317752,24E124FFFEFAB29D,473300000,SF7BW125, -52/14.0,37,775,UpUnc,2026-07-15T03:49:24+08:00,"Dev Addr/Multicast Addr: 06f5800d
GwEUI: 24E124FFFEFAB29D
AppEUI: 24E124C0002A0001
Device EUI/Group Name: 24E124710E317752
Class Type: Class C
Immediately: -
Timestamp: 3864510885
Type: UpUnc
Adr: true
AdrAcKReq: false
Ack: false
Fcnt: 775
Port: 85
Modulation: LORA
Bandwidth: 125
SpreadFactor: 7
Bitrate: 0
CodeRate: 4/5
SNR: 14.0
RSSI: -52
Power: -
Payload(b64): A2cTAQRofgUAAQbLAAd9HQII5g8ACXMZJwp9AgALfRIADH0SAA==
Payload(hex): 0367130104687e05000106cb00077d1d0208e60f00097319270a7d02000b7d12000c7d1200
JSON: {""co2"":541,""hcho"":0.02,""humidity"":63,""light_level"":0,""pir"":1,""pm10"":18,""pm2_5"":18,""pressure"":1000.9,""temperature"":27.5,""tvoc"":15}
MIC: 8fae9d8a"
24E124710E317752,24E124FFFEFAB29D,472100000,SF7BW125, -54/14.0,37,774,UpUnc,2026-07-15T03:48:24+08:00,"Dev Addr/Multicast Addr: 06f5800d
GwEUI: 24E124FFFEFAB29D
AppEUI: 24E124C0002A0001
Device EUI/Group Name: 24E124710E317752
Class Type: Class C
Immediately: -
Timestamp: 3804508942
Type: UpUnc
Adr: true
AdrAcKReq: false
Ack: false
Fcnt: 774
Port: 85
Modulation: LORA
Bandwidth: 125
SpreadFactor: 7
Bitrate: 0
CodeRate: 4/5
SNR: 14.0
RSSI: -54
Power: -
Payload(b64): A2cTAQRofgUAAQbLAAd9GwII5g8ACXMZJwp9AgALfRIADH0SAA==
Payload(hex): 0367130104687e05000106cb00077d1b0208e60f00097319270a7d02000b7d12000c7d1200
JSON: {""co2"":539,""hcho"":0.02,""humidity"":63,""light_level"":0,""pir"":1,""pm10"":18,""pm2_5"":18,""pressure"":1000.9,""temperature"":27.5,""tvoc"":15}
MIC: f668dd69"
24E124710E317752,24E124FFFEFAB29D,472700000,SF7BW125, -53/13.8,37,773,UpUnc,2026-07-15T03:47:24+08:00,"Dev Addr/Multicast Addr: 06f5800d
GwEUI: 24E124FFFEFAB29D
AppEUI: 24E124C0002A0001
Device EUI/Group Name: 24E124710E317752
Class Type: Class C
Immediately: -
Timestamp: 3744505853
Type: UpUnc
Adr: true
AdrAcKReq: false
Ack: false
Fcnt: 773
Port: 85
Modulation: LORA
Bandwidth: 125
SpreadFactor: 7
Bitrate: 0
CodeRate: 4/5
SNR: 13.8
RSSI: -53
Power: -
Payload(b64): A2cTAQRofgUAAQbLAAd9HgII5g8ACXMZJwp9AgALfRIADH0SAA==
Payload(hex): 0367130104687e05000106cb00077d1e0208e60f00097319270a7d02000b7d12000c7d1200
JSON: {""co2"":542,""hcho"":0.02,""humidity"":63,""light_level"":0,""pir"":1,""pm10"":18,""pm2_5"":18,""pressure"":1000.9,""temperature"":27.5,""tvoc"":15}
MIC: a69c5221"
24E124710E317752,24E124FFFEFAB29D,472900000,SF7BW125, -51/9.2,37,772,UpUnc,2026-07-15T03:46:24+08:00,"Dev Addr/Multicast Addr: 06f5800d
GwEUI: 24E124FFFEFAB29D
AppEUI: 24E124C0002A0001
Device EUI/Group Name: 24E124710E317752
Class Type: Class C
Immediately: -
Timestamp: 3684511681
Type: UpUnc
Adr: true
AdrAcKReq: false
Ack: false
Fcnt: 772
Port: 85
Modulation: LORA
Bandwidth: 125
SpreadFactor: 7
Bitrate: 0
CodeRate: 4/5
SNR: 9.2
RSSI: -51
Power: -
Payload(b64): A2cTAQRofgUAAQbLAAd9HQII5g8ACXMYJwp9AQALfQwADH0MAA==
Payload(hex): 0367130104687e05000106cb00077d1d0208e60f00097318270a7d01000b7d0c000c7d0c00
JSON: {""co2"":541,""hcho"":0.01,""humidity"":63,""light_level"":0,""pir"":1,""pm10"":12,""pm2_5"":12,""pressure"":1000.8,""temperature"":27.5,""tvoc"":15}
MIC: 4f541d39"
24E124710E317752,24E124FFFEFAB29D,473300000,SF7BW125, -52/13.5,37,771,UpUnc,2026-07-15T03:45:24+08:00,"Dev Addr/Multicast Addr: 06f5800d
GwEUI: 24E124FFFEFAB29D
AppEUI: 24E124C0002A0001
Device EUI/Group Name: 24E124710E317752
Class Type: Class C
Immediately: -
Timestamp: 3624506728
Type: UpUnc
Adr: true
AdrAcKReq: false
Ack: false
Fcnt: 771
Port: 85
Modulation: LORA
Bandwidth: 125
SpreadFactor: 7
Bitrate: 0
CodeRate: 4/5
SNR: 13.5
RSSI: -52
Power: -
Payload(b64): A2cTAQRofgUAAQbLAAd9HgII5g8ACXMZJwp9AgALfQwADH0MAA==
Payload(hex): 0367130104687e05000106cb00077d1e0208e60f00097319270a7d02000b7d0c000c7d0c00
JSON: {""co2"":542,""hcho"":0.02,""humidity"":63,""light_level"":0,""pir"":1,""pm10"":12,""pm2_5"":12,""pressure"":1000.9,""temperature"":27.5,""tvoc"":15}
MIC: 4f92b13e"
24E124710E317752,24E124FFFEFAB29D,472100000,SF7BW125, -54/14.2,37,770,UpUnc,2026-07-15T03:44:24+08:00,"Dev Addr/Multicast Addr: 06f5800d
GwEUI: 24E124FFFEFAB29D
AppEUI: 24E124C0002A0001
Device EUI/Group Name: 24E124710E317752
Class Type: Class C
Immediately: -
Timestamp: 3564513656
Type: UpUnc
Adr: true
AdrAcKReq: false
Ack: false
Fcnt: 770
Port: 85
Modulation: LORA
Bandwidth: 125
SpreadFactor: 7
Bitrate: 0
CodeRate: 4/5
SNR: 14.2
RSSI: -54
Power: -
Payload(b64): A2cUAQRofgUAAQbLAAd9HgII5g8ACXMYJwp9AQALfQwADH0MAA==
Payload(hex): 0367140104687e05000106cb00077d1e0208e60f00097318270a7d01000b7d0c000c7d0c00
JSON: {""co2"":542,""hcho"":0.01,""humidity"":63,""light_level"":0,""pir"":1,""pm10"":12,""pm2_5"":12,""pressure"":1000.8,""temperature"":27.6,""tvoc"":15}
MIC: 7485fe9a"
24E124710E317752,24E124FFFEFAB29D,472700000,SF7BW125, -53/13.8,37,769,UpUnc,2026-07-15T03:43:24+08:00,"Dev Addr/Multicast Addr: 06f5800d
GwEUI: 24E124FFFEFAB29D
AppEUI: 24E124C0002A0001
Device EUI/Group Name: 24E124710E317752
Class Type: Class C
Immediately: -
Timestamp: 3504511758
Type: UpUnc
Adr: true
AdrAcKReq: false
Ack: false
Fcnt: 769
Port: 85
Modulation: LORA
Bandwidth: 125
SpreadFactor: 7
Bitrate: 0
CodeRate: 4/5
SNR: 13.8
RSSI: -53
Power: -
Payload(b64): A2cUAQRofgUAAQbLAAd9HQII5g8ACXMYJwp9AgALfQwADH0MAA==
Payload(hex): 0367140104687e05000106cb00077d1d0208e60f00097318270a7d02000b7d0c000c7d0c00
JSON: {""co2"":541,""hcho"":0.02,""humidity"":63,""light_level"":0,""pir"":1,""pm10"":12,""pm2_5"":12,""pressure"":1000.8,""temperature"":27.6,""tvoc"":15}
MIC: 639ebb58"
24E124710E317752,24E124FFFEFAB29D,473100000,SF7BW125, -51/14.0,37,768,UpUnc,2026-07-15T03:42:24+08:00,"Dev Addr/Multicast Addr: 06f5800d
GwEUI: 24E124FFFEFAB29D
AppEUI: 24E124C0002A0001
Device EUI/Group Name: 24E124710E317752
Class Type: Class C
Immediately: -
Timestamp: 3444512497
Type: UpUnc
Adr: true
AdrAcKReq: false
Ack: false
Fcnt: 768
Port: 85
Modulation: LORA
Bandwidth: 125
SpreadFactor: 7
Bitrate: 0
CodeRate: 4/5
SNR: 14.0
RSSI: -51
Power: -
Payload(b64): A2cUAQRofgUAAQbLAAd9GwII5g8ACXMYJwp9AgALfQwADH0MAA==
Payload(hex): 0367140104687e05000106cb00077d1b0208e60f00097318270a7d02000b7d0c000c7d0c00
JSON: {""co2"":539,""hcho"":0.02,""humidity"":63,""light_level"":0,""pir"":1,""pm10"":12,""pm2_5"":12,""pressure"":1000.8,""temperature"":27.6,""tvoc"":15}
MIC: aac0f2b5"
24E124710E317752,24E124FFFEFAB29D,471900000,SF7BW125, -55/14.0,37,767,UpUnc,2026-07-15T03:41:24+08:00,"Dev Addr/Multicast Addr: 06f5800d
GwEUI: 24E124FFFEFAB29D
AppEUI: 24E124C0002A0001
Device EUI/Group Name: 24E124710E317752
Class Type: Class C
Immediately: -
Timestamp: 3384509330
Type: UpUnc
Adr: true
AdrAcKReq: false
Ack: false
Fcnt: 767
Port: 85
Modulation: LORA
Bandwidth: 125
SpreadFactor: 7
Bitrate: 0
CodeRate: 4/5
SNR: 14.0
RSSI: -55
Power: -
Payload(b64): A2cUAQRofgUAAQbLAAd9HgII5g8ACXMYJwp9AQALfQwADH0MAA==
Payload(hex): 0367140104687e05000106cb00077d1e0208e60f00097318270a7d01000b7d0c000c7d0c00
JSON: {""co2"":542,""hcho"":0.01,""humidity"":63,""light_level"":0,""pir"":1,""pm10"":12,""pm2_5"":12,""pressure"":1000.8,""temperature"":27.6,""tvoc"":15}
MIC: d46e0ba1"
24E124710E317752,24E124FFFEFAB29D,472100000,SF7BW125, -54/13.5,37,766,UpUnc,2026-07-15T03:40:24+08:00,"Dev Addr/Multicast Addr: 06f5800d
GwEUI: 24E124FFFEFAB29D
AppEUI: 24E124C0002A0001
Device EUI/Group Name: 24E124710E317752
Class Type: Class C
Immediately: -
Timestamp: 3324514370
Type: UpUnc
Adr: true
AdrAcKReq: false
Ack: false
Fcnt: 766
Port: 85
Modulation: LORA
Bandwidth: 125
SpreadFactor: 7
Bitrate: 0
CodeRate: 4/5
SNR: 13.5
RSSI: -54
Power: -
Payload(b64): A2cUAQRofgUAAQbLAAd9IAII5g8ACXMYJwp9AgALfQ4ADH0OAA==
Payload(hex): 0367140104687e05000106cb00077d200208e60f00097318270a7d02000b7d0e000c7d0e00
JSON: {""co2"":544,""hcho"":0.02,""humidity"":63,""light_level"":0,""pir"":1,""pm10"":14,""pm2_5"":14,""pressure"":1000.8,""temperature"":27.6,""tvoc"":15}
MIC: 8431f3b3"
24E124710E317752,24E124FFFEFAB29D,472500000,SF7BW125, -53/13.8,37,765,UpUnc,2026-07-15T03:39:24+08:00,"Dev Addr/Multicast Addr: 06f5800d
GwEUI: 24E124FFFEFAB29D
AppEUI: 24E124C0002A0001
Device EUI/Group Name: 24E124710E317752
Class Type: Class C
Immediately: -
Timestamp: 3264509219
Type: UpUnc
Adr: true
AdrAcKReq: false
Ack: false
Fcnt: 765
Port: 85
Modulation: LORA
Bandwidth: 125
SpreadFactor: 7
Bitrate: 0
CodeRate: 4/5
SNR: 13.8
RSSI: -53
Power: -
Payload(b64): A2cTAQRofgUAAQbLAAd9HwII5g8ACXMYJwp9AQALfQ4ADH0OAA==
Payload(hex): 0367130104687e05000106cb00077d1f0208e60f00097318270a7d01000b7d0e000c7d0e00
JSON: {""co2"":543,""hcho"":0.01,""humidity"":63,""light_level"":0,""pir"":1,""pm10"":14,""pm2_5"":14,""pressure"":1000.8,""temperature"":27.5,""tvoc"":15}
MIC: d0821d45"
24E124710E317752,24E124FFFEFAB29D,472900000,SF7BW125, -52/8.5,37,764,UpUnc,2026-07-15T03:38:24+08:00,"Dev Addr/Multicast Addr: 06f5800d
GwEUI: 24E124FFFEFAB29D
AppEUI: 24E124C0002A0001
Device EUI/Group Name: 24E124710E317752
Class Type: Class C
Immediately: -
Timestamp: 3204506235
Type: UpUnc
Adr: true
AdrAcKReq: false
Ack: false
Fcnt: 764
Port: 85
Modulation: LORA
Bandwidth: 125
SpreadFactor: 7
Bitrate: 0
CodeRate: 4/5
SNR: 8.5
RSSI: -52
Power: -
Payload(b64): A2cTAQRofgUAAQbLAAd9HwII5g8ACXMYJwp9AgALfQ4ADH0OAA==
Payload(hex): 0367130104687e05000106cb00077d1f0208e60f00097318270a7d02000b7d0e000c7d0e00
JSON: {""co2"":543,""hcho"":0.02,""humidity"":63,""light_level"":0,""pir"":1,""pm10"":14,""pm2_5"":14,""pressure"":1000.8,""temperature"":27.5,""tvoc"":15}
MIC: e0c371c1"
24E124710E317752,24E124FFFEFAB29D,473300000,SF7BW125, -52/14.0,37,763,UpUnc,2026-07-15T03:37:24+08:00,"Dev Addr/Multicast Addr: 06f5800d
GwEUI: 24E124FFFEFAB29D
AppEUI: 24E124C0002A0001
Device EUI/Group Name: 24E124710E317752
Class Type: Class C
Immediately: -
Timestamp: 3144512040
Type: UpUnc
Adr: true
AdrAcKReq: false
Ack: false
Fcnt: 763
Port: 85
Modulation: LORA
Bandwidth: 125
SpreadFactor: 7
Bitrate: 0
CodeRate: 4/5
SNR: 14.0
RSSI: -52
Power: -
Payload(b64): A2cTAQRofgUAAQbLAAd9HwII5g8ACXMXJwp9AgALfQ8ADH0PAA==
Payload(hex): 0367130104687e05000106cb00077d1f0208e60f00097317270a7d02000b7d0f000c7d0f00
JSON: {""co2"":543,""hcho"":0.02,""humidity"":63,""light_level"":0,""pir"":1,""pm10"":15,""pm2_5"":15,""pressure"":1000.7,""temperature"":27.5,""tvoc"":15}
MIC: f0414ef1"
24E124710E317752,24E124FFFEFAB29D,472100000,SF7BW125, -54/13.8,37,762,UpUnc,2026-07-15T03:36:24+08:00,"Dev Addr/Multicast Addr: 06f5800d
GwEUI: 24E124FFFEFAB29D
AppEUI: 24E124C0002A0001
Device EUI/Group Name: 24E124710E317752
Class Type: Class C
Immediately: -
Timestamp: 3084515077
Type: UpUnc
Adr: true
AdrAcKReq: false
Ack: false
Fcnt: 762
Port: 85
Modulation: LORA
Bandwidth: 125
SpreadFactor: 7
Bitrate: 0
CodeRate: 4/5
SNR: 13.8
RSSI: -54
Power: -
Payload(b64): A2cTAQRofgUAAQbLAAd9HAII5g8ACXMYJwp9AQALfQ8ADH0PAA==
Payload(hex): 0367130104687e05000106cb00077d1c0208e60f00097318270a7d01000b7d0f000c7d0f00
JSON: {""co2"":540,""hcho"":0.01,""humidity"":63,""light_level"":0,""pir"":1,""pm10"":15,""pm2_5"":15,""pressure"":1000.8,""temperature"":27.5,""tvoc"":15}
MIC: 0ec16791"
24E124710E317752,24E124FFFEFAB29D,472700000,SF7BW125, -53/14.0,37,761,UpUnc,2026-07-15T03:35:24+08:00,"Dev Addr/Multicast Addr: 06f5800d
GwEUI: 24E124FFFEFAB29D
AppEUI: 24E124C0002A0001
Device EUI/Group Name: 24E124710E317752
Class Type: Class C
Immediately: -
Timestamp: 3024509022
Type: UpUnc
Adr: true
AdrAcKReq: false
Ack: false
Fcnt: 761
Port: 85
Modulation: LORA
Bandwidth: 125
SpreadFactor: 7
Bitrate: 0
CodeRate: 4/5
SNR: 14.0
RSSI: -53
Power: -
Payload(b64): A2cTAQRofwUAAQbLAAd9HAII5g8ACXMXJwp9AgALfQ8ADH0PAA==
Payload(hex): 0367130104687f05000106cb00077d1c0208e60f00097317270a7d02000b7d0f000c7d0f00
JSON: {""co2"":540,""hcho"":0.02,""humidity"":63.5,""light_level"":0,""pir"":1,""pm10"":15,""pm2_5"":15,""pressure"":1000.7,""temperature"":27.5,""tvoc"":15}
MIC: cefd3b2f"
24E124710E317752,24E124FFFEFAB29D,472900000,SF7BW125, -52/8.8,37,760,UpUnc,2026-07-15T03:34:24+08:00,"Dev Addr/Multicast Addr: 06f5800d
GwEUI: 24E124FFFEFAB29D
AppEUI: 24E124C0002A0001
Device EUI/Group Name: 24E124710E317752
Class Type: Class C
Immediately: -
Timestamp: 2964513965
Type: UpUnc
Adr: true
AdrAcKReq: false
Ack: false
Fcnt: 760
Port: 85
Modulation: LORA
Bandwidth: 125
SpreadFactor: 7
Bitrate: 0
CodeRate: 4/5
SNR: 8.8
RSSI: -52
Power: -
Payload(b64): A2cUAQRofwUAAQbLAAd9GgII5g8ACXMXJwp9AQALfQ4ADH0PAA==
Payload(hex): 0367140104687f05000106cb00077d1a0208e60f00097317270a7d01000b7d0e000c7d0f00
JSON: {""co2"":538,""hcho"":0.01,""humidity"":63.5,""light_level"":0,""pir"":1,""pm10"":15,""pm2_5"":14,""pressure"":1000.7,""temperature"":27.6,""tvoc"":15}
MIC: cc44896d"
24E124710E317752,24E124FFFEFAB29D,473300000,SF7BW125, -52/13.8,37,759,UpUnc,2026-07-15T03:33:24+08:00,"Dev Addr/Multicast Addr: 06f5800d
GwEUI: 24E124FFFEFAB29D
AppEUI: 24E124C0002A0001
Device EUI/Group Name: 24E124710E317752
Class Type: Class C
Immediately: -
Timestamp: 2904506882
Type: UpUnc
Adr: true
AdrAcKReq: false
Ack: false
Fcnt: 759
Port: 85
Modulation: LORA
Bandwidth: 125
SpreadFactor: 7
Bitrate: 0
CodeRate: 4/5
SNR: 13.8
RSSI: -52
Power: -
Payload(b64): A2cTAQRofgUAAQbLAAd9GgII5g8ACXMXJwp9AgALfQ4ADH0PAA==
Payload(hex): 0367130104687e05000106cb00077d1a0208e60f00097317270a7d02000b7d0e000c7d0f00
JSON: {""co2"":538,""hcho"":0.02,""humidity"":63,""light_level"":0,""pir"":1,""pm10"":15,""pm2_5"":14,""pressure"":1000.7,""temperature"":27.5,""tvoc"":15}
MIC: 1f0d46fb"
24E124710E317752,24E124FFFEFAB29D,472300000,SF7BW125, -53/10.2,37,758,UpUnc,2026-07-15T03:32:24+08:00,"Dev Addr/Multicast Addr: 06f5800d
GwEUI: 24E124FFFEFAB29D
AppEUI: 24E124C0002A0001
Device EUI/Group Name: 24E124710E317752
Class Type: Class C
Immediately: -
Timestamp: 2844510685
Type: UpUnc
Adr: true
AdrAcKReq: false
Ack: false
Fcnt: 758
Port: 85
Modulation: LORA
Bandwidth: 125
SpreadFactor: 7
Bitrate: 0
CodeRate: 4/5
SNR: 10.2
RSSI: -53
Power: -
Payload(b64): A2cTAQRofwUAAQbLAAd9GQII5g8ACXMXJwp9AgALfQ4ADH0PAA==
Payload(hex): 0367130104687f05000106cb00077d190208e60f00097317270a7d02000b7d0e000c7d0f00
JSON: {""co2"":537,""hcho"":0.02,""humidity"":63.5,""light_level"":0,""pir"":1,""pm10"":15,""pm2_5"":14,""pressure"":1000.7,""temperature"":27.5,""tvoc"":15}
MIC: 4d1a600b"
24E124710E317752,24E124FFFEFAB29D,472700000,SF7BW125, -52/13.8,37,757,UpUnc,2026-07-15T03:31:24+08:00,"Dev Addr/Multicast Addr: 06f5800d
GwEUI: 24E124FFFEFAB29D
AppEUI: 24E124C0002A0001
Device EUI/Group Name: 24E124710E317752
Class Type: Class C
Immediately: -
Timestamp: 2784515730
Type: UpUnc
Adr: true
AdrAcKReq: false
Ack: false
Fcnt: 757
Port: 85
Modulation: LORA
Bandwidth: 125
SpreadFactor: 7
Bitrate: 0
CodeRate: 4/5
SNR: 13.8
RSSI: -52
Power: -
Payload(b64): A2cUAQRofwUAAQbLAAd9FwII5g8ACXMYJwp9AQALfRAADH0RAA==
Payload(hex): 0367140104687f05000106cb00077d170208e60f00097318270a7d01000b7d10000c7d1100
JSON: {""co2"":535,""hcho"":0.01,""humidity"":63.5,""light_level"":0,""pir"":1,""pm10"":17,""pm2_5"":16,""pressure"":1000.8,""temperature"":27.6,""tvoc"":15}
MIC: cbdaace7"
24E124710E317752,24E124FFFEFAB29D,473100000,SF7BW125, -51/14.2,37,756,UpUnc,2026-07-15T03:30:24+08:00,"Dev Addr/Multicast Addr: 06f5800d
GwEUI: 24E124FFFEFAB29D
AppEUI: 24E124C0002A0001
Device EUI/Group Name: 24E124710E317752
Class Type: Class C
Immediately: -
Timestamp: 2724515743
Type: UpUnc
Adr: true
AdrAcKReq: false
Ack: false
Fcnt: 756
Port: 85
Modulation: LORA
Bandwidth: 125
SpreadFactor: 7
Bitrate: 0
CodeRate: 4/5
SNR: 14.2
RSSI: -51
Power: -
Payload(b64): A2cUAQRofwUAAQbLAAd9GAII5g8ACXMYJwp9AgALfRAADH0RAA==
Payload(hex): 0367140104687f05000106cb00077d180208e60f00097318270a7d02000b7d10000c7d1100
JSON: {""co2"":536,""hcho"":0.02,""humidity"":63.5,""light_level"":0,""pir"":1,""pm10"":17,""pm2_5"":16,""pressure"":1000.8,""temperature"":27.6,""tvoc"":15}
MIC: 53ec3f67"
24E124710E317752,24E124FFFEFAB29D,471900000,SF7BW125, -55/13.5,37,755,UpUnc,2026-07-15T03:29:24+08:00,"Dev Addr/Multicast Addr: 06f5800d
GwEUI: 24E124FFFEFAB29D
AppEUI: 24E124C0002A0001
Device EUI/Group Name: 24E124710E317752
Class Type: Class C
Immediately: -
Timestamp: 2664516694
Type: UpUnc
Adr: true
AdrAcKReq: false
Ack: false
Fcnt: 755
Port: 85
Modulation: LORA
Bandwidth: 125
SpreadFactor: 7
Bitrate: 0
CodeRate: 4/5
SNR: 13.5
RSSI: -55
Power: -
Payload(b64): A2cUAQRofwUAAQbLAAd9GQII5g8ACXMYJwp9AQALfRAADH0RAA==
Payload(hex): 0367140104687f05000106cb00077d190208e60f00097318270a7d01000b7d10000c7d1100
JSON: {""co2"":537,""hcho"":0.01,""humidity"":63.5,""light_level"":0,""pir"":1,""pm10"":17,""pm2_5"":16,""pressure"":1000.8,""temperature"":27.6,""tvoc"":15}
MIC: 404f5e1b"
24E124710E317752,24E124FFFEFAB29D,472100000,SF7BW125, -53/13.8,37,754,UpUnc,2026-07-15T03:28:24+08:00,"Dev Addr/Multicast Addr: 06f5800d
GwEUI: 24E124FFFEFAB29D
AppEUI: 24E124C0002A0001
Device EUI/Group Name: 24E124710E317752
Class Type: Class C
Immediately: -
Timestamp: 2604516413
Type: UpUnc
Adr: true
AdrAcKReq: false
Ack: false
Fcnt: 754
Port: 85
Modulation: LORA
Bandwidth: 125
SpreadFactor: 7
Bitrate: 0
CodeRate: 4/5
SNR: 13.8
RSSI: -53
Power: -
Payload(b64): A2cTAQRofwUAAQbLAAd9GwII5g8ACXMXJwp9AgALfQ8ADH0QAA==
Payload(hex): 0367130104687f05000106cb00077d1b0208e60f00097317270a7d02000b7d0f000c7d1000
JSON: {""co2"":539,""hcho"":0.02,""humidity"":63.5,""light_level"":0,""pir"":1,""pm10"":16,""pm2_5"":15,""pressure"":1000.7,""temperature"":27.5,""tvoc"":15}
MIC: ef8ae49c"
24E124710E317752,24E124FFFEFAB29D,472700000,SF7BW125, -52/14.0,37,753,UpUnc,2026-07-15T03:27:24+08:00,"Dev Addr/Multicast Addr: 06f5800d
GwEUI: 24E124FFFEFAB29D
AppEUI: 24E124C0002A0001
Device EUI/Group Name: 24E124710E317752
Class Type: Class C
Immediately: -
Timestamp: 2544512475
Type: UpUnc
Adr: true
AdrAcKReq: false
Ack: false
Fcnt: 753
Port: 85
Modulation: LORA
Bandwidth: 125
SpreadFactor: 7
Bitrate: 0
CodeRate: 4/5
SNR: 14.0
RSSI: -52
Power: -
Payload(b64): A2cUAQRofwUAAQbLAAd9FwII5g8ACXMYJwp9AgALfQ8ADH0QAA==
Payload(hex): 0367140104687f05000106cb00077d170208e60f00097318270a7d02000b7d0f000c7d1000
JSON: {""co2"":535,""hcho"":0.02,""humidity"":63.5,""light_level"":0,""pir"":1,""pm10"":16,""pm2_5"":15,""pressure"":1000.8,""temperature"":27.6,""tvoc"":15}
MIC: 907797f9"
24E124710E317752,24E124FFFEFAB29D,473100000,SF7BW125, -51/13.5,37,752,UpUnc,2026-07-15T03:26:24+08:00,"Dev Addr/Multicast Addr: 06f5800d
GwEUI: 24E124FFFEFAB29D
AppEUI: 24E124C0002A0001
Device EUI/Group Name: 24E124710E317752
Class Type: Class C
Immediately: -
Timestamp: 2484509398
Type: UpUnc
Adr: true
AdrAcKReq: false
Ack: false
Fcnt: 752
Port: 85
Modulation: LORA
Bandwidth: 125
SpreadFactor: 7
Bitrate: 0
CodeRate: 4/5
SNR: 13.5
RSSI: -51
Power: -
Payload(b64): A2cTAQRofwUAAQbLAAd9GAII5g8ACXMYJwp9AQALfQ8ADH0QAA==
Payload(hex): 0367130104687f05000106cb00077d180208e60f00097318270a7d01000b7d0f000c7d1000
JSON: {""co2"":536,""hcho"":0.01,""humidity"":63.5,""light_level"":0,""pir"":1,""pm10"":16,""pm2_5"":15,""pressure"":1000.8,""temperature"":27.5,""tvoc"":15}
MIC: d3d990fe"
24E124710E317752,24E124FFFEFAB29D,503100000,SF7BW125, -/-,0,26,DnUnc,2026-07-15T03:26:12+08:00,"Dev Addr/Multicast Addr: 06f5800d
GwEUI: 24E124FFFEFAB29D
AppEUI: 24E124C0002A0001
Device EUI/Group Name: 24E124710E317752
Class Type: Class C
Immediately: false
Timestamp: 2473157390
Type: DnUnc
Adr: true
AdrAcKReq: false
Ack: false
Fcnt: 26
Port: -
Modulation: LORA
Bandwidth: 125
SpreadFactor: 7
Bitrate: 0
CodeRate: 4/5
SNR: -
RSSI: -
Power: 20
Payload(b64): 
Payload(hex): 
JSON: 
MIC: de205124"
24E124710E317752,24E124FFFEFAB29D,473100000,SF7BW125, -51/13.8,0,751,UpUnc,2026-07-15T03:26:11+08:00,"Dev Addr/Multicast Addr: 06f5800d
GwEUI: 24E124FFFEFAB29D
AppEUI: 24E124C0002A0001
Device EUI/Group Name: 24E124710E317752
Class Type: Class C
Immediately: -
Timestamp: 2472157390
Type: UpUnc
Adr: true
AdrAcKReq: false
Ack: false
Fcnt: 751
Port: 0
Modulation: LORA
Bandwidth: 125
SpreadFactor: 7
Bitrate: 0
CodeRate: 4/5
SNR: 13.8
RSSI: -51
Power: -
Payload(b64): 
Payload(hex): 
JSON: 
MIC: 95451bb5"
24E124710E317752,24E124FFFEFAB29D,471900000,SF7BW125, -55/14.0,37,750,UpUnc,2026-07-15T03:25:24+08:00,"Dev Addr/Multicast Addr: 06f5800d
GwEUI: 24E124FFFEFAB29D
AppEUI: 24E124C0002A0001
Device EUI/Group Name: 24E124710E317752
Class Type: Class C
Immediately: -
Timestamp: 2424517207
Type: UpUnc
Adr: true
AdrAcKReq: false
Ack: false
Fcnt: 750
Port: 85
Modulation: LORA
Bandwidth: 125
SpreadFactor: 7
Bitrate: 0
CodeRate: 4/5
SNR: 14.0
RSSI: -55
Power: -
Payload(b64): A2cUAQRofwUAAQbLAAd9GAII5g8ACXMYJwp9AgALfQ4ADH0OAA==
Payload(hex): 0367140104687f05000106cb00077d180208e60f00097318270a7d02000b7d0e000c7d0e00
JSON: {""co2"":536,""hcho"":0.02,""humidity"":63.5,""light_level"":0,""pir"":1,""pm10"":14,""pm2_5"":14,""pressure"":1000.8,""temperature"":27.6,""tvoc"":15}
MIC: eec9bcf2"
24E124710E317752,24E124FFFEFAB29D,472500000,SF7BW125, -53/14.0,37,749,UpUnc,2026-07-15T03:24:24+08:00,"Dev Addr/Multicast Addr: 06f5800d
GwEUI: 24E124FFFEFAB29D
AppEUI: 24E124C0002A0001
Device EUI/Group Name: 24E124710E317752
Class Type: Class C
Immediately: -
Timestamp: 2364511115
Type: UpUnc
Adr: true
AdrAcKReq: false
Ack: false
Fcnt: 749
Port: 85
Modulation: LORA
Bandwidth: 125
SpreadFactor: 7
Bitrate: 0
CodeRate: 4/5
SNR: 14.0
RSSI: -53
Power: -
Payload(b64): A2cTAQRofwUAAQbLAAd9FwII5g8ACXMYJwp9AQALfQ4ADH0OAA==
Payload(hex): 0367130104687f05000106cb00077d170208e60f00097318270a7d01000b7d0e000c7d0e00
JSON: {""co2"":535,""hcho"":0.01,""humidity"":63.5,""light_level"":0,""pir"":1,""pm10"":14,""pm2_5"":14,""pressure"":1000.8,""temperature"":27.5,""tvoc"":15}
MIC: 23e5266e"
24E124710E317752,24E124FFFEFAB29D,472900000,SF7BW125, -51/8.2,37,748,UpUnc,2026-07-15T03:23:24+08:00,"Dev Addr/Multicast Addr: 06f5800d
GwEUI: 24E124FFFEFAB29D
AppEUI: 24E124C0002A0001
Device EUI/Group Name: 24E124710E317752
Class Type: Class C
Immediately: -
Timestamp: 2304517188
Type: UpUnc
Adr: true
AdrAcKReq: false
Ack: false
Fcnt: 748
Port: 85
Modulation: LORA
Bandwidth: 125
SpreadFactor: 7
Bitrate: 0
CodeRate: 4/5
SNR: 8.2
RSSI: -51
Power: -
Payload(b64): A2cTAQRofwUAAQbLAAd9GAII5g8ACXMYJwp9AgALfQ4ADH0OAA==
Payload(hex): 0367130104687f05000106cb00077d180208e60f00097318270a7d02000b7d0e000c7d0e00
JSON: {""co2"":536,""hcho"":0.02,""humidity"":63.5,""light_level"":0,""pir"":1,""pm10"":14,""pm2_5"":14,""pressure"":1000.8,""temperature"":27.5,""tvoc"":15}
MIC: f740a138"
24E124710E317752,24E124FFFEFAB29D,473100000,SF7BW125, -51/13.8,37,747,UpUnc,2026-07-15T03:22:24+08:00,"Dev Addr/Multicast Addr: 06f5800d
GwEUI: 24E124FFFEFAB29D
AppEUI: 24E124C0002A0001
Device EUI/Group Name: 24E124710E317752
Class Type: Class C
Immediately: -
Timestamp: 2244514290
Type: UpUnc
Adr: true
AdrAcKReq: false
Ack: false
Fcnt: 747
Port: 85
Modulation: LORA
Bandwidth: 125
SpreadFactor: 7
Bitrate: 0
CodeRate: 4/5
SNR: 13.8
RSSI: -51
Power: -
Payload(b64): A2cTAQRofwUAAQbLAAd9GAII5g8ACXMYJwp9AgALfQ8ADH0PAA==
Payload(hex): 0367130104687f05000106cb00077d180208e60f00097318270a7d02000b7d0f000c7d0f00
JSON: {""co2"":536,""hcho"":0.02,""humidity"":63.5,""light_level"":0,""pir"":1,""pm10"":15,""pm2_5"":15,""pressure"":1000.8,""temperature"":27.5,""tvoc"":15}
MIC: 910805a8"
24E124710E317752,24E124FFFEFAB29D,471900000,SF7BW125, -55/13.5,37,746,UpUnc,2026-07-15T03:21:24+08:00,"Dev Addr/Multicast Addr: 06f5800d
GwEUI: 24E124FFFEFAB29D
AppEUI: 24E124C0002A0001
Device EUI/Group Name: 24E124710E317752
Class Type: Class C
Immediately: -
Timestamp: 2184515927
Type: UpUnc
Adr: true
AdrAcKReq: false
Ack: false
Fcnt: 746
Port: 85
Modulation: LORA
Bandwidth: 125
SpreadFactor: 7
Bitrate: 0
CodeRate: 4/5
SNR: 13.5
RSSI: -55
Power: -
Payload(b64): A2cTAQRofwUAAQbLAAd9FwII5g8ACXMYJwp9AQALfQ8ADH0PAA==
Payload(hex): 0367130104687f05000106cb00077d170208e60f00097318270a7d01000b7d0f000c7d0f00
JSON: {""co2"":535,""hcho"":0.01,""humidity"":63.5,""light_level"":0,""pir"":1,""pm10"":15,""pm2_5"":15,""pressure"":1000.8,""temperature"":27.5,""tvoc"":15}
MIC: 32b029ab"
24E124710E317752,24E124FFFEFAB29D,472300000,SF7BW125, -53/9.5,37,745,UpUnc,2026-07-15T03:20:24+08:00,"Dev Addr/Multicast Addr: 06f5800d
GwEUI: 24E124FFFEFAB29D
AppEUI: 24E124C0002A0001
Device EUI/Group Name: 24E124710E317752
Class Type: Class C
Immediately: -
Timestamp: 2124512977
Type: UpUnc
Adr: true
AdrAcKReq: false
Ack: false
Fcnt: 745
Port: 85
Modulation: LORA
Bandwidth: 125
SpreadFactor: 7
Bitrate: 0
CodeRate: 4/5
SNR: 9.5
RSSI: -53
Power: -
Payload(b64): A2cTAQRofwUAAQbLAAd9GAII5g8ACXMYJwp9AgALfQ8ADH0PAA==
Payload(hex): 0367130104687f05000106cb00077d180208e60f00097318270a7d02000b7d0f000c7d0f00
JSON: {""co2"":536,""hcho"":0.02,""humidity"":63.5,""light_level"":0,""pir"":1,""pm10"":15,""pm2_5"":15,""pressure"":1000.8,""temperature"":27.5,""tvoc"":15}
MIC: 93b31bf7"
24E124710E317752,24E124FFFEFAB29D,472900000,SF7BW125, -51/9.0,37,744,UpUnc,2026-07-15T03:19:24+08:00,"Dev Addr/Multicast Addr: 06f5800d
GwEUI: 24E124FFFEFAB29D
AppEUI: 24E124C0002A0001
Device EUI/Group Name: 24E124710E317752
Class Type: Class C
Immediately: -
Timestamp: 2064517902
Type: UpUnc
Adr: true
AdrAcKReq: false
Ack: false
Fcnt: 744
Port: 85
Modulation: LORA
Bandwidth: 125
SpreadFactor: 7
Bitrate: 0
CodeRate: 4/5
SNR: 9.0
RSSI: -51
Power: -
Payload(b64): A2cTAQRofwUAAQbLAAd9GQII5g8ACXMYJwp9AQALfQ4ADH0PAA==
Payload(hex): 0367130104687f05000106cb00077d190208e60f00097318270a7d01000b7d0e000c7d0f00
JSON: {""co2"":537,""hcho"":0.01,""humidity"":63.5,""light_level"":0,""pir"":1,""pm10"":15,""pm2_5"":14,""pressure"":1000.8,""temperature"":27.5,""tvoc"":15}
MIC: b9f001d4"
24E124710E317752,24E124FFFEFAB29D,473100000,SF7BW125, -51/14.0,37,743,UpUnc,2026-07-15T03:18:24+08:00,"Dev Addr/Multicast Addr: 06f5800d
GwEUI: 24E124FFFEFAB29D
AppEUI: 24E124C0002A0001
Device EUI/Group Name: 24E124710E317752
Class Type: Class C
Immediately: -
Timestamp: 2004512807
Type: UpUnc
Adr: true
AdrAcKReq: false
Ack: false
Fcnt: 743
Port: 85
Modulation: LORA
Bandwidth: 125
SpreadFactor: 7
Bitrate: 0
CodeRate: 4/5
SNR: 14.0
RSSI: -51
Power: -
Payload(b64): A2cTAQRofwUAAQbLAAd9GgII5g8ACXMYJwp9AQALfQ4ADH0PAA==
Payload(hex): 0367130104687f05000106cb00077d1a0208e60f00097318270a7d01000b7d0e000c7d0f00
JSON: {""co2"":538,""hcho"":0.01,""humidity"":63.5,""light_level"":0,""pir"":1,""pm10"":15,""pm2_5"":14,""pressure"":1000.8,""temperature"":27.5,""tvoc"":15}
MIC: 18c7cd01"
24E124710E317752,24E124FFFEFAB29D,471900000,SF7BW125, -55/13.8,37,742,UpUnc,2026-07-15T03:17:24+08:00,"Dev Addr/Multicast Addr: 06f5800d
GwEUI: 24E124FFFEFAB29D
AppEUI: 24E124C0002A0001
Device EUI/Group Name: 24E124710E317752
Class Type: Class C
Immediately: -
Timestamp: 1944517652
Type: UpUnc
Adr: true
AdrAcKReq: false
Ack: false
Fcnt: 742
Port: 85
Modulation: LORA
Bandwidth: 125
SpreadFactor: 7
Bitrate: 0
CodeRate: 4/5
SNR: 13.8
RSSI: -55
Power: -
Payload(b64): A2cTAQRofwUAAQbLAAd9HAII5g8ACXMYJwp9AgALfQ4ADH0PAA==
Payload(hex): 0367130104687f05000106cb00077d1c0208e60f00097318270a7d02000b7d0e000c7d0f00
JSON: {""co2"":540,""hcho"":0.02,""humidity"":63.5,""light_level"":0,""pir"":1,""pm10"":15,""pm2_5"":14,""pressure"":1000.8,""temperature"":27.5,""tvoc"":15}
MIC: 8e7145ed"
24E124710E317752,24E124FFFEFAB29D,472500000,SF7BW125, -53/14.0,37,741,UpUnc,2026-07-15T03:16:23+08:00,"Dev Addr/Multicast Addr: 06f5800d
GwEUI: 24E124FFFEFAB29D
AppEUI: 24E124C0002A0001
Device EUI/Group Name: 24E124710E317752
Class Type: Class C
Immediately: -
Timestamp: 1884514568
Type: UpUnc
Adr: true
AdrAcKReq: false
Ack: false
Fcnt: 741
Port: 85
Modulation: LORA
Bandwidth: 125
SpreadFactor: 7
Bitrate: 0
CodeRate: 4/5
SNR: 14.0
RSSI: -53
Power: -
Payload(b64): A2cTAQRofwUAAQbLAAd9HQII5g8ACXMYJwp9AQALfRAADH0QAA==
Payload(hex): 0367130104687f05000106cb00077d1d0208e60f00097318270a7d01000b7d10000c7d1000
JSON: {""co2"":541,""hcho"":0.01,""humidity"":63.5,""light_level"":0,""pir"":1,""pm10"":16,""pm2_5"":16,""pressure"":1000.8,""temperature"":27.5,""tvoc"":15}
MIC: f0fe3c13"
24E124710E317752,24E124FFFEFAB29D,472900000,SF7BW125, -52/8.8,37,740,UpUnc,2026-07-15T03:15:23+08:00,"Dev Addr/Multicast Addr: 06f5800d
GwEUI: 24E124FFFEFAB29D
AppEUI: 24E124C0002A0001
Device EUI/Group Name: 24E124710E317752
Class Type: Class C
Immediately: -
Timestamp: 1824519523
Type: UpUnc
Adr: true
AdrAcKReq: false
Ack: false
Fcnt: 740
Port: 85
Modulation: LORA
Bandwidth: 125
SpreadFactor: 7
Bitrate: 0
CodeRate: 4/5
SNR: 8.8
RSSI: -52
Power: -
Payload(b64): A2cTAQRofwUAAQbLAAd9HAII5g8ACXMYJwp9AQALfRAADH0QAA==
Payload(hex): 0367130104687f05000106cb00077d1c0208e60f00097318270a7d01000b7d10000c7d1000
JSON: {""co2"":540,""hcho"":0.01,""humidity"":63.5,""light_level"":0,""pir"":1,""pm10"":16,""pm2_5"":16,""pressure"":1000.8,""temperature"":27.5,""tvoc"":15}
MIC: 234e19f9"
24E124710E317752,24E124FFFEFAB29D,473300000,SF7BW125, -52/13.5,37,739,UpUnc,2026-07-15T03:14:23+08:00,"Dev Addr/Multicast Addr: 06f5800d
GwEUI: 24E124FFFEFAB29D
AppEUI: 24E124C0002A0001
Device EUI/Group Name: 24E124710E317752
Class Type: Class C
Immediately: -
Timestamp: 1764515562
Type: UpUnc
Adr: true
AdrAcKReq: false
Ack: false
Fcnt: 739
Port: 85
Modulation: LORA
Bandwidth: 125
SpreadFactor: 7
Bitrate: 0
CodeRate: 4/5
SNR: 13.5
RSSI: -52
Power: -
Payload(b64): A2cTAQRofwUAAQbLAAd9HQII5g8ACXMXJwp9AQALfRAADH0QAA==
Payload(hex): 0367130104687f05000106cb00077d1d0208e60f00097317270a7d01000b7d10000c7d1000
JSON: {""co2"":541,""hcho"":0.01,""humidity"":63.5,""light_level"":0,""pir"":1,""pm10"":16,""pm2_5"":16,""pressure"":1000.7,""temperature"":27.5,""tvoc"":15}
MIC: b432a168"
24E124710E317752,24E124FFFEFAB29D,471900000,SF7BW125, -55/14.0,37,738,UpUnc,2026-07-15T03:13:23+08:00,"Dev Addr/Multicast Addr: 06f5800d
GwEUI: 24E124FFFEFAB29D
AppEUI: 24E124C0002A0001
Device EUI/Group Name: 24E124710E317752
Class Type: Class C
Immediately: -
Timestamp: 1704522657
Type: UpUnc
Adr: true
AdrAcKReq: false
Ack: false
Fcnt: 738
Port: 85
Modulation: LORA
Bandwidth: 125
SpreadFactor: 7
Bitrate: 0
CodeRate: 4/5
SNR: 14.0
RSSI: -55
Power: -
Payload(b64): A2cTAQRofwUAAQbLAAd9HAII5g8ACXMXJwp9AQALfQ8ADH0PAA==
Payload(hex): 0367130104687f05000106cb00077d1c0208e60f00097317270a7d01000b7d0f000c7d0f00
JSON: {""co2"":540,""hcho"":0.01,""humidity"":63.5,""light_level"":0,""pir"":1,""pm10"":15,""pm2_5"":15,""pressure"":1000.7,""temperature"":27.5,""tvoc"":15}
MIC: 120fafe2"
24E124710E317752,24E124FFFEFAB29D,472300000,SF7BW125, -53/10.5,37,737,UpUnc,2026-07-15T03:12:23+08:00,"Dev Addr/Multicast Addr: 06f5800d
GwEUI: 24E124FFFEFAB29D
AppEUI: 24E124C0002A0001
Device EUI/Group Name: 24E124710E317752
Class Type: Class C
Immediately: -
Timestamp: 1644513299
Type: UpUnc
Adr: true
AdrAcKReq: false
Ack: false
Fcnt: 737
Port: 85
Modulation: LORA
Bandwidth: 125
SpreadFactor: 7
Bitrate: 0
CodeRate: 4/5
SNR: 10.5
RSSI: -53
Power: -
Payload(b64): A2cTAQRofwUAAQbLAAd9HAII5g8ACXMXJwp9AgALfQ8ADH0PAA==
Payload(hex): 0367130104687f05000106cb00077d1c0208e60f00097317270a7d02000b7d0f000c7d0f00
JSON: {""co2"":540,""hcho"":0.02,""humidity"":63.5,""light_level"":0,""pir"":1,""pm10"":15,""pm2_5"":15,""pressure"":1000.7,""temperature"":27.5,""tvoc"":15}
MIC: 27b14f5b"
24E124710E317752,24E124FFFEFAB29D,472700000,SF7BW125, -52/14.2,37,736,UpUnc,2026-07-15T03:11:23+08:00,"Dev Addr/Multicast Addr: 06f5800d
GwEUI: 24E124FFFEFAB29D
AppEUI: 24E124C0002A0001
Device EUI/Group Name: 24E124710E317752
Class Type: Class C
Immediately: -
Timestamp: 1584517247
Type: UpUnc
Adr: true
AdrAcKReq: false
Ack: false
Fcnt: 736
Port: 85
Modulation: LORA
Bandwidth: 125
SpreadFactor: 7
Bitrate: 0
CodeRate: 4/5
SNR: 14.2
RSSI: -52
Power: -
Payload(b64): A2cTAQRofwUAAQbLAAd9GwII5g8ACXMYJwp9AQALfQ8ADH0PAA==
Payload(hex): 0367130104687f05000106cb00077d1b0208e60f00097318270a7d01000b7d0f000c7d0f00
JSON: {""co2"":539,""hcho"":0.01,""humidity"":63.5,""light_level"":0,""pir"":1,""pm10"":15,""pm2_5"":15,""pressure"":1000.8,""temperature"":27.5,""tvoc"":15}
MIC: b40dfb09"
24E124710E317752,24E124FFFEFAB29D,473300000,SF7BW125, -51/13.8,37,735,UpUnc,2026-07-15T03:10:23+08:00,"Dev Addr/Multicast Addr: 06f5800d
GwEUI: 24E124FFFEFAB29D
AppEUI: 24E124C0002A0001
Device EUI/Group Name: 24E124710E317752
Class Type: Class C
Immediately: -
Timestamp: 1524517176
Type: UpUnc
Adr: true
AdrAcKReq: false
Ack: false
Fcnt: 735
Port: 85
Modulation: LORA
Bandwidth: 125
SpreadFactor: 7
Bitrate: 0
CodeRate: 4/5
SNR: 13.8
RSSI: -51
Power: -
Payload(b64): A2cTAQRofwUAAQbLAAd9GgII5g8ACXMYJwp9AQALfQ4ADH0OAA==
Payload(hex): 0367130104687f05000106cb00077d1a0208e60f00097318270a7d01000b7d0e000c7d0e00
JSON: {""co2"":538,""hcho"":0.01,""humidity"":63.5,""light_level"":0,""pir"":1,""pm10"":14,""pm2_5"":14,""pressure"":1000.8,""temperature"":27.5,""tvoc"":15}
MIC: b98a1084"
24E124710E317752,24E124FFFEFAB29D,471900000,SF7BW125, -55/14.2,37,734,UpUnc,2026-07-15T03:09:23+08:00,"Dev Addr/Multicast Addr: 06f5800d
GwEUI: 24E124FFFEFAB29D
AppEUI: 24E124C0002A0001
Device EUI/Group Name: 24E124710E317752
Class Type: Class C
Immediately: -
Timestamp: 1464521212
Type: UpUnc
Adr: true
AdrAcKReq: false
Ack: false
Fcnt: 734
Port: 85
Modulation: LORA
Bandwidth: 125
SpreadFactor: 7
Bitrate: 0
CodeRate: 4/5
SNR: 14.2
RSSI: -55
Power: -
Payload(b64): A2cTAQRofwUAAQbLAAd9GwII5g8ACXMZJwp9AQALfQ4ADH0OAA==
Payload(hex): 0367130104687f05000106cb00077d1b0208e60f00097319270a7d01000b7d0e000c7d0e00
JSON: {""co2"":539,""hcho"":0.01,""humidity"":63.5,""light_level"":0,""pir"":1,""pm10"":14,""pm2_5"":14,""pressure"":1000.9,""temperature"":27.5,""tvoc"":15}
MIC: e789edc8"
24E124710E317752,24E124FFFEFAB29D,472300000,SF7BW125, -53/10.8,37,733,UpUnc,2026-07-15T03:08:23+08:00,"Dev Addr/Multicast Addr: 06f5800d
GwEUI: 24E124FFFEFAB29D
AppEUI: 24E124C0002A0001
Device EUI/Group Name: 24E124710E317752
Class Type: Class C
Immediately: -
Timestamp: 1404517143
Type: UpUnc
Adr: true
AdrAcKReq: false
Ack: false
Fcnt: 733
Port: 85
Modulation: LORA
Bandwidth: 125
SpreadFactor: 7
Bitrate: 0
CodeRate: 4/5
SNR: 10.8
RSSI: -53
Power: -
Payload(b64): A2cTAQRofwUAAQbLAAd9HgII5g8ACXMZJwp9AQALfQ4ADH0OAA==
Payload(hex): 0367130104687f05000106cb00077d1e0208e60f00097319270a7d01000b7d0e000c7d0e00
JSON: {""co2"":542,""hcho"":0.01,""humidity"":63.5,""light_level"":0,""pir"":1,""pm10"":14,""pm2_5"":14,""pressure"":1000.9,""temperature"":27.5,""tvoc"":15}
MIC: 882a44d6"
24E124710E317752,24E124FFFEFAB29D,472700000,SF7BW125, -52/13.8,37,732,UpUnc,2026-07-15T03:07:23+08:00,"Dev Addr/Multicast Addr: 06f5800d
GwEUI: 24E124FFFEFAB29D
AppEUI: 24E124C0002A0001
Device EUI/Group Name: 24E124710E317752
Class Type: Class C
Immediately: -
Timestamp: 1344513045
Type: UpUnc
Adr: true
AdrAcKReq: false
Ack: false
Fcnt: 732
Port: 85
Modulation: LORA
Bandwidth: 125
SpreadFactor: 7
Bitrate: 0
CodeRate: 4/5
SNR: 13.8
RSSI: -52
Power: -
Payload(b64): A2cTAQRofwUAAAbLAAd9HQII5g8ACXMZJwp9AgALfQ0ADH0NAA==
Payload(hex): 0367130104687f05000006cb00077d1d0208e60f00097319270a7d02000b7d0d000c7d0d00
JSON: {""co2"":541,""hcho"":0.02,""humidity"":63.5,""light_level"":0,""pir"":0,""pm10"":13,""pm2_5"":13,""pressure"":1000.9,""temperature"":27.5,""tvoc"":15}
MIC: c677ae73"
24E124710E317752,24E124FFFEFAB29D,473300000,SF7BW125, -52/14.0,37,731,UpUnc,2026-07-15T03:06:23+08:00,"Dev Addr/Multicast Addr: 06f5800d
GwEUI: 24E124FFFEFAB29D
AppEUI: 24E124C0002A0001
Device EUI/Group Name: 24E124710E317752
Class Type: Class C
Immediately: -
Timestamp: 1284518997
Type: UpUnc
Adr: true
AdrAcKReq: false
Ack: false
Fcnt: 731
Port: 85
Modulation: LORA
Bandwidth: 125
SpreadFactor: 7
Bitrate: 0
CodeRate: 4/5
SNR: 14.0
RSSI: -52
Power: -
Payload(b64): A2cTAQRofwUAAAbLAAd9HQII5g8ACXMYJwp9AQALfQ0ADH0NAA==
Payload(hex): 0367130104687f05000006cb00077d1d0208e60f00097318270a7d01000b7d0d000c7d0d00
JSON: {""co2"":541,""hcho"":0.01,""humidity"":63.5,""light_level"":0,""pir"":0,""pm10"":13,""pm2_5"":13,""pressure"":1000.8,""temperature"":27.5,""tvoc"":15}
MIC: 33331b87"
24E124710E317752,24E124FFFEFAB29D,471900000,SF7BW125, -55/14.0,37,730,UpUnc,2026-07-15T03:05:23+08:00,"Dev Addr/Multicast Addr: 06f5800d
GwEUI: 24E124FFFEFAB29D
AppEUI: 24E124C0002A0001
Device EUI/Group Name: 24E124710E317752
Class Type: Class C
Immediately: -
Timestamp: 1224514807
Type: UpUnc
Adr: true
AdrAcKReq: false
Ack: false
Fcnt: 730
Port: 85
Modulation: LORA
Bandwidth: 125
SpreadFactor: 7
Bitrate: 0
CodeRate: 4/5
SNR: 14.0
RSSI: -55
Power: -
Payload(b64): A2cTAQRofwUAAQbLAAd9HQII5g8ACXMaJwp9AQALfQ0ADH0NAA==
Payload(hex): 0367130104687f05000106cb00077d1d0208e60f0009731a270a7d01000b7d0d000c7d0d00
JSON: {""co2"":541,""hcho"":0.01,""humidity"":63.5,""light_level"":0,""pir"":1,""pm10"":13,""pm2_5"":13,""pressure"":1001,""temperature"":27.5,""tvoc"":15}
MIC: 675714cc"
24E124710E317752,24E124FFFEFAB29D,472300000,SF7BW125, -53/9.8,37,729,UpUnc,2026-07-15T03:04:23+08:00,"Dev Addr/Multicast Addr: 06f5800d
GwEUI: 24E124FFFEFAB29D
AppEUI: 24E124C0002A0001
Device EUI/Group Name: 24E124710E317752
Class Type: Class C
Immediately: -
Timestamp: 1164520742
Type: UpUnc
Adr: true
AdrAcKReq: false
Ack: false
Fcnt: 729
Port: 85
Modulation: LORA
Bandwidth: 125
SpreadFactor: 7
Bitrate: 0
CodeRate: 4/5
SNR: 9.8
RSSI: -53
Power: -
Payload(b64): A2cTAQRofwUAAQbLAAd9HAII5g8ACXMZJwp9AQALfQ4ADH0OAA==
Payload(hex): 0367130104687f05000106cb00077d1c0208e60f00097319270a7d01000b7d0e000c7d0e00
JSON: {""co2"":540,""hcho"":0.01,""humidity"":63.5,""light_level"":0,""pir"":1,""pm10"":14,""pm2_5"":14,""pressure"":1000.9,""temperature"":27.5,""tvoc"":15}
MIC: a285573e"
24E124710E317752,24E124FFFEFAB29D,472900000,SF7BW125, -51/9.0,37,728,UpUnc,2026-07-15T03:03:23+08:00,"Dev Addr/Multicast Addr: 06f5800d
GwEUI: 24E124FFFEFAB29D
AppEUI: 24E124C0002A0001
Device EUI/Group Name: 24E124710E317752
Class Type: Class C
Immediately: -
Timestamp: 1104516680
Type: UpUnc
Adr: true
AdrAcKReq: false
Ack: false
Fcnt: 728
Port: 85
Modulation: LORA
Bandwidth: 125
SpreadFactor: 7
Bitrate: 0
CodeRate: 4/5
SNR: 9.0
RSSI: -51
Power: -
Payload(b64): A2cTAQRofwUAAQbLAAd9HgII5g8ACXMZJwp9AQALfQ4ADH0OAA==
Payload(hex): 0367130104687f05000106cb00077d1e0208e60f00097319270a7d01000b7d0e000c7d0e00
JSON: {""co2"":542,""hcho"":0.01,""humidity"":63.5,""light_level"":0,""pir"":1,""pm10"":14,""pm2_5"":14,""pressure"":1000.9,""temperature"":27.5,""tvoc"":15}
MIC: 2bf39f12"
24E124710E317752,24E124FFFEFAB29D,473300000,SF7BW125, -51/13.5,37,727,UpUnc,2026-07-15T03:02:23+08:00,"Dev Addr/Multicast Addr: 06f5800d
GwEUI: 24E124FFFEFAB29D
AppEUI: 24E124C0002A0001
Device EUI/Group Name: 24E124710E317752
Class Type: Class C
Immediately: -
Timestamp: 1044521728
Type: UpUnc
Adr: true
AdrAcKReq: false
Ack: false
Fcnt: 727
Port: 85
Modulation: LORA
Bandwidth: 125
SpreadFactor: 7
Bitrate: 0
CodeRate: 4/5
SNR: 13.5
RSSI: -51
Power: -
Payload(b64): A2cTAQRofwUAAQbLAAd9HwII5g8ACXMZJwp9AgALfQ4ADH0OAA==
Payload(hex): 0367130104687f05000106cb00077d1f0208e60f00097319270a7d02000b7d0e000c7d0e00
JSON: {""co2"":543,""hcho"":0.02,""humidity"":63.5,""light_level"":0,""pir"":1,""pm10"":14,""pm2_5"":14,""pressure"":1000.9,""temperature"":27.5,""tvoc"":15}
MIC: 79458d3a"
24E124710E317752,24E124FFFEFAB29D,471900000,SF7BW125, -55/14.0,37,726,UpUnc,2026-07-15T03:01:23+08:00,"Dev Addr/Multicast Addr: 06f5800d
GwEUI: 24E124FFFEFAB29D
AppEUI: 24E124C0002A0001
Device EUI/Group Name: 24E124710E317752
Class Type: Class C
Immediately: -
Timestamp: 984524650
Type: UpUnc
Adr: true
AdrAcKReq: false
Ack: false
Fcnt: 726
Port: 85
Modulation: LORA
Bandwidth: 125
SpreadFactor: 7
Bitrate: 0
CodeRate: 4/5
SNR: 14.0
RSSI: -55
Power: -
Payload(b64): A2cTAQRofwUAAQbLAAd9HgII5g8ACXMZJwp9AQALfQ8ADH0PAA==
Payload(hex): 0367130104687f05000106cb00077d1e0208e60f00097319270a7d01000b7d0f000c7d0f00
JSON: {""co2"":542,""hcho"":0.01,""humidity"":63.5,""light_level"":0,""pir"":1,""pm10"":15,""pm2_5"":15,""pressure"":1000.9,""temperature"":27.5,""tvoc"":15}
MIC: 4c6fa6ca"
24E124710E317752,24E124FFFEFAB29D,472500000,SF7BW125, -53/14.0,37,725,UpUnc,2026-07-15T03:00:23+08:00,"Dev Addr/Multicast Addr: 06f5800d
GwEUI: 24E124FFFEFAB29D
AppEUI: 24E124C0002A0001
Device EUI/Group Name: 24E124710E317752
Class Type: Class C
Immediately: -
Timestamp: 924517504
Type: UpUnc
Adr: true
AdrAcKReq: false
Ack: false
Fcnt: 725
Port: 85
Modulation: LORA
Bandwidth: 125
SpreadFactor: 7
Bitrate: 0
CodeRate: 4/5
SNR: 14.0
RSSI: -53
Power: -
Payload(b64): A2cTAQRofwUAAQbLAAd9HQII5g8ACXMYJwp9AQALfQ8ADH0PAA==
Payload(hex): 0367130104687f05000106cb00077d1d0208e60f00097318270a7d01000b7d0f000c7d0f00
JSON: {""co2"":541,""hcho"":0.01,""humidity"":63.5,""light_level"":0,""pir"":1,""pm10"":15,""pm2_5"":15,""pressure"":1000.8,""temperature"":27.5,""tvoc"":15}
MIC: 788533f2"
24E124710E317752,24E124FFFEFAB29D,472700000,SF7BW125, -52/14.2,37,724,UpUnc,2026-07-15T02:59:23+08:00,"Dev Addr/Multicast Addr: 06f5800d
GwEUI: 24E124FFFEFAB29D
AppEUI: 24E124C0002A0001
Device EUI/Group Name: 24E124710E317752
Class Type: Class C
Immediately: -
Timestamp: 864515509
Type: UpUnc
Adr: true
AdrAcKReq: false
Ack: false
Fcnt: 724
Port: 85
Modulation: LORA
Bandwidth: 125
SpreadFactor: 7
Bitrate: 0
CodeRate: 4/5
SNR: 14.2
RSSI: -52
Power: -
Payload(b64): A2cTAQRofwUAAQbLAAd9IAII5g8ACXMYJwp9AQALfQ8ADH0PAA==
Payload(hex): 0367130104687f05000106cb00077d200208e60f00097318270a7d01000b7d0f000c7d0f00
JSON: {""co2"":544,""hcho"":0.01,""humidity"":63.5,""light_level"":0,""pir"":1,""pm10"":15,""pm2_5"":15,""pressure"":1000.8,""temperature"":27.5,""tvoc"":15}
MIC: 4fdb2fb9"
24E124710E317752,24E124FFFEFAB29D,473300000,SF7BW125, -51/14.2,37,723,UpUnc,2026-07-15T02:58:23+08:00,"Dev Addr/Multicast Addr: 06f5800d
GwEUI: 24E124FFFEFAB29D
AppEUI: 24E124C0002A0001
Device EUI/Group Name: 24E124710E317752
Class Type: Class C
Immediately: -
Timestamp: 804521446
Type: UpUnc
Adr: true
AdrAcKReq: false
Ack: false
Fcnt: 723
Port: 85
Modulation: LORA
Bandwidth: 125
SpreadFactor: 7
Bitrate: 0
CodeRate: 4/5
SNR: 14.2
RSSI: -51
Power: -
Payload(b64): A2cTAQRofwUAAQbLAAd9HgII5g8ACXMXJwp9AQALfQ0ADH0NAA==
Payload(hex): 0367130104687f05000106cb00077d1e0208e60f00097317270a7d01000b7d0d000c7d0d00
JSON: {""co2"":542,""hcho"":0.01,""humidity"":63.5,""light_level"":0,""pir"":1,""pm10"":13,""pm2_5"":13,""pressure"":1000.7,""temperature"":27.5,""tvoc"":15}
MIC: d6c40354"
24E124710E317752,24E124FFFEFAB29D,472100000,SF7BW125, -53/13.5,37,722,UpUnc,2026-07-15T02:57:23+08:00,"Dev Addr/Multicast Addr: 06f5800d
GwEUI: 24E124FFFEFAB29D
AppEUI: 24E124C0002A0001
Device EUI/Group Name: 24E124710E317752
Class Type: Class C
Immediately: -
Timestamp: 744516376
Type: UpUnc
Adr: true
AdrAcKReq: false
Ack: false
Fcnt: 722
Port: 85
Modulation: LORA
Bandwidth: 125
SpreadFactor: 7
Bitrate: 0
CodeRate: 4/5
SNR: 13.5
RSSI: -53
Power: -
Payload(b64): A2cTAQRofwUAAQbLAAd9HwII5g8ACXMXJwp9AgALfQ0ADH0NAA==
Payload(hex): 0367130104687f05000106cb00077d1f0208e60f00097317270a7d02000b7d0d000c7d0d00
JSON: {""co2"":543,""hcho"":0.02,""humidity"":63.5,""light_level"":0,""pir"":1,""pm10"":13,""pm2_5"":13,""pressure"":1000.7,""temperature"":27.5,""tvoc"":15}
MIC: 79f23f25"
24E124710E317752,24E124FFFEFAB29D,472300000,SF7BW125, -52/10.5,37,721,UpUnc,2026-07-15T02:56:24+08:00,"Dev Addr/Multicast Addr: 06f5800d
GwEUI: 24E124FFFEFAB29D
AppEUI: 24E124C0002A0001
Device EUI/Group Name: 24E124710E317752
Class Type: Class C
Immediately: -
Timestamp: 684521198
Type: UpUnc
Adr: true
AdrAcKReq: false
Ack: false
Fcnt: 721
Port: 85
Modulation: LORA
Bandwidth: 125
SpreadFactor: 7
Bitrate: 0
CodeRate: 4/5
SNR: 10.5
RSSI: -52
Power: -
Payload(b64): A2cTAQRofwUAAQbLAAd9HgII5g8ACXMXJwp9AgALfQ0ADH0NAA==
Payload(hex): 0367130104687f05000106cb00077d1e0208e60f00097317270a7d02000b7d0d000c7d0d00
JSON: {""co2"":542,""hcho"":0.02,""humidity"":63.5,""light_level"":0,""pir"":1,""pm10"":13,""pm2_5"":13,""pressure"":1000.7,""temperature"":27.5,""tvoc"":15}
MIC: 35e19350"
24E124710E317752,24E124FFFEFAB29D,503300000,SF7BW125, -/-,0,25,DnUnc,2026-07-15T02:56:03+08:00,"Dev Addr/Multicast Addr: 06f5800d
GwEUI: 24E124FFFEFAB29D
AppEUI: 24E124C0002A0001
Device EUI/Group Name: 24E124710E317752
Class Type: Class C
Immediately: false
Timestamp: 664887254
Type: DnUnc
Adr: true
AdrAcKReq: false
Ack: false
Fcnt: 25
Port: -
Modulation: LORA
Bandwidth: 125
SpreadFactor: 7
Bitrate: 0
CodeRate: 4/5
SNR: -
RSSI: -
Power: 20
Payload(b64): 
Payload(hex): 
JSON: 
MIC: c5d9b201"
24E124710E317752,24E124FFFEFAB29D,473300000,SF7BW125, -52/13.8,0,720,UpUnc,2026-07-15T02:56:03+08:00,"Dev Addr/Multicast Addr: 06f5800d
GwEUI: 24E124FFFEFAB29D
AppEUI: 24E124C0002A0001
Device EUI/Group Name: 24E124710E317752
Class Type: Class C
Immediately: -
Timestamp: 663887254
Type: UpUnc
Adr: true
AdrAcKReq: false
Ack: false
Fcnt: 720
Port: 0
Modulation: LORA
Bandwidth: 125
SpreadFactor: 7
Bitrate: 0
CodeRate: 4/5
SNR: 13.8
RSSI: -52
Power: -
Payload(b64): 
Payload(hex): 
JSON: 
MIC: 54c11467"
24E124710E317752,24E124FFFEFAB29D,472100000,SF7BW125, -54/13.5,37,719,UpUnc,2026-07-15T02:55:24+08:00,"Dev Addr/Multicast Addr: 06f5800d
GwEUI: 24E124FFFEFAB29D
AppEUI: 24E124C0002A0001
Device EUI/Group Name: 24E124710E317752
Class Type: Class C
Immediately: -
Timestamp: 624519209
Type: UpUnc
Adr: true
AdrAcKReq: false
Ack: false
Fcnt: 719
Port: 85
Modulation: LORA
Bandwidth: 125
SpreadFactor: 7
Bitrate: 0
CodeRate: 4/5
SNR: 13.5
RSSI: -54
Power: -
Payload(b64): A2cTAQRofwUAAQbLAAd9HAII5g8ACXMXJwp9AQALfQ0ADH0NAA==
Payload(hex): 0367130104687f05000106cb00077d1c0208e60f00097317270a7d01000b7d0d000c7d0d00
JSON: {""co2"":540,""hcho"":0.01,""humidity"":63.5,""light_level"":0,""pir"":1,""pm10"":13,""pm2_5"":13,""pressure"":1000.7,""temperature"":27.5,""tvoc"":15}
MIC: e9896648"
24E124710E317752,24E124FFFEFAB29D,472700000,SF7BW125, -52/14.0,37,718,UpUnc,2026-07-15T02:54:24+08:00,"Dev Addr/Multicast Addr: 06f5800d
GwEUI: 24E124FFFEFAB29D
AppEUI: 24E124C0002A0001
Device EUI/Group Name: 24E124710E317752
Class Type: Class C
Immediately: -
Timestamp: 564516161
Type: UpUnc
Adr: true
AdrAcKReq: false
Ack: false
Fcnt: 718
Port: 85
Modulation: LORA
Bandwidth: 125
SpreadFactor: 7
Bitrate: 0
CodeRate: 4/5
SNR: 14.0
RSSI: -52
Power: -
Payload(b64): A2cTAQRofwUAAQbLAAd9HgII5g8ACXMWJwp9AQALfQ0ADH0NAA==
Payload(hex): 0367130104687f05000106cb00077d1e0208e60f00097316270a7d01000b7d0d000c7d0d00
JSON: {""co2"":542,""hcho"":0.01,""humidity"":63.5,""light_level"":0,""pir"":1,""pm10"":13,""pm2_5"":13,""pressure"":1000.6,""temperature"":27.5,""tvoc"":15}
MIC: ab927072"
24E124710E317752,24E124FFFEFAB29D,472900000,SF7BW125, -51/8.8,37,717,UpUnc,2026-07-15T02:53:24+08:00,"Dev Addr/Multicast Addr: 06f5800d
GwEUI: 24E124FFFEFAB29D
AppEUI: 24E124C0002A0001
Device EUI/Group Name: 24E124710E317752
Class Type: Class C
Immediately: -
Timestamp: 504520971
Type: UpUnc
Adr: true
AdrAcKReq: false
Ack: false
Fcnt: 717
Port: 85
Modulation: LORA
Bandwidth: 125
SpreadFactor: 7
Bitrate: 0
CodeRate: 4/5
SNR: 8.8
RSSI: -51
Power: -
Payload(b64): A2cTAQRofwUAAQbLAAd9HAII5g8ACXMWJwp9AgALfQ0ADH0NAA==
Payload(hex): 0367130104687f05000106cb00077d1c0208e60f00097316270a7d02000b7d0d000c7d0d00
JSON: {""co2"":540,""hcho"":0.02,""humidity"":63.5,""light_level"":0,""pir"":1,""pm10"":13,""pm2_5"":13,""pressure"":1000.6,""temperature"":27.5,""tvoc"":15}
MIC: 843c4e3a"
24E124710E317752,24E124FFFEFAB29D,471900000,SF7BW125, -55/14.2,37,716,UpUnc,2026-07-15T02:52:24+08:00,"Dev Addr/Multicast Addr: 06f5800d
GwEUI: 24E124FFFEFAB29D
AppEUI: 24E124C0002A0001
Device EUI/Group Name: 24E124710E317752
Class Type: Class C
Immediately: -
Timestamp: 444517025
Type: UpUnc
Adr: true
AdrAcKReq: false
Ack: false
Fcnt: 716
Port: 85
Modulation: LORA
Bandwidth: 125
SpreadFactor: 7
Bitrate: 0
CodeRate: 4/5
SNR: 14.2
RSSI: -55
Power: -
Payload(b64): A2cTAQRofwUAAQbLAAd9HQII5g8ACXMWJwp9AgALfQ8ADH0PAA==
Payload(hex): 0367130104687f05000106cb00077d1d0208e60f00097316270a7d02000b7d0f000c7d0f00
JSON: {""co2"":541,""hcho"":0.02,""humidity"":63.5,""light_level"":0,""pir"":1,""pm10"":15,""pm2_5"":15,""pressure"":1000.6,""temperature"":27.5,""tvoc"":15}
MIC: 614e6ec3"
24E124710E317752,24E124FFFEFAB29D,472300000,SF7BW125, -53/10.0,37,715,UpUnc,2026-07-15T02:51:24+08:00,"Dev Addr/Multicast Addr: 06f5800d
GwEUI: 24E124FFFEFAB29D
AppEUI: 24E124C0002A0001
Device EUI/Group Name: 24E124710E317752
Class Type: Class C
Immediately: -
Timestamp: 384515958
Type: UpUnc
Adr: true
AdrAcKReq: false
Ack: false
Fcnt: 715
Port: 85
Modulation: LORA
Bandwidth: 125
SpreadFactor: 7
Bitrate: 0
CodeRate: 4/5
SNR: 10.0
RSSI: -53
Power: -
Payload(b64): A2cTAQRofwUAAQbLAAd9HgII5g8ACXMVJwp9AgALfQ8ADH0PAA==
Payload(hex): 0367130104687f05000106cb00077d1e0208e60f00097315270a7d02000b7d0f000c7d0f00
JSON: {""co2"":542,""hcho"":0.02,""humidity"":63.5,""light_level"":0,""pir"":1,""pm10"":15,""pm2_5"":15,""pressure"":1000.5,""temperature"":27.5,""tvoc"":15}
MIC: 5c6dbdad"
24E124710E317752,24E124FFFEFAB29D,472700000,SF7BW125, -52/14.0,37,714,UpUnc,2026-07-15T02:50:24+08:00,"Dev Addr/Multicast Addr: 06f5800d
GwEUI: 24E124FFFEFAB29D
AppEUI: 24E124C0002A0001
Device EUI/Group Name: 24E124710E317752
Class Type: Class C
Immediately: -
Timestamp: 324518874
Type: UpUnc
Adr: true
AdrAcKReq: false
Ack: false
Fcnt: 714
Port: 85
Modulation: LORA
Bandwidth: 125
SpreadFactor: 7
Bitrate: 0
CodeRate: 4/5
SNR: 14.0
RSSI: -52
Power: -
Payload(b64): A2cTAQRofwUAAQbLAAd9IAII5g8ACXMWJwp9AQALfQ8ADH0PAA==
Payload(hex): 0367130104687f05000106cb00077d200208e60f00097316270a7d01000b7d0f000c7d0f00
JSON: {""co2"":544,""hcho"":0.01,""humidity"":63.5,""light_level"":0,""pir"":1,""pm10"":15,""pm2_5"":15,""pressure"":1000.6,""temperature"":27.5,""tvoc"":15}
MIC: 21c0da68"
24E124710E317752,24E124FFFEFAB29D,473100000,SF7BW125, -51/14.0,37,713,UpUnc,2026-07-15T02:49:24+08:00,"Dev Addr/Multicast Addr: 06f5800d
GwEUI: 24E124FFFEFAB29D
AppEUI: 24E124C0002A0001
Device EUI/Group Name: 24E124710E317752
Class Type: Class C
Immediately: -
Timestamp: 264523742
Type: UpUnc
Adr: true
AdrAcKReq: false
Ack: false
Fcnt: 713
Port: 85
Modulation: LORA
Bandwidth: 125
SpreadFactor: 7
Bitrate: 0
CodeRate: 4/5
SNR: 14.0
RSSI: -51
Power: -
Payload(b64): A2cTAQRofwUAAQbLAAd9HwII5g8ACXMWJwp9AgALfQsADH0LAA==
Payload(hex): 0367130104687f05000106cb00077d1f0208e60f00097316270a7d02000b7d0b000c7d0b00
JSON: {""co2"":543,""hcho"":0.02,""humidity"":63.5,""light_level"":0,""pir"":1,""pm10"":11,""pm2_5"":11,""pressure"":1000.6,""temperature"":27.5,""tvoc"":15}
MIC: 0a8f9b4c"
24E124710E317752,24E124FFFEFAB29D,473300000,SF7BW125, -51/14.2,37,712,UpUnc,2026-07-15T02:48:24+08:00,"Dev Addr/Multicast Addr: 06f5800d
GwEUI: 24E124FFFEFAB29D
AppEUI: 24E124C0002A0001
Device EUI/Group Name: 24E124710E317752
Class Type: Class C
Immediately: -
Timestamp: 204520752
Type: UpUnc
Adr: true
AdrAcKReq: false
Ack: false
Fcnt: 712
Port: 85
Modulation: LORA
Bandwidth: 125
SpreadFactor: 7
Bitrate: 0
CodeRate: 4/5
SNR: 14.2
RSSI: -51
Power: -
Payload(b64): A2cTAQRofwUAAQbLAAd9IQII5g8ACXMXJwp9AgALfQsADH0LAA==
Payload(hex): 0367130104687f05000106cb00077d210208e60f00097317270a7d02000b7d0b000c7d0b00
JSON: {""co2"":545,""hcho"":0.02,""humidity"":63.5,""light_level"":0,""pir"":1,""pm10"":11,""pm2_5"":11,""pressure"":1000.7,""temperature"":27.5,""tvoc"":15}
MIC: b027b319"
24E124710E317752,24E124FFFEFAB29D,472300000,SF7BW125, -52/9.0,37,711,UpUnc,2026-07-15T02:47:24+08:00,"Dev Addr/Multicast Addr: 06f5800d
GwEUI: 24E124FFFEFAB29D
AppEUI: 24E124C0002A0001
Device EUI/Group Name: 24E124710E317752
Class Type: Class C
Immediately: -
Timestamp: 144516676
Type: UpUnc
Adr: true
AdrAcKReq: false
Ack: false
Fcnt: 711
Port: 85
Modulation: LORA
Bandwidth: 125
SpreadFactor: 7
Bitrate: 0
CodeRate: 4/5
SNR: 9.0
RSSI: -52
Power: -
Payload(b64): A2cTAQRofwUAAQbLAAd9HQII5g8ACXMXJwp9AgALfQsADH0LAA==
Payload(hex): 0367130104687f05000106cb00077d1d0208e60f00097317270a7d02000b7d0b000c7d0b00
JSON: {""co2"":541,""hcho"":0.02,""humidity"":63.5,""light_level"":0,""pir"":1,""pm10"":11,""pm2_5"":11,""pressure"":1000.7,""temperature"":27.5,""tvoc"":15}
MIC: 4dd6bac7"
24E124710E317752,24E124FFFEFAB29D,472700000,SF7BW125, -52/13.8,37,710,UpUnc,2026-07-15T02:46:24+08:00,"Dev Addr/Multicast Addr: 06f5800d
GwEUI: 24E124FFFEFAB29D
AppEUI: 24E124C0002A0001
Device EUI/Group Name: 24E124710E317752
Class Type: Class C
Immediately: -
Timestamp: 84521490
Type: UpUnc
Adr: true
AdrAcKReq: false
Ack: false
Fcnt: 710
Port: 85
Modulation: LORA
Bandwidth: 125
SpreadFactor: 7
Bitrate: 0
CodeRate: 4/5
SNR: 13.8
RSSI: -52
Power: -
Payload(b64): A2cTAQRofwUAAQbLAAd9HQII5g8ACXMXJwp9AgALfREADH0RAA==
Payload(hex): 0367130104687f05000106cb00077d1d0208e60f00097317270a7d02000b7d11000c7d1100
JSON: {""co2"":541,""hcho"":0.02,""humidity"":63.5,""light_level"":0,""pir"":1,""pm10"":17,""pm2_5"":17,""pressure"":1000.7,""temperature"":27.5,""tvoc"":15}
MIC: b0b563e2"
24E124710E317752,24E124FFFEFAB29D,473100000,SF7BW125, -51/13.8,37,709,UpUnc,2026-07-15T02:45:24+08:00,"Dev Addr/Multicast Addr: 06f5800d
GwEUI: 24E124FFFEFAB29D
AppEUI: 24E124C0002A0001
Device EUI/Group Name: 24E124710E317752
Class Type: Class C
Immediately: -
Timestamp: 24517541
Type: UpUnc
Adr: true
AdrAcKReq: false
Ack: false
Fcnt: 709
Port: 85
Modulation: LORA
Bandwidth: 125
SpreadFactor: 7
Bitrate: 0
CodeRate: 4/5
SNR: 13.8
RSSI: -51
Power: -
Payload(b64): A2cTAQRofwUAAQbLAAd9HgII5g8ACXMXJwp9AQALfREADH0RAA==
Payload(hex): 0367130104687f05000106cb00077d1e0208e60f00097317270a7d01000b7d11000c7d1100
JSON: {""co2"":542,""hcho"":0.01,""humidity"":63.5,""light_level"":0,""pir"":1,""pm10"":17,""pm2_5"":17,""pressure"":1000.7,""temperature"":27.5,""tvoc"":15}
MIC: b8ee9666"
24E124710E317752,24E124FFFEFAB29D,471900000,SF7BW125, -55/14.0,37,708,UpUnc,2026-07-15T02:44:24+08:00,"Dev Addr/Multicast Addr: 06f5800d
GwEUI: 24E124FFFEFAB29D
AppEUI: 24E124C0002A0001
Device EUI/Group Name: 24E124710E317752
Class Type: Class C
Immediately: -
Timestamp: 4259488825
Type: UpUnc
Adr: true
AdrAcKReq: false
Ack: false
Fcnt: 708
Port: 85
Modulation: LORA
Bandwidth: 125
SpreadFactor: 7
Bitrate: 0
CodeRate: 4/5
SNR: 14.0
RSSI: -55
Power: -
Payload(b64): A2cTAQRofwUAAQbLAAd9HwII5g8ACXMYJwp9AgALfREADH0RAA==
Payload(hex): 0367130104687f05000106cb00077d1f0208e60f00097318270a7d02000b7d11000c7d1100
JSON: {""co2"":543,""hcho"":0.02,""humidity"":63.5,""light_level"":0,""pir"":1,""pm10"":17,""pm2_5"":17,""pressure"":1000.8,""temperature"":27.5,""tvoc"":15}
MIC: 1399563e"
24E124710E317752,24E124FFFEFAB29D,472100000,SF7BW125, -54/13.8,37,707,UpUnc,2026-07-15T02:43:24+08:00,"Dev Addr/Multicast Addr: 06f5800d
GwEUI: 24E124FFFEFAB29D
AppEUI: 24E124C0002A0001
Device EUI/Group Name: 24E124710E317752
Class Type: Class C
Immediately: -
Timestamp: 4199485705
Type: UpUnc
Adr: true
AdrAcKReq: false
Ack: false
Fcnt: 707
Port: 85
Modulation: LORA
Bandwidth: 125
SpreadFactor: 7
Bitrate: 0
CodeRate: 4/5
SNR: 13.8
RSSI: -54
Power: -
Payload(b64): A2cTAQRofwUAAQbLAAd9HQII5g8ACXMYJwp9AgALfRIADH0SAA==
Payload(hex): 0367130104687f05000106cb00077d1d0208e60f00097318270a7d02000b7d12000c7d1200
JSON: {""co2"":541,""hcho"":0.02,""humidity"":63.5,""light_level"":0,""pir"":1,""pm10"":18,""pm2_5"":18,""pressure"":1000.8,""temperature"":27.5,""tvoc"":15}
MIC: 9135884d"
24E124710E317752,24E124FFFEFAB29D,472500000,SF7BW125, -53/14.0,37,706,UpUnc,2026-07-15T02:42:24+08:00,"Dev Addr/Multicast Addr: 06f5800d
GwEUI: 24E124FFFEFAB29D
AppEUI: 24E124C0002A0001
Device EUI/Group Name: 24E124710E317752
Class Type: Class C
Immediately: -
Timestamp: 4139489587
Type: UpUnc
Adr: true
AdrAcKReq: false
Ack: false
Fcnt: 706
Port: 85
Modulation: LORA
Bandwidth: 125
SpreadFactor: 7
Bitrate: 0
CodeRate: 4/5
SNR: 14.0
RSSI: -53
Power: -
Payload(b64): A2cTAQRofwUAAQbLAAd9HAII5g8ACXMXJwp9AgALfRIADH0SAA==
Payload(hex): 0367130104687f05000106cb00077d1c0208e60f00097317270a7d02000b7d12000c7d1200
JSON: {""co2"":540,""hcho"":0.02,""humidity"":63.5,""light_level"":0,""pir"":1,""pm10"":18,""pm2_5"":18,""pressure"":1000.7,""temperature"":27.5,""tvoc"":15}
MIC: a7ced020"
24E124710E317752,24E124FFFEFAB29D,472900000,SF7BW125, -51/8.2,37,705,UpUnc,2026-07-15T02:41:24+08:00,"Dev Addr/Multicast Addr: 06f5800d
GwEUI: 24E124FFFEFAB29D
AppEUI: 24E124C0002A0001
Device EUI/Group Name: 24E124710E317752
Class Type: Class C
Immediately: -
Timestamp: 4079494652
Type: UpUnc
Adr: true
AdrAcKReq: false
Ack: false
Fcnt: 705
Port: 85
Modulation: LORA
Bandwidth: 125
SpreadFactor: 7
Bitrate: 0
CodeRate: 4/5
SNR: 8.2
RSSI: -51
Power: -
Payload(b64): A2cTAQRofwUAAQbLAAd9IQII5g8ACXMYJwp9AgALfRIADH0SAA==
Payload(hex): 0367130104687f05000106cb00077d210208e60f00097318270a7d02000b7d12000c7d1200
JSON: {""co2"":545,""hcho"":0.02,""humidity"":63.5,""light_level"":0,""pir"":1,""pm10"":18,""pm2_5"":18,""pressure"":1000.8,""temperature"":27.5,""tvoc"":15}
MIC: 3f8a0ad5"
24E124710E317752,24E124FFFEFAB29D,471900000,SF7BW125, -55/14.2,37,704,UpUnc,2026-07-15T02:40:24+08:00,"Dev Addr/Multicast Addr: 06f5800d
GwEUI: 24E124FFFEFAB29D
AppEUI: 24E124C0002A0001
Device EUI/Group Name: 24E124710E317752
Class Type: Class C
Immediately: -
Timestamp: 4019491375
Type: UpUnc
Adr: true
AdrAcKReq: false
Ack: false
Fcnt: 704
Port: 85
Modulation: LORA
Bandwidth: 125
SpreadFactor: 7
Bitrate: 0
CodeRate: 4/5
SNR: 14.2
RSSI: -55
Power: -
Payload(b64): A2cTAQRofgUAAQbLAAd9IgII5g8ACXMYJwp9AQALfREADH0RAA==
Payload(hex): 0367130104687e05000106cb00077d220208e60f00097318270a7d01000b7d11000c7d1100
JSON: {""co2"":546,""hcho"":0.01,""humidity"":63,""light_level"":0,""pir"":1,""pm10"":17,""pm2_5"":17,""pressure"":1000.8,""temperature"":27.5,""tvoc"":15}
MIC: 8618ee61"
24E124710E317752,24E124FFFEFAB29D,472100000,SF7BW125, -53/13.5,37,703,UpUnc,2026-07-15T02:39:24+08:00,"Dev Addr/Multicast Addr: 06f5800d
GwEUI: 24E124FFFEFAB29D
AppEUI: 24E124C0002A0001
Device EUI/Group Name: 24E124710E317752
Class Type: Class C
Immediately: -
Timestamp: 3959491306
Type: UpUnc
Adr: true
AdrAcKReq: false
Ack: false
Fcnt: 703
Port: 85
Modulation: LORA
Bandwidth: 125
SpreadFactor: 7
Bitrate: 0
CodeRate: 4/5
SNR: 13.5
RSSI: -53
Power: -
Payload(b64): A2cTAQRofgUAAQbLAAd9IAII5g8ACXMYJwp9AgALfREADH0RAA==
Payload(hex): 0367130104687e05000106cb00077d200208e60f00097318270a7d02000b7d11000c7d1100
JSON: {""co2"":544,""hcho"":0.02,""humidity"":63,""light_level"":0,""pir"":1,""pm10"":17,""pm2_5"":17,""pressure"":1000.8,""temperature"":27.5,""tvoc"":15}
MIC: 42f12cf0"
24E124710E317752,24E124FFFEFAB29D,472500000,SF7BW125, -53/14.0,37,702,UpUnc,2026-07-15T02:38:24+08:00,"Dev Addr/Multicast Addr: 06f5800d
GwEUI: 24E124FFFEFAB29D
AppEUI: 24E124C0002A0001
Device EUI/Group Name: 24E124710E317752
Class Type: Class C
Immediately: -
Timestamp: 3899487307
Type: UpUnc
Adr: true
AdrAcKReq: false
Ack: false
Fcnt: 702
Port: 85
Modulation: LORA
Bandwidth: 125
SpreadFactor: 7
Bitrate: 0
CodeRate: 4/5
SNR: 14.0
RSSI: -53
Power: -
Payload(b64): A2cTAQRofgUAAQbLAAd9HwII5g8ACXMYJwp9AgALfREADH0RAA==
Payload(hex): 0367130104687e05000106cb00077d1f0208e60f00097318270a7d02000b7d11000c7d1100
JSON: {""co2"":543,""hcho"":0.02,""humidity"":63,""light_level"":0,""pir"":1,""pm10"":17,""pm2_5"":17,""pressure"":1000.8,""temperature"":27.5,""tvoc"":15}
MIC: b34a3b2b"
24E124710E317752,24E124FFFEFAB29D,472900000,SF7BW125, -51/8.2,37,701,UpUnc,2026-07-15T02:37:24+08:00,"Dev Addr/Multicast Addr: 06f5800d
GwEUI: 24E124FFFEFAB29D
AppEUI: 24E124C0002A0001
Device EUI/Group Name: 24E124710E317752
Class Type: Class C
Immediately: -
Timestamp: 3839489248
Type: UpUnc
Adr: true
AdrAcKReq: false
Ack: false
Fcnt: 701
Port: 85
Modulation: LORA
Bandwidth: 125
SpreadFactor: 7
Bitrate: 0
CodeRate: 4/5
SNR: 8.2
RSSI: -51
Power: -
Payload(b64): A2cTAQRofwUAAQbLAAd9HQII5g8ACXMYJwp9AgALfQwADH0MAA==
Payload(hex): 0367130104687f05000106cb00077d1d0208e60f00097318270a7d02000b7d0c000c7d0c00
JSON: {""co2"":541,""hcho"":0.02,""humidity"":63.5,""light_level"":0,""pir"":1,""pm10"":12,""pm2_5"":12,""pressure"":1000.8,""temperature"":27.5,""tvoc"":15}
MIC: e1d938e9"
24E124710E317752,24E124FFFEFAB29D,473300000,SF7BW125, -51/13.8,37,700,UpUnc,2026-07-15T02:36:24+08:00,"Dev Addr/Multicast Addr: 06f5800d
GwEUI: 24E124FFFEFAB29D
AppEUI: 24E124C0002A0001
Device EUI/Group Name: 24E124710E317752
Class Type: Class C
Immediately: -
Timestamp: 3779508087
Type: UpUnc
Adr: true
AdrAcKReq: false
Ack: false
Fcnt: 700
Port: 85
Modulation: LORA
Bandwidth: 125
SpreadFactor: 7
Bitrate: 0
CodeRate: 4/5
SNR: 13.8
RSSI: -51
Power: -
Payload(b64): A2cTAQRofgUAAQbLAAd9HQII5g8ACXMYJwp9AgALfQwADH0MAA==
Payload(hex): 0367130104687e05000106cb00077d1d0208e60f00097318270a7d02000b7d0c000c7d0c00
JSON: {""co2"":541,""hcho"":0.02,""humidity"":63,""light_level"":0,""pir"":1,""pm10"":12,""pm2_5"":12,""pressure"":1000.8,""temperature"":27.5,""tvoc"":15}
MIC: 69418945"
24E124710E317752,24E124FFFEFAB29D,472300000,SF7BW125, -52/9.2,37,699,UpUnc,2026-07-15T02:35:24+08:00,"Dev Addr/Multicast Addr: 06f5800d
GwEUI: 24E124FFFEFAB29D
AppEUI: 24E124C0002A0001
Device EUI/Group Name: 24E124710E317752
Class Type: Class C
Immediately: -
Timestamp: 3719486027
Type: UpUnc
Adr: true
AdrAcKReq: false
Ack: false
Fcnt: 699
Port: 85
Modulation: LORA
Bandwidth: 125
SpreadFactor: 7
Bitrate: 0
CodeRate: 4/5
SNR: 9.2
RSSI: -52
Power: -
Payload(b64): A2cTAQRofgUAAQbLAAd9IAII5g8ACXMYJwp9AQALfQwADH0MAA==
Payload(hex): 0367130104687e05000106cb00077d200208e60f00097318270a7d01000b7d0c000c7d0c00
JSON: {""co2"":544,""hcho"":0.01,""humidity"":63,""light_level"":0,""pir"":1,""pm10"":12,""pm2_5"":12,""pressure"":1000.8,""temperature"":27.5,""tvoc"":15}
MIC: 0ee131a7"
24E124710E317752,24E124FFFEFAB29D,472700000,SF7BW125, -52/14.5,37,698,UpUnc,2026-07-15T02:34:24+08:00,"Dev Addr/Multicast Addr: 06f5800d
GwEUI: 24E124FFFEFAB29D
AppEUI: 24E124C0002A0001
Device EUI/Group Name: 24E124710E317752
Class Type: Class C
Immediately: -
Timestamp: 3659486954
Type: UpUnc
Adr: true
AdrAcKReq: false
Ack: false
Fcnt: 698
Port: 85
Modulation: LORA
Bandwidth: 125
SpreadFactor: 7
Bitrate: 0
CodeRate: 4/5
SNR: 14.5
RSSI: -52
Power: -
Payload(b64): A2cTAQRofwUAAQbLAAd9HQII5g8ACXMYJwp9AgALfQ4ADH0PAA==
Payload(hex): 0367130104687f05000106cb00077d1d0208e60f00097318270a7d02000b7d0e000c7d0f00
JSON: {""co2"":541,""hcho"":0.02,""humidity"":63.5,""light_level"":0,""pir"":1,""pm10"":15,""pm2_5"":14,""pressure"":1000.8,""temperature"":27.5,""tvoc"":15}
MIC: 7d6f99d6"
24E124710E317752,24E124FFFEFAB29D,472900000,SF7BW125, -51/8.8,37,697,UpUnc,2026-07-15T02:33:24+08:00,"Dev Addr/Multicast Addr: 06f5800d
GwEUI: 24E124FFFEFAB29D
AppEUI: 24E124C0002A0001
Device EUI/Group Name: 24E124710E317752
Class Type: Class C
Immediately: -
Timestamp: 3599488896
Type: UpUnc
Adr: true
AdrAcKReq: false
Ack: false
Fcnt: 697
Port: 85
Modulation: LORA
Bandwidth: 125
SpreadFactor: 7
Bitrate: 0
CodeRate: 4/5
SNR: 8.8
RSSI: -51
Power: -
Payload(b64): A2cTAQRofwUAAQbLAAd9HQII5g8ACXMYJwp9AgALfQ4ADH0PAA==
Payload(hex): 0367130104687f05000106cb00077d1d0208e60f00097318270a7d02000b7d0e000c7d0f00
JSON: {""co2"":541,""hcho"":0.02,""humidity"":63.5,""light_level"":0,""pir"":1,""pm10"":15,""pm2_5"":14,""pressure"":1000.8,""temperature"":27.5,""tvoc"":15}
MIC: 36f4cc82"
24E124710E317752,24E124FFFEFAB29D,473300000,SF7BW125, -51/14.8,37,696,UpUnc,2026-07-15T02:32:24+08:00,"Dev Addr/Multicast Addr: 06f5800d
GwEUI: 24E124FFFEFAB29D
AppEUI: 24E124C0002A0001
Device EUI/Group Name: 24E124710E317752
Class Type: Class C
Immediately: -
Timestamp: 3539489834
Type: UpUnc
Adr: true
AdrAcKReq: false
Ack: false
Fcnt: 696
Port: 85
Modulation: LORA
Bandwidth: 125
SpreadFactor: 7
Bitrate: 0
CodeRate: 4/5
SNR: 14.8
RSSI: -51
Power: -
Payload(b64): A2cTAQRofwUAAQbLAAd9HQII5g8ACXMYJwp9AgALfQ4ADH0PAA==
Payload(hex): 0367130104687f05000106cb00077d1d0208e60f00097318270a7d02000b7d0e000c7d0f00
JSON: {""co2"":541,""hcho"":0.02,""humidity"":63.5,""light_level"":0,""pir"":1,""pm10"":15,""pm2_5"":14,""pressure"":1000.8,""temperature"":27.5,""tvoc"":15}
MIC: d4e239b4"
24E124710E317752,24E124FFFEFAB29D,472300000,SF7BW125, -53/10.5,37,695,UpUnc,2026-07-15T02:31:24+08:00,"Dev Addr/Multicast Addr: 06f5800d
GwEUI: 24E124FFFEFAB29D
AppEUI: 24E124C0002A0001
Device EUI/Group Name: 24E124710E317752
Class Type: Class C
Immediately: -
Timestamp: 3479490768
Type: UpUnc
Adr: true
AdrAcKReq: false
Ack: false
Fcnt: 695
Port: 85
Modulation: LORA
Bandwidth: 125
SpreadFactor: 7
Bitrate: 0
CodeRate: 4/5
SNR: 10.5
RSSI: -53
Power: -
Payload(b64): A2cTAQRofwUAAQbLAAd9HgII5g8ACXMYJwp9AgALfQ4ADH0OAA==
Payload(hex): 0367130104687f05000106cb00077d1e0208e60f00097318270a7d02000b7d0e000c7d0e00
JSON: {""co2"":542,""hcho"":0.02,""humidity"":63.5,""light_level"":0,""pir"":1,""pm10"":14,""pm2_5"":14,""pressure"":1000.8,""temperature"":27.5,""tvoc"":15}
MIC: d8fb3cfe"
24E124710E317752,24E124FFFEFAB29D,472700000,SF7BW125, -52/14.2,37,694,UpUnc,2026-07-15T02:30:24+08:00,"Dev Addr/Multicast Addr: 06f5800d
GwEUI: 24E124FFFEFAB29D
AppEUI: 24E124C0002A0001
Device EUI/Group Name: 24E124710E317752
Class Type: Class C
Immediately: -
Timestamp: 3419490696
Type: UpUnc
Adr: true
AdrAcKReq: false
Ack: false
Fcnt: 694
Port: 85
Modulation: LORA
Bandwidth: 125
SpreadFactor: 7
Bitrate: 0
CodeRate: 4/5
SNR: 14.2
RSSI: -52
Power: -
Payload(b64): A2cTAQRofwUAAQbLAAd9HQII5g8ACXMXJwp9AQALfQ4ADH0OAA==
Payload(hex): 0367130104687f05000106cb00077d1d0208e60f00097317270a7d01000b7d0e000c7d0e00
JSON: {""co2"":541,""hcho"":0.01,""humidity"":63.5,""light_level"":0,""pir"":1,""pm10"":14,""pm2_5"":14,""pressure"":1000.7,""temperature"":27.5,""tvoc"":15}
MIC: e2f05988"
24E124710E317752,24E124FFFEFAB29D,473100000,SF7BW125, -51/13.8,37,693,UpUnc,2026-07-15T02:29:24+08:00,"Dev Addr/Multicast Addr: 06f5800d
GwEUI: 24E124FFFEFAB29D
AppEUI: 24E124C0002A0001
Device EUI/Group Name: 24E124710E317752
Class Type: Class C
Immediately: -
Timestamp: 3359494614
Type: UpUnc
Adr: true
AdrAcKReq: false
Ack: false
Fcnt: 693
Port: 85
Modulation: LORA
Bandwidth: 125
SpreadFactor: 7
Bitrate: 0
CodeRate: 4/5
SNR: 13.8
RSSI: -51
Power: -
Payload(b64): A2cTAQRofwUAAQbLAAd9HwII5g8ACXMXJwp9AgALfQ4ADH0OAA==
Payload(hex): 0367130104687f05000106cb00077d1f0208e60f00097317270a7d02000b7d0e000c7d0e00
JSON: {""co2"":543,""hcho"":0.02,""humidity"":63.5,""light_level"":0,""pir"":1,""pm10"":14,""pm2_5"":14,""pressure"":1000.7,""temperature"":27.5,""tvoc"":15}
MIC: f96f4665"
24E124710E317752,24E124FFFEFAB29D,503300000,SF7BW125, -/-,0,24,DnUnc,2026-07-15T02:29:04+08:00,"Dev Addr/Multicast Addr: 06f5800d
GwEUI: 24E124FFFEFAB29D
AppEUI: 24E124C0002A0001
Device EUI/Group Name: 24E124710E317752
Class Type: Class C
Immediately: false
Timestamp: 3340687743
Type: DnUnc
Adr: true
AdrAcKReq: false
Ack: false
Fcnt: 24
Port: -
Modulation: LORA
Bandwidth: 125
SpreadFactor: 7
Bitrate: 0
CodeRate: 4/5
SNR: -
RSSI: -
Power: 20
Payload(b64): 
Payload(hex): 
JSON: 
MIC: 04e84e72"
24E124710E317752,24E124FFFEFAB29D,473300000,SF7BW125, -51/14.0,0,692,UpUnc,2026-07-15T02:29:04+08:00,"Dev Addr/Multicast Addr: 06f5800d
GwEUI: 24E124FFFEFAB29D
AppEUI: 24E124C0002A0001
Device EUI/Group Name: 24E124710E317752
Class Type: Class C
Immediately: -
Timestamp: 3339687743
Type: UpUnc
Adr: true
AdrAcKReq: false
Ack: false
Fcnt: 692
Port: 0
Modulation: LORA
Bandwidth: 125
SpreadFactor: 7
Bitrate: 0
CodeRate: 4/5
SNR: 14.0
RSSI: -51
Power: -
Payload(b64): 
Payload(hex): 
JSON: 
MIC: 1ffe406b"
24E124710E317752,24E124FFFEFAB29D,471900000,SF7BW125, -55/14.2,37,691,UpUnc,2026-07-15T02:28:24+08:00,"Dev Addr/Multicast Addr: 06f5800d
GwEUI: 24E124FFFEFAB29D
AppEUI: 24E124C0002A0001
Device EUI/Group Name: 24E124710E317752
Class Type: Class C
Immediately: -
Timestamp: 3299493546
Type: UpUnc
Adr: true
AdrAcKReq: false
Ack: false
Fcnt: 691
Port: 85
Modulation: LORA
Bandwidth: 125
SpreadFactor: 7
Bitrate: 0
CodeRate: 4/5
SNR: 14.2
RSSI: -55
Power: -
Payload(b64): A2cTAQRofwUAAQbLAAd9HQII5g8ACXMXJwp9AgALfQ4ADH0PAA==
Payload(hex): 0367130104687f05000106cb00077d1d0208e60f00097317270a7d02000b7d0e000c7d0f00
JSON: {""co2"":541,""hcho"":0.02,""humidity"":63.5,""light_level"":0,""pir"":1,""pm10"":15,""pm2_5"":14,""pressure"":1000.7,""temperature"":27.5,""tvoc"":15}
MIC: b602c347"
24E124710E317752,24E124FFFEFAB29D,472500000,SF7BW125, -53/14.0,37,690,UpUnc,2026-07-15T02:27:24+08:00,"Dev Addr/Multicast Addr: 06f5800d
GwEUI: 24E124FFFEFAB29D
AppEUI: 24E124C0002A0001
Device EUI/Group Name: 24E124710E317752
Class Type: Class C
Immediately: -
Timestamp: 3239491423
Type: UpUnc
Adr: true
AdrAcKReq: false
Ack: false
Fcnt: 690
Port: 85
Modulation: LORA
Bandwidth: 125
SpreadFactor: 7
Bitrate: 0
CodeRate: 4/5
SNR: 14.0
RSSI: -53
Power: -
Payload(b64): A2cTAQRofwUAAQbLAAd9GwII5g8ACXMYJwp9AgALfQ4ADH0PAA==
Payload(hex): 0367130104687f05000106cb00077d1b0208e60f00097318270a7d02000b7d0e000c7d0f00
JSON: {""co2"":539,""hcho"":0.02,""humidity"":63.5,""light_level"":0,""pir"":1,""pm10"":15,""pm2_5"":14,""pressure"":1000.8,""temperature"":27.5,""tvoc"":15}
MIC: fb468401"
24E124710E317752,24E124FFFEFAB29D,472700000,SF7BW125, -52/14.2,37,689,UpUnc,2026-07-15T02:26:24+08:00,"Dev Addr/Multicast Addr: 06f5800d
GwEUI: 24E124FFFEFAB29D
AppEUI: 24E124C0002A0001
Device EUI/Group Name: 24E124710E317752
Class Type: Class C
Immediately: -
Timestamp: 3179496559
Type: UpUnc
Adr: true
AdrAcKReq: false
Ack: false
Fcnt: 689
Port: 85
Modulation: LORA
Bandwidth: 125
SpreadFactor: 7
Bitrate: 0
CodeRate: 4/5
SNR: 14.2
RSSI: -52
Power: -
Payload(b64): A2cTAQRofwUAAQbLAAd9HQII5g8ACXMYJwp9AgALfQ4ADH0PAA==
Payload(hex): 0367130104687f05000106cb00077d1d0208e60f00097318270a7d02000b7d0e000c7d0f00
JSON: {""co2"":541,""hcho"":0.02,""humidity"":63.5,""light_level"":0,""pir"":1,""pm10"":15,""pm2_5"":14,""pressure"":1000.8,""temperature"":27.5,""tvoc"":15}
MIC: 810c9d22"
24E124710E317752,24E124FFFEFAB29D,473100000,SF7BW125, -51/13.8,37,688,UpUnc,2026-07-15T02:25:24+08:00,"Dev Addr/Multicast Addr: 06f5800d
GwEUI: 24E124FFFEFAB29D
AppEUI: 24E124C0002A0001
Device EUI/Group Name: 24E124710E317752
Class Type: Class C
Immediately: -
Timestamp: 3119490325
Type: UpUnc
Adr: true
AdrAcKReq: false
Ack: false
Fcnt: 688
Port: 85
Modulation: LORA
Bandwidth: 125
SpreadFactor: 7
Bitrate: 0
CodeRate: 4/5
SNR: 13.8
RSSI: -51
Power: -
Payload(b64): A2cTAQRofwUAAQbLAAd9IQII5g8ACXMYJwp9AQALfQsADH0LAA==
Payload(hex): 0367130104687f05000106cb00077d210208e60f00097318270a7d01000b7d0b000c7d0b00
JSON: {""co2"":545,""hcho"":0.01,""humidity"":63.5,""light_level"":0,""pir"":1,""pm10"":11,""pm2_5"":11,""pressure"":1000.8,""temperature"":27.5,""tvoc"":15}
MIC: e0b7082b"
24E124710E317752,24E124FFFEFAB29D,471900000,SF7BW125, -55/14.0,37,687,UpUnc,2026-07-15T02:24:24+08:00,"Dev Addr/Multicast Addr: 06f5800d
GwEUI: 24E124FFFEFAB29D
AppEUI: 24E124C0002A0001
Device EUI/Group Name: 24E124710E317752
Class Type: Class C
Immediately: -
Timestamp: 3059500241
Type: UpUnc
Adr: true
AdrAcKReq: false
Ack: false
Fcnt: 687
Port: 85
Modulation: LORA
Bandwidth: 125
SpreadFactor: 7
Bitrate: 0
CodeRate: 4/5
SNR: 14.0
RSSI: -55
Power: -
Payload(b64): A2cTAQRofgUAAQbLAAd9IQII5g8ACXMYJwp9AgALfQsADH0LAA==
Payload(hex): 0367130104687e05000106cb00077d210208e60f00097318270a7d02000b7d0b000c7d0b00
JSON: {""co2"":545,""hcho"":0.02,""humidity"":63,""light_level"":0,""pir"":1,""pm10"":11,""pm2_5"":11,""pressure"":1000.8,""temperature"":27.5,""tvoc"":15}
MIC: c5fd6acc"
24E124710E317752,24E124FFFEFAB29D,472500000,SF7BW125, -53/13.8,37,686,UpUnc,2026-07-15T02:23:24+08:00,"Dev Addr/Multicast Addr: 06f5800d
GwEUI: 24E124FFFEFAB29D
AppEUI: 24E124C0002A0001
Device EUI/Group Name: 24E124710E317752
Class Type: Class C
Immediately: -
Timestamp: 2999491167
Type: UpUnc
Adr: true
AdrAcKReq: false
Ack: false
Fcnt: 686
Port: 85
Modulation: LORA
Bandwidth: 125
SpreadFactor: 7
Bitrate: 0
CodeRate: 4/5
SNR: 13.8
RSSI: -53
Power: -
Payload(b64): A2cTAQRofgUAAQbLAAd9IgII5g8ACXMYJwp9AQALfQsADH0LAA==
Payload(hex): 0367130104687e05000106cb00077d220208e60f00097318270a7d01000b7d0b000c7d0b00
JSON: {""co2"":546,""hcho"":0.01,""humidity"":63,""light_level"":0,""pir"":1,""pm10"":11,""pm2_5"":11,""pressure"":1000.8,""temperature"":27.5,""tvoc"":15}
MIC: c99194fc"
24E124710E317752,24E124FFFEFAB29D,472700000,SF7BW125, -52/14.0,37,685,UpUnc,2026-07-15T02:22:24+08:00,"Dev Addr/Multicast Addr: 06f5800d
GwEUI: 24E124FFFEFAB29D
AppEUI: 24E124C0002A0001
Device EUI/Group Name: 24E124710E317752
Class Type: Class C
Immediately: -
Timestamp: 2939496116
Type: UpUnc
Adr: true
AdrAcKReq: false
Ack: false
Fcnt: 685
Port: 85
Modulation: LORA
Bandwidth: 125
SpreadFactor: 7
Bitrate: 0
CodeRate: 4/5
SNR: 14.0
RSSI: -52
Power: -
Payload(b64): A2cTAQRofgUAAQbLAAd9IwII5g8ACXMYJwp9AgALfQ0ADH0NAA==
Payload(hex): 0367130104687e05000106cb00077d230208e60f00097318270a7d02000b7d0d000c7d0d00
JSON: {""co2"":547,""hcho"":0.02,""humidity"":63,""light_level"":0,""pir"":1,""pm10"":13,""pm2_5"":13,""pressure"":1000.8,""temperature"":27.5,""tvoc"":15}
MIC: a458698c"
24E124710E317752,24E124FFFEFAB29D,473300000,SF7BW125, -52/14.0,37,684,UpUnc,2026-07-15T02:21:24+08:00,"Dev Addr/Multicast Addr: 06f5800d
GwEUI: 24E124FFFEFAB29D
AppEUI: 24E124C0002A0001
Device EUI/Group Name: 24E124710E317752
Class Type: Class C
Immediately: -
Timestamp: 2879493144
Type: UpUnc
Adr: true
AdrAcKReq: false
Ack: false
Fcnt: 684
Port: 85
Modulation: LORA
Bandwidth: 125
SpreadFactor: 7
Bitrate: 0
CodeRate: 4/5
SNR: 14.0
RSSI: -52
Power: -
Payload(b64): A2cTAQRofgUAAQbLAAd9IQII5g8ACXMYJwp9AgALfQ0ADH0NAA==
Payload(hex): 0367130104687e05000106cb00077d210208e60f00097318270a7d02000b7d0d000c7d0d00
JSON: {""co2"":545,""hcho"":0.02,""humidity"":63,""light_level"":0,""pir"":1,""pm10"":13,""pm2_5"":13,""pressure"":1000.8,""temperature"":27.5,""tvoc"":15}
MIC: 0fe2124d"
24E124710E317752,24E124FFFEFAB29D,471900000,SF7BW125, -55/13.8,37,683,UpUnc,2026-07-15T02:20:24+08:00,"Dev Addr/Multicast Addr: 06f5800d
GwEUI: 24E124FFFEFAB29D
AppEUI: 24E124C0002A0001
Device EUI/Group Name: 24E124710E317752
Class Type: Class C
Immediately: -
Timestamp: 2819492970
Type: UpUnc
Adr: true
AdrAcKReq: false
Ack: false
Fcnt: 683
Port: 85
Modulation: LORA
Bandwidth: 125
SpreadFactor: 7
Bitrate: 0
CodeRate: 4/5
SNR: 13.8
RSSI: -55
Power: -
Payload(b64): A2cTAQRofgUAAQbLAAd9IQII5g8ACXMYJwp9AQALfQ0ADH0NAA==
Payload(hex): 0367130104687e05000106cb00077d210208e60f00097318270a7d01000b7d0d000c7d0d00
JSON: {""co2"":545,""hcho"":0.01,""humidity"":63,""light_level"":0,""pir"":1,""pm10"":13,""pm2_5"":13,""pressure"":1000.8,""temperature"":27.5,""tvoc"":15}
MIC: 6277b4eb"
24E124710E317752,24E124FFFEFAB29D,472300000,SF7BW125, -53/11.2,37,682,UpUnc,2026-07-15T02:19:24+08:00,"Dev Addr/Multicast Addr: 06f5800d
GwEUI: 24E124FFFEFAB29D
AppEUI: 24E124C0002A0001
Device EUI/Group Name: 24E124710E317752
Class Type: Class C
Immediately: -
Timestamp: 2759494938
Type: UpUnc
Adr: true
AdrAcKReq: false
Ack: false
Fcnt: 682
Port: 85
Modulation: LORA
Bandwidth: 125
SpreadFactor: 7
Bitrate: 0
CodeRate: 4/5
SNR: 11.2
RSSI: -53
Power: -
Payload(b64): A2cTAQRofgUAAQbLAAd9IgII5g8ACXMYJwp9AgALfQ4ADH0OAA==
Payload(hex): 0367130104687e05000106cb00077d220208e60f00097318270a7d02000b7d0e000c7d0e00
JSON: {""co2"":546,""hcho"":0.02,""humidity"":63,""light_level"":0,""pir"":1,""pm10"":14,""pm2_5"":14,""pressure"":1000.8,""temperature"":27.5,""tvoc"":15}
MIC: fc8d5c1b"
24E124710E317752,24E124FFFEFAB29D,472900000,SF7BW125, -51/8.5,37,681,UpUnc,2026-07-15T02:18:24+08:00,"Dev Addr/Multicast Addr: 06f5800d
GwEUI: 24E124FFFEFAB29D
AppEUI: 24E124C0002A0001
Device EUI/Group Name: 24E124710E317752
Class Type: Class C
Immediately: -
Timestamp: 2699500858
Type: UpUnc
Adr: true
AdrAcKReq: false
Ack: false
Fcnt: 681
Port: 85
Modulation: LORA
Bandwidth: 125
SpreadFactor: 7
Bitrate: 0
CodeRate: 4/5
SNR: 8.5
RSSI: -51
Power: -
Payload(b64): A2cTAQRofgUAAQbLAAd9IgII5g8ACXMYJwp9AQALfQ4ADH0OAA==
Payload(hex): 0367130104687e05000106cb00077d220208e60f00097318270a7d01000b7d0e000c7d0e00
JSON: {""co2"":546,""hcho"":0.01,""humidity"":63,""light_level"":0,""pir"":1,""pm10"":14,""pm2_5"":14,""pressure"":1000.8,""temperature"":27.5,""tvoc"":15}
MIC: 59450a5a"
24E124710E317752,24E124FFFEFAB29D,473100000,SF7BW125, -51/14.0,37,680,UpUnc,2026-07-15T02:17:24+08:00,"Dev Addr/Multicast Addr: 06f5800d
GwEUI: 24E124FFFEFAB29D
AppEUI: 24E124C0002A0001
Device EUI/Group Name: 24E124710E317752
Class Type: Class C
Immediately: -
Timestamp: 2639502057
Type: UpUnc
Adr: true
AdrAcKReq: false
Ack: false
Fcnt: 680
Port: 85
Modulation: LORA
Bandwidth: 125
SpreadFactor: 7
Bitrate: 0
CodeRate: 4/5
SNR: 14.0
RSSI: -51
Power: -
Payload(b64): A2cTAQRofgUAAQbLAAd9IwII5g8ACXMYJwp9AgALfQ4ADH0OAA==
Payload(hex): 0367130104687e05000106cb00077d230208e60f00097318270a7d02000b7d0e000c7d0e00
JSON: {""co2"":547,""hcho"":0.02,""humidity"":63,""light_level"":0,""pir"":1,""pm10"":14,""pm2_5"":14,""pressure"":1000.8,""temperature"":27.5,""tvoc"":15}
MIC: 9b2fe829"
24E124710E317752,24E124FFFEFAB29D,471900000,SF7BW125, -55/14.2,37,679,UpUnc,2026-07-15T02:16:24+08:00,"Dev Addr/Multicast Addr: 06f5800d
GwEUI: 24E124FFFEFAB29D
AppEUI: 24E124C0002A0001
Device EUI/Group Name: 24E124710E317752
Class Type: Class C
Immediately: -
Timestamp: 2579494698
Type: UpUnc
Adr: true
AdrAcKReq: false
Ack: false
Fcnt: 679
Port: 85
Modulation: LORA
Bandwidth: 125
SpreadFactor: 7
Bitrate: 0
CodeRate: 4/5
SNR: 14.2
RSSI: -55
Power: -
Payload(b64): A2cTAQRofgUAAQbLAAd9IgII5g8ACXMYJwp9AgALfQ0ADH0NAA==
Payload(hex): 0367130104687e05000106cb00077d220208e60f00097318270a7d02000b7d0d000c7d0d00
JSON: {""co2"":546,""hcho"":0.02,""humidity"":63,""light_level"":0,""pir"":1,""pm10"":13,""pm2_5"":13,""pressure"":1000.8,""temperature"":27.5,""tvoc"":15}
MIC: 0c5c375b"
24E124710E317752,24E124FFFEFAB29D,472500000,SF7BW125, -53/13.5,37,678,UpUnc,2026-07-15T02:15:24+08:00,"Dev Addr/Multicast Addr: 06f5800d
GwEUI: 24E124FFFEFAB29D
AppEUI: 24E124C0002A0001
Device EUI/Group Name: 24E124710E317752
Class Type: Class C
Immediately: -
Timestamp: 2519490609
Type: UpUnc
Adr: true
AdrAcKReq: false
Ack: false
Fcnt: 678
Port: 85
Modulation: LORA
Bandwidth: 125
SpreadFactor: 7
Bitrate: 0
CodeRate: 4/5
SNR: 13.5
RSSI: -53
Power: -
Payload(b64): A2cTAQRofgUAAQbLAAd9IwII5g8ACXMYJwp9AQALfQ0ADH0NAA==
Payload(hex): 0367130104687e05000106cb00077d230208e60f00097318270a7d01000b7d0d000c7d0d00
JSON: {""co2"":547,""hcho"":0.01,""humidity"":63,""light_level"":0,""pir"":1,""pm10"":13,""pm2_5"":13,""pressure"":1000.8,""temperature"":27.5,""tvoc"":15}
MIC: 85c50e12"
24E124710E317752,24E124FFFEFAB29D,472700000,SF7BW125, -53/14.2,37,677,UpUnc,2026-07-15T02:14:24+08:00,"Dev Addr/Multicast Addr: 06f5800d
GwEUI: 24E124FFFEFAB29D
AppEUI: 24E124C0002A0001
Device EUI/Group Name: 24E124710E317752
Class Type: Class C
Immediately: -
Timestamp: 2459495576
Type: UpUnc
Adr: true
AdrAcKReq: false
Ack: false
Fcnt: 677
Port: 85
Modulation: LORA
Bandwidth: 125
SpreadFactor: 7
Bitrate: 0
CodeRate: 4/5
SNR: 14.2
RSSI: -53
Power: -
Payload(b64): A2cTAQRofgUAAQbLAAd9IgII5g8ACXMYJwp9AgALfQ0ADH0NAA==
Payload(hex): 0367130104687e05000106cb00077d220208e60f00097318270a7d02000b7d0d000c7d0d00
JSON: {""co2"":546,""hcho"":0.02,""humidity"":63,""light_level"":0,""pir"":1,""pm10"":13,""pm2_5"":13,""pressure"":1000.8,""temperature"":27.5,""tvoc"":15}
MIC: 2804c2e9"
24E124710E317752,24E124FFFEFAB29D,473300000,SF7BW125, -52/14.2,37,676,UpUnc,2026-07-15T02:13:24+08:00,"Dev Addr/Multicast Addr: 06f5800d
GwEUI: 24E124FFFEFAB29D
AppEUI: 24E124C0002A0001
Device EUI/Group Name: 24E124710E317752
Class Type: Class C
Immediately: -
Timestamp: 2399491605
Type: UpUnc
Adr: true
AdrAcKReq: false
Ack: false
Fcnt: 676
Port: 85
Modulation: LORA
Bandwidth: 125
SpreadFactor: 7
Bitrate: 0
CodeRate: 4/5
SNR: 14.2
RSSI: -52
Power: -
Payload(b64): A2cTAQRofgUAAQbLAAd9HwII5g8ACXMYJwp9AQALfQ4ADH0OAA==
Payload(hex): 0367130104687e05000106cb00077d1f0208e60f00097318270a7d01000b7d0e000c7d0e00
JSON: {""co2"":543,""hcho"":0.01,""humidity"":63,""light_level"":0,""pir"":1,""pm10"":14,""pm2_5"":14,""pressure"":1000.8,""temperature"":27.5,""tvoc"":15}
MIC: 11d56a09"
24E124710E317752,24E124FFFEFAB29D,471900000,SF7BW125, -55/14.2,37,675,UpUnc,2026-07-15T02:12:24+08:00,"Dev Addr/Multicast Addr: 06f5800d
GwEUI: 24E124FFFEFAB29D
AppEUI: 24E124C0002A0001
Device EUI/Group Name: 24E124710E317752
Class Type: Class C
Immediately: -
Timestamp: 2339496544
Type: UpUnc
Adr: true
AdrAcKReq: false
Ack: false
Fcnt: 675
Port: 85
Modulation: LORA
Bandwidth: 125
SpreadFactor: 7
Bitrate: 0
CodeRate: 4/5
SNR: 14.2
RSSI: -55
Power: -
Payload(b64): A2cTAQRofgUAAQbLAAd9IQII5g8ACXMYJwp9AgALfQ4ADH0OAA==
Payload(hex): 0367130104687e05000106cb00077d210208e60f00097318270a7d02000b7d0e000c7d0e00
JSON: {""co2"":545,""hcho"":0.02,""humidity"":63,""light_level"":0,""pir"":1,""pm10"":14,""pm2_5"":14,""pressure"":1000.8,""temperature"":27.5,""tvoc"":15}
MIC: 4474d5cf"
24E124710E317752,24E124FFFEFAB29D,472500000,SF7BW125, -53/14.0,37,674,UpUnc,2026-07-15T02:11:23+08:00,"Dev Addr/Multicast Addr: 06f5800d
GwEUI: 24E124FFFEFAB29D
AppEUI: 24E124C0002A0001
Device EUI/Group Name: 24E124710E317752
Class Type: Class C
Immediately: -
Timestamp: 2279492460
Type: UpUnc
Adr: true
AdrAcKReq: false
Ack: false
Fcnt: 674
Port: 85
Modulation: LORA
Bandwidth: 125
SpreadFactor: 7
Bitrate: 0
CodeRate: 4/5
SNR: 14.0
RSSI: -53
Power: -
Payload(b64): A2cTAQRofgUAAQbLAAd9IgII5g8ACXMYJwp9AgALfQ4ADH0OAA==
Payload(hex): 0367130104687e05000106cb00077d220208e60f00097318270a7d02000b7d0e000c7d0e00
JSON: {""co2"":546,""hcho"":0.02,""humidity"":63,""light_level"":0,""pir"":1,""pm10"":14,""pm2_5"":14,""pressure"":1000.8,""temperature"":27.5,""tvoc"":15}
MIC: 68e3bc5d"
24E124710E317752,24E124FFFEFAB29D,472700000,SF7BW125, -53/14.0,37,673,UpUnc,2026-07-15T02:10:23+08:00,"Dev Addr/Multicast Addr: 06f5800d
GwEUI: 24E124FFFEFAB29D
AppEUI: 24E124C0002A0001
Device EUI/Group Name: 24E124710E317752
Class Type: Class C
Immediately: -
Timestamp: 2219497399
Type: UpUnc
Adr: true
AdrAcKReq: false
Ack: false
Fcnt: 673
Port: 85
Modulation: LORA
Bandwidth: 125
SpreadFactor: 7
Bitrate: 0
CodeRate: 4/5
SNR: 14.0
RSSI: -53
Power: -
Payload(b64): A2cTAQRofgUAAQbLAAd9JQII5g8ACXMYJwp9AQALfREADH0RAA==
Payload(hex): 0367130104687e05000106cb00077d250208e60f00097318270a7d01000b7d11000c7d1100
JSON: {""co2"":549,""hcho"":0.01,""humidity"":63,""light_level"":0,""pir"":1,""pm10"":17,""pm2_5"":17,""pressure"":1000.8,""temperature"":27.5,""tvoc"":15}
MIC: 0d17f6fb"
24E124710E317752,24E124FFFEFAB29D,473300000,SF7BW125, -52/13.5,37,672,UpUnc,2026-07-15T02:09:23+08:00,"Dev Addr/Multicast Addr: 06f5800d
GwEUI: 24E124FFFEFAB29D
AppEUI: 24E124C0002A0001
Device EUI/Group Name: 24E124710E317752
Class Type: Class C
Immediately: -
Timestamp: 2159492342
Type: UpUnc
Adr: true
AdrAcKReq: false
Ack: false
Fcnt: 672
Port: 85
Modulation: LORA
Bandwidth: 125
SpreadFactor: 7
Bitrate: 0
CodeRate: 4/5
SNR: 13.5
RSSI: -52
Power: -
Payload(b64): A2cTAQRofgUAAQbLAAd9JQII5g8ACXMYJwp9AgALfREADH0RAA==
Payload(hex): 0367130104687e05000106cb00077d250208e60f00097318270a7d02000b7d11000c7d1100
JSON: {""co2"":549,""hcho"":0.02,""humidity"":63,""light_level"":0,""pir"":1,""pm10"":17,""pm2_5"":17,""pressure"":1000.8,""temperature"":27.5,""tvoc"":15}
MIC: 6c308ee2"
24E124710E317752,24E124FFFEFAB29D,472100000,SF7BW125, -54/13.8,37,671,UpUnc,2026-07-15T02:08:23+08:00,"Dev Addr/Multicast Addr: 06f5800d
GwEUI: 24E124FFFEFAB29D
AppEUI: 24E124C0002A0001
Device EUI/Group Name: 24E124710E317752
Class Type: Class C
Immediately: -
Timestamp: 2099501476
Type: UpUnc
Adr: true
AdrAcKReq: false
Ack: false
Fcnt: 671
Port: 85
Modulation: LORA
Bandwidth: 125
SpreadFactor: 7
Bitrate: 0
CodeRate: 4/5
SNR: 13.8
RSSI: -54
Power: -
Payload(b64): A2cTAQRofgUAAAbLAAd9JAII5g8ACXMYJwp9AQALfREADH0RAA==
Payload(hex): 0367130104687e05000006cb00077d240208e60f00097318270a7d01000b7d11000c7d1100
JSON: {""co2"":548,""hcho"":0.01,""humidity"":63,""light_level"":0,""pir"":0,""pm10"":17,""pm2_5"":17,""pressure"":1000.8,""temperature"":27.5,""tvoc"":15}
MIC: daa607be"
24E124710E317752,24E124FFFEFAB29D,472500000,SF7BW125, -53/13.8,37,670,UpUnc,2026-07-15T02:07:23+08:00,"Dev Addr/Multicast Addr: 06f5800d
GwEUI: 24E124FFFEFAB29D
AppEUI: 24E124C0002A0001
Device EUI/Group Name: 24E124710E317752
Class Type: Class C
Immediately: -
Timestamp: 2039499189
Type: UpUnc
Adr: true
AdrAcKReq: false
Ack: false
Fcnt: 670
Port: 85
Modulation: LORA
Bandwidth: 125
SpreadFactor: 7
Bitrate: 0
CodeRate: 4/5
SNR: 13.8
RSSI: -53
Power: -
Payload(b64): A2cTAQRofgUAAQbLAAd9JQII5g8ACXMXJwp9AgALfQ8ADH0PAA==
Payload(hex): 0367130104687e05000106cb00077d250208e60f00097317270a7d02000b7d0f000c7d0f00
JSON: {""co2"":549,""hcho"":0.02,""humidity"":63,""light_level"":0,""pir"":1,""pm10"":15,""pm2_5"":15,""pressure"":1000.7,""temperature"":27.5,""tvoc"":15}
MIC: 1eafa0c8"
24E124710E317752,24E124FFFEFAB29D,472700000,SF7BW125, -53/13.5,37,669,UpUnc,2026-07-15T02:06:23+08:00,"Dev Addr/Multicast Addr: 06f5800d
GwEUI: 24E124FFFEFAB29D
AppEUI: 24E124C0002A0001
Device EUI/Group Name: 24E124710E317752
Class Type: Class C
Immediately: -
Timestamp: 1979496016
Type: UpUnc
Adr: true
AdrAcKReq: false
Ack: false
Fcnt: 669
Port: 85
Modulation: LORA
Bandwidth: 125
SpreadFactor: 7
Bitrate: 0
CodeRate: 4/5
SNR: 13.5
RSSI: -53
Power: -
Payload(b64): A2cTAQRofgUAAQbLAAd9IgII5g8ACXMXJwp9AgALfQ8ADH0PAA==
Payload(hex): 0367130104687e05000106cb00077d220208e60f00097317270a7d02000b7d0f000c7d0f00
JSON: {""co2"":546,""hcho"":0.02,""humidity"":63,""light_level"":0,""pir"":1,""pm10"":15,""pm2_5"":15,""pressure"":1000.7,""temperature"":27.5,""tvoc"":15}
MIC: f7b34e85"
24E124710E317752,24E124FFFEFAB29D,473100000,SF7BW125, -51/14.2,37,668,UpUnc,2026-07-15T02:05:23+08:00,"Dev Addr/Multicast Addr: 06f5800d
GwEUI: 24E124FFFEFAB29D
AppEUI: 24E124C0002A0001
Device EUI/Group Name: 24E124710E317752
Class Type: Class C
Immediately: -
Timestamp: 1919492944
Type: UpUnc
Adr: true
AdrAcKReq: false
Ack: false
Fcnt: 668
Port: 85
Modulation: LORA
Bandwidth: 125
SpreadFactor: 7
Bitrate: 0
CodeRate: 4/5
SNR: 14.2
RSSI: -51
Power: -
Payload(b64): A2cTAQRofgUAAQbLAAd9JQII5g8ACXMYJwp9AQALfQ8ADH0PAA==
Payload(hex): 0367130104687e05000106cb00077d250208e60f00097318270a7d01000b7d0f000c7d0f00
JSON: {""co2"":549,""hcho"":0.01,""humidity"":63,""light_level"":0,""pir"":1,""pm10"":15,""pm2_5"":15,""pressure"":1000.8,""temperature"":27.5,""tvoc"":15}
MIC: aec67bf3"
24E124710E317752,24E124FFFEFAB29D,472100000,SF7BW125, -54/13.2,37,667,UpUnc,2026-07-15T02:04:23+08:00,"Dev Addr/Multicast Addr: 06f5800d
GwEUI: 24E124FFFEFAB29D
AppEUI: 24E124C0002A0001
Device EUI/Group Name: 24E124710E317752
Class Type: Class C
Immediately: -
Timestamp: 1859498983
Type: UpUnc
Adr: true
AdrAcKReq: false
Ack: false
Fcnt: 667
Port: 85
Modulation: LORA
Bandwidth: 125
SpreadFactor: 7
Bitrate: 0
CodeRate: 4/5
SNR: 13.2
RSSI: -54
Power: -
Payload(b64): A2cTAQRofgUAAQbLAAd9JAII5g8ACXMXJwp9AgALfQ4ADH0OAA==
Payload(hex): 0367130104687e05000106cb00077d240208e60f00097317270a7d02000b7d0e000c7d0e00
JSON: {""co2"":548,""hcho"":0.02,""humidity"":63,""light_level"":0,""pir"":1,""pm10"":14,""pm2_5"":14,""pressure"":1000.7,""temperature"":27.5,""tvoc"":15}
MIC: 48fcc33a"
24E124710E317752,24E124FFFEFAB29D,472300000,SF7BW125, -53/10.2,37,666,UpUnc,2026-07-15T02:03:23+08:00,"Dev Addr/Multicast Addr: 06f5800d
GwEUI: 24E124FFFEFAB29D
AppEUI: 24E124C0002A0001
Device EUI/Group Name: 24E124710E317752
Class Type: Class C
Immediately: -
Timestamp: 1799495808
Type: UpUnc
Adr: true
AdrAcKReq: false
Ack: false
Fcnt: 666
Port: 85
Modulation: LORA
Bandwidth: 125
SpreadFactor: 7
Bitrate: 0
CodeRate: 4/5
SNR: 10.2
RSSI: -53
Power: -
Payload(b64): A2cTAQRofgUAAQbLAAd9JQII5g8ACXMXJwp9AQALfQ4ADH0OAA==
Payload(hex): 0367130104687e05000106cb00077d250208e60f00097317270a7d01000b7d0e000c7d0e00
JSON: {""co2"":549,""hcho"":0.01,""humidity"":63,""light_level"":0,""pir"":1,""pm10"":14,""pm2_5"":14,""pressure"":1000.7,""temperature"":27.5,""tvoc"":15}
MIC: bef1bc81"
24E124710E317752,24E124FFFEFAB29D,472900000,SF7BW125, -52/8.5,37,665,UpUnc,2026-07-15T02:02:23+08:00,"Dev Addr/Multicast Addr: 06f5800d
GwEUI: 24E124FFFEFAB29D
AppEUI: 24E124C0002A0001
Device EUI/Group Name: 24E124710E317752
Class Type: Class C
Immediately: -
Timestamp: 1739500726
Type: UpUnc
Adr: true
AdrAcKReq: false
Ack: false
Fcnt: 665
Port: 85
Modulation: LORA
Bandwidth: 125
SpreadFactor: 7
Bitrate: 0
CodeRate: 4/5
SNR: 8.5
RSSI: -52
Power: -
Payload(b64): A2cTAQRofgUAAQbLAAd9JAII5g8ACXMXJwp9AgALfQ4ADH0OAA==
Payload(hex): 0367130104687e05000106cb00077d240208e60f00097317270a7d02000b7d0e000c7d0e00
JSON: {""co2"":548,""hcho"":0.02,""humidity"":63,""light_level"":0,""pir"":1,""pm10"":14,""pm2_5"":14,""pressure"":1000.7,""temperature"":27.5,""tvoc"":15}
MIC: 797034cb"
24E124710E317752,24E124FFFEFAB29D,473100000,SF7BW125, -51/14.0,37,664,UpUnc,2026-07-15T02:01:23+08:00,"Dev Addr/Multicast Addr: 06f5800d
GwEUI: 24E124FFFEFAB29D
AppEUI: 24E124C0002A0001
Device EUI/Group Name: 24E124710E317752
Class Type: Class C
Immediately: -
Timestamp: 1679499670
Type: UpUnc
Adr: true
AdrAcKReq: false
Ack: false
Fcnt: 664
Port: 85
Modulation: LORA
Bandwidth: 125
SpreadFactor: 7
Bitrate: 0
CodeRate: 4/5
SNR: 14.0
RSSI: -51
Power: -
Payload(b64): A2cTAQRofwUAAQbLAAd9IwII5g8ACXMXJwp9AgALfRAADH0QAA==
Payload(hex): 0367130104687f05000106cb00077d230208e60f00097317270a7d02000b7d10000c7d1000
JSON: {""co2"":547,""hcho"":0.02,""humidity"":63.5,""light_level"":0,""pir"":1,""pm10"":16,""pm2_5"":16,""pressure"":1000.7,""temperature"":27.5,""tvoc"":15}
MIC: 6d682170"
24E124710E317752,24E124FFFEFAB29D,471900000,SF7BW125, -55/13.8,37,663,UpUnc,2026-07-15T02:00:24+08:00,"Dev Addr/Multicast Addr: 06f5800d
GwEUI: 24E124FFFEFAB29D
AppEUI: 24E124C0002A0001
Device EUI/Group Name: 24E124710E317752
Class Type: Class C
Immediately: -
Timestamp: 1619495597
Type: UpUnc
Adr: true
AdrAcKReq: false
Ack: false
Fcnt: 663
Port: 85
Modulation: LORA
Bandwidth: 125
SpreadFactor: 7
Bitrate: 0
CodeRate: 4/5
SNR: 13.8
RSSI: -55
Power: -
Payload(b64): A2cTAQRofgUAAQbLAAd9IwII5g8ACXMYJwp9AQALfRAADH0QAA==
Payload(hex): 0367130104687e05000106cb00077d230208e60f00097318270a7d01000b7d10000c7d1000
JSON: {""co2"":547,""hcho"":0.01,""humidity"":63,""light_level"":0,""pir"":1,""pm10"":16,""pm2_5"":16,""pressure"":1000.8,""temperature"":27.5,""tvoc"":15}
MIC: 237af8c6"
24E124710E317752,24E124FFFEFAB29D,472500000,SF7BW125, -53/13.8,37,662,UpUnc,2026-07-15T01:59:24+08:00,"Dev Addr/Multicast Addr: 06f5800d
GwEUI: 24E124FFFEFAB29D
AppEUI: 24E124C0002A0001
Device EUI/Group Name: 24E124710E317752
Class Type: Class C
Immediately: -
Timestamp: 1559503505
Type: UpUnc
Adr: true
AdrAcKReq: false
Ack: false
Fcnt: 662
Port: 85
Modulation: LORA
Bandwidth: 125
SpreadFactor: 7
Bitrate: 0
CodeRate: 4/5
SNR: 13.8
RSSI: -53
Power: -
Payload(b64): A2cTAQRofwUAAQbLAAd9JQII5g8ACXMXJwp9AgALfRAADH0QAA==
Payload(hex): 0367130104687f05000106cb00077d250208e60f00097317270a7d02000b7d10000c7d1000
JSON: {""co2"":549,""hcho"":0.02,""humidity"":63.5,""light_level"":0,""pir"":1,""pm10"":16,""pm2_5"":16,""pressure"":1000.7,""temperature"":27.5,""tvoc"":15}
MIC: 1971a5ce"
24E124710E317752,24E124FFFEFAB29D,472900000,SF7BW125, -51/8.8,37,661,UpUnc,2026-07-15T01:58:24+08:00,"Dev Addr/Multicast Addr: 06f5800d
GwEUI: 24E124FFFEFAB29D
AppEUI: 24E124C0002A0001
Device EUI/Group Name: 24E124710E317752
Class Type: Class C
Immediately: -
Timestamp: 1499498546
Type: UpUnc
Adr: true
AdrAcKReq: false
Ack: false
Fcnt: 661
Port: 85
Modulation: LORA
Bandwidth: 125
SpreadFactor: 7
Bitrate: 0
CodeRate: 4/5
SNR: 8.8
RSSI: -51
Power: -
Payload(b64): A2cTAQRofwUAAQbLAAd9JgII5g8ACXMYJwp9AQALfQ4ADH0OAA==
Payload(hex): 0367130104687f05000106cb00077d260208e60f00097318270a7d01000b7d0e000c7d0e00
JSON: {""co2"":550,""hcho"":0.01,""humidity"":63.5,""light_level"":0,""pir"":1,""pm10"":14,""pm2_5"":14,""pressure"":1000.8,""temperature"":27.5,""tvoc"":15}
MIC: f85bb7ce"
24E124710E317752,24E124FFFEFAB29D,473300000,SF7BW125, -52/14.0,37,660,UpUnc,2026-07-15T01:57:24+08:00,"Dev Addr/Multicast Addr: 06f5800d
GwEUI: 24E124FFFEFAB29D
AppEUI: 24E124C0002A0001
Device EUI/Group Name: 24E124710E317752
Class Type: Class C
Immediately: -
Timestamp: 1439499367
Type: UpUnc
Adr: true
AdrAcKReq: false
Ack: false
Fcnt: 660
Port: 85
Modulation: LORA
Bandwidth: 125
SpreadFactor: 7
Bitrate: 0
CodeRate: 4/5
SNR: 14.0
RSSI: -52
Power: -
Payload(b64): A2cTAQRofgUAAQbLAAd9JwII5g8ACXMYJwp9AgALfQ4ADH0OAA==
Payload(hex): 0367130104687e05000106cb00077d270208e60f00097318270a7d02000b7d0e000c7d0e00
JSON: {""co2"":551,""hcho"":0.02,""humidity"":63,""light_level"":0,""pir"":1,""pm10"":14,""pm2_5"":14,""pressure"":1000.8,""temperature"":27.5,""tvoc"":15}
MIC: bed9e142"
24E124710E317752,24E124FFFEFAB29D,472100000,SF7BW125, -54/13.2,37,659,UpUnc,2026-07-15T01:56:24+08:00,"Dev Addr/Multicast Addr: 06f5800d
GwEUI: 24E124FFFEFAB29D
AppEUI: 24E124C0002A0001
Device EUI/Group Name: 24E124710E317752
Class Type: Class C
Immediately: -
Timestamp: 1379494458
Type: UpUnc
Adr: true
AdrAcKReq: false
Ack: false
Fcnt: 659
Port: 85
Modulation: LORA
Bandwidth: 125
SpreadFactor: 7
Bitrate: 0
CodeRate: 4/5
SNR: 13.2
RSSI: -54
Power: -
Payload(b64): A2cTAQRofwUAAQbLAAd9JQII5g8ACXMYJwp9AgALfQ4ADH0OAA==
Payload(hex): 0367130104687f05000106cb00077d250208e60f00097318270a7d02000b7d0e000c7d0e00
JSON: {""co2"":549,""hcho"":0.02,""humidity"":63.5,""light_level"":0,""pir"":1,""pm10"":14,""pm2_5"":14,""pressure"":1000.8,""temperature"":27.5,""tvoc"":15}
MIC: 3e5b40b0"
24E124710E317752,24E124FFFEFAB29D,503100000,SF7BW125, -/-,0,23,DnUnc,2026-07-15T01:56:15+08:00,"Dev Addr/Multicast Addr: 06f5800d
GwEUI: 24E124FFFEFAB29D
AppEUI: 24E124C0002A0001
Device EUI/Group Name: 24E124710E317752
Class Type: Class C
Immediately: false
Timestamp: 1370989392
Type: DnUnc
Adr: true
AdrAcKReq: false
Ack: false
Fcnt: 23
Port: -
Modulation: LORA
Bandwidth: 125
SpreadFactor: 7
Bitrate: 0
CodeRate: 4/5
SNR: -
RSSI: -
Power: 20
Payload(b64): 
Payload(hex): 
JSON: 
MIC: 9e03f099"
24E124710E317752,24E124FFFEFAB29D,473100000,SF7BW125, -51/13.8,0,658,UpUnc,2026-07-15T01:56:14+08:00,"Dev Addr/Multicast Addr: 06f5800d
GwEUI: 24E124FFFEFAB29D
AppEUI: 24E124C0002A0001
Device EUI/Group Name: 24E124710E317752
Class Type: Class C
Immediately: -
Timestamp: 1369989392
Type: UpUnc
Adr: true
AdrAcKReq: false
Ack: false
Fcnt: 658
Port: 0
Modulation: LORA
Bandwidth: 125
SpreadFactor: 7
Bitrate: 0
CodeRate: 4/5
SNR: 13.8
RSSI: -51
Power: -
Payload(b64): 
Payload(hex): 
JSON: 
MIC: b4ffa5d6"
24E124710E317752,24E124FFFEFAB29D,471900000,SF7BW125, -55/14.2,37,657,UpUnc,2026-07-15T01:55:24+08:00,"Dev Addr/Multicast Addr: 06f5800d
GwEUI: 24E124FFFEFAB29D
AppEUI: 24E124C0002A0001
Device EUI/Group Name: 24E124710E317752
Class Type: Class C
Immediately: -
Timestamp: 1319504363
Type: UpUnc
Adr: true
AdrAcKReq: false
Ack: false
Fcnt: 657
Port: 85
Modulation: LORA
Bandwidth: 125
SpreadFactor: 7
Bitrate: 0
CodeRate: 4/5
SNR: 14.2
RSSI: -55
Power: -
Payload(b64): A2cTAQRofwUAAQbLAAd9JQII5g8ACXMXJwp9AQALfQ4ADH0OAA==
Payload(hex): 0367130104687f05000106cb00077d250208e60f00097317270a7d01000b7d0e000c7d0e00
JSON: {""co2"":549,""hcho"":0.01,""humidity"":63.5,""light_level"":0,""pir"":1,""pm10"":14,""pm2_5"":14,""pressure"":1000.7,""temperature"":27.5,""tvoc"":15}
MIC: 970d1d32"
24E124710E317752,24E124FFFEFAB29D,472100000,SF7BW125, -54/13.8,37,656,UpUnc,2026-07-15T01:54:24+08:00,"Dev Addr/Multicast Addr: 06f5800d
GwEUI: 24E124FFFEFAB29D
AppEUI: 24E124C0002A0001
Device EUI/Group Name: 24E124710E317752
Class Type: Class C
Immediately: -
Timestamp: 1259501298
Type: UpUnc
Adr: true
AdrAcKReq: false
Ack: false
Fcnt: 656
Port: 85
Modulation: LORA
Bandwidth: 125
SpreadFactor: 7
Bitrate: 0
CodeRate: 4/5
SNR: 13.8
RSSI: -54
Power: -
Payload(b64): A2cTAQRofgUAAQbLAAd9JQII5g8ACXMYJwp9AgALfQ4ADH0OAA==
Payload(hex): 0367130104687e05000106cb00077d250208e60f00097318270a7d02000b7d0e000c7d0e00
JSON: {""co2"":549,""hcho"":0.02,""humidity"":63,""light_level"":0,""pir"":1,""pm10"":14,""pm2_5"":14,""pressure"":1000.8,""temperature"":27.5,""tvoc"":15}
MIC: 343f231a"
24E124710E317752,24E124FFFEFAB29D,472500000,SF7BW125, -53/14.0,37,655,UpUnc,2026-07-15T01:53:24+08:00,"Dev Addr/Multicast Addr: 06f5800d
GwEUI: 24E124FFFEFAB29D
AppEUI: 24E124C0002A0001
Device EUI/Group Name: 24E124710E317752
Class Type: Class C
Immediately: -
Timestamp: 1199496080
Type: UpUnc
Adr: true
AdrAcKReq: false
Ack: false
Fcnt: 655
Port: 85
Modulation: LORA
Bandwidth: 125
SpreadFactor: 7
Bitrate: 0
CodeRate: 4/5
SNR: 14.0
RSSI: -53
Power: -
Payload(b64): A2cTAQRofwUAAQbLAAd9IwII5g8ACXMYJwp9AQALfQ4ADH0OAA==
Payload(hex): 0367130104687f05000106cb00077d230208e60f00097318270a7d01000b7d0e000c7d0e00
JSON: {""co2"":547,""hcho"":0.01,""humidity"":63.5,""light_level"":0,""pir"":1,""pm10"":14,""pm2_5"":14,""pressure"":1000.8,""temperature"":27.5,""tvoc"":15}
MIC: a86ef3c6"
24E124710E317752,24E124FFFEFAB29D,472900000,SF7BW125, -51/8.2,37,654,UpUnc,2026-07-15T01:52:24+08:00,"Dev Addr/Multicast Addr: 06f5800d
GwEUI: 24E124FFFEFAB29D
AppEUI: 24E124C0002A0001
Device EUI/Group Name: 24E124710E317752
Class Type: Class C
Immediately: -
Timestamp: 1139503040
Type: UpUnc
Adr: true
AdrAcKReq: false
Ack: false
Fcnt: 654
Port: 85
Modulation: LORA
Bandwidth: 125
SpreadFactor: 7
Bitrate: 0
CodeRate: 4/5
SNR: 8.2
RSSI: -51
Power: -
Payload(b64): A2cTAQRofwUAAQbLAAd9IAII5g8ACXMXJwp9AgALfREADH0RAA==
Payload(hex): 0367130104687f05000106cb00077d200208e60f00097317270a7d02000b7d11000c7d1100
JSON: {""co2"":544,""hcho"":0.02,""humidity"":63.5,""light_level"":0,""pir"":1,""pm10"":17,""pm2_5"":17,""pressure"":1000.7,""temperature"":27.5,""tvoc"":15}
MIC: 72e743db"
24E124710E317752,24E124FFFEFAB29D,471900000,SF7BW125, -55/14.2,37,653,UpUnc,2026-07-15T01:51:24+08:00,"Dev Addr/Multicast Addr: 06f5800d
GwEUI: 24E124FFFEFAB29D
AppEUI: 24E124C0002A0001
Device EUI/Group Name: 24E124710E317752
Class Type: Class C
Immediately: -
Timestamp: 1079497975
Type: UpUnc
Adr: true
AdrAcKReq: false
Ack: false
Fcnt: 653
Port: 85
Modulation: LORA
Bandwidth: 125
SpreadFactor: 7
Bitrate: 0
CodeRate: 4/5
SNR: 14.2
RSSI: -55
Power: -
Payload(b64): A2cTAQRofwUAAQbLAAd9IQII5g8ACXMYJwp9AQALfREADH0RAA==
Payload(hex): 0367130104687f05000106cb00077d210208e60f00097318270a7d01000b7d11000c7d1100
JSON: {""co2"":545,""hcho"":0.01,""humidity"":63.5,""light_level"":0,""pir"":1,""pm10"":17,""pm2_5"":17,""pressure"":1000.8,""temperature"":27.5,""tvoc"":15}
MIC: 234d153d"
24E124710E317752,24E124FFFEFAB29D,472100000,SF7BW125, -54/13.8,37,652,UpUnc,2026-07-15T01:50:24+08:00,"Dev Addr/Multicast Addr: 06f5800d
GwEUI: 24E124FFFEFAB29D
AppEUI: 24E124C0002A0001
Device EUI/Group Name: 24E124710E317752
Class Type: Class C
Immediately: -
Timestamp: 1019504905
Type: UpUnc
Adr: true
AdrAcKReq: false
Ack: false
Fcnt: 652
Port: 85
Modulation: LORA
Bandwidth: 125
SpreadFactor: 7
Bitrate: 0
CodeRate: 4/5
SNR: 13.8
RSSI: -54
Power: -
Payload(b64): A2cTAQRofwUAAQbLAAd9IgII5g8ACXMYJwp9AQALfREADH0RAA==
Payload(hex): 0367130104687f05000106cb00077d220208e60f00097318270a7d01000b7d11000c7d1100
JSON: {""co2"":546,""hcho"":0.01,""humidity"":63.5,""light_level"":0,""pir"":1,""pm10"":17,""pm2_5"":17,""pressure"":1000.8,""temperature"":27.5,""tvoc"":15}
MIC: 4b3c165f"
24E124710E317752,24E124FFFEFAB29D,472500000,SF7BW125, -53/14.2,37,651,UpUnc,2026-07-15T01:49:24+08:00,"Dev Addr/Multicast Addr: 06f5800d
GwEUI: 24E124FFFEFAB29D
AppEUI: 24E124C0002A0001
Device EUI/Group Name: 24E124710E317752
Class Type: Class C
Immediately: -
Timestamp: 959504793
Type: UpUnc
Adr: true
AdrAcKReq: false
Ack: false
Fcnt: 651
Port: 85
Modulation: LORA
Bandwidth: 125
SpreadFactor: 7
Bitrate: 0
CodeRate: 4/5
SNR: 14.2
RSSI: -53
Power: -
Payload(b64): A2cTAQRofwUAAQbLAAd9JAII5g8ACXMYJwp9AgALfQ4ADH0OAA==
Payload(hex): 0367130104687f05000106cb00077d240208e60f00097318270a7d02000b7d0e000c7d0e00
JSON: {""co2"":548,""hcho"":0.02,""humidity"":63.5,""light_level"":0,""pir"":1,""pm10"":14,""pm2_5"":14,""pressure"":1000.8,""temperature"":27.5,""tvoc"":15}
MIC: dc090215"
24E124710E317752,24E124FFFEFAB29D,472900000,SF7BW125, -51/8.2,37,650,UpUnc,2026-07-15T01:48:24+08:00,"Dev Addr/Multicast Addr: 06f5800d
GwEUI: 24E124FFFEFAB29D
AppEUI: 24E124C0002A0001
Device EUI/Group Name: 24E124710E317752
Class Type: Class C
Immediately: -
Timestamp: 899496780
Type: UpUnc
Adr: true
AdrAcKReq: false
Ack: false
Fcnt: 650
Port: 85
Modulation: LORA
Bandwidth: 125
SpreadFactor: 7
Bitrate: 0
CodeRate: 4/5
SNR: 8.2
RSSI: -51
Power: -
Payload(b64): A2cTAQRofwUAAQbLAAd9JQII5g8ACXMYJwp9AQALfQ4ADH0OAA==
Payload(hex): 0367130104687f05000106cb00077d250208e60f00097318270a7d01000b7d0e000c7d0e00
JSON: {""co2"":549,""hcho"":0.01,""humidity"":63.5,""light_level"":0,""pir"":1,""pm10"":14,""pm2_5"":14,""pressure"":1000.8,""temperature"":27.5,""tvoc"":15}
MIC: e5bf25f5"
24E124710E317752,24E124FFFEFAB29D,471900000,SF7BW125, -55/13.8,37,649,UpUnc,2026-07-15T01:47:24+08:00,"Dev Addr/Multicast Addr: 06f5800d
GwEUI: 24E124FFFEFAB29D
AppEUI: 24E124C0002A0001
Device EUI/Group Name: 24E124710E317752
Class Type: Class C
Immediately: -
Timestamp: 839503989
Type: UpUnc
Adr: true
AdrAcKReq: false
Ack: false
Fcnt: 649
Port: 85
Modulation: LORA
Bandwidth: 125
SpreadFactor: 7
Bitrate: 0
CodeRate: 4/5
SNR: 13.8
RSSI: -55
Power: -
Payload(b64): A2cSAQRofgUAAQbLAAd9IwII5g8ACXMZJwp9AgALfQ4ADH0OAA==
Payload(hex): 0367120104687e05000106cb00077d230208e60f00097319270a7d02000b7d0e000c7d0e00
JSON: {""co2"":547,""hcho"":0.02,""humidity"":63,""light_level"":0,""pir"":1,""pm10"":14,""pm2_5"":14,""pressure"":1000.9,""temperature"":27.4,""tvoc"":15}
MIC: 2e5a429c"
24E124710E317752,24E124FFFEFAB29D,472300000,SF7BW125, -53/9.5,37,648,UpUnc,2026-07-15T01:46:24+08:00,"Dev Addr/Multicast Addr: 06f5800d
GwEUI: 24E124FFFEFAB29D
AppEUI: 24E124C0002A0001
Device EUI/Group Name: 24E124710E317752
Class Type: Class C
Immediately: -
Timestamp: 779505938
Type: UpUnc
Adr: true
AdrAcKReq: false
Ack: false
Fcnt: 648
Port: 85
Modulation: LORA
Bandwidth: 125
SpreadFactor: 7
Bitrate: 0
CodeRate: 4/5
SNR: 9.5
RSSI: -53
Power: -
Payload(b64): A2cTAQRofgUAAQbLAAd9IwII5g8ACXMZJwp9AQALfRAADH0QAA==
Payload(hex): 0367130104687e05000106cb00077d230208e60f00097319270a7d01000b7d10000c7d1000
JSON: {""co2"":547,""hcho"":0.01,""humidity"":63,""light_level"":0,""pir"":1,""pm10"":16,""pm2_5"":16,""pressure"":1000.9,""temperature"":27.5,""tvoc"":15}
MIC: cfb58cbe"
24E124710E317752,24E124FFFEFAB29D,472700000,SF7BW125, -53/14.2,37,647,UpUnc,2026-07-15T01:45:24+08:00,"Dev Addr/Multicast Addr: 06f5800d
GwEUI: 24E124FFFEFAB29D
AppEUI: 24E124C0002A0001
Device EUI/Group Name: 24E124710E317752
Class Type: Class C
Immediately: -
Timestamp: 719503559
Type: UpUnc
Adr: true
AdrAcKReq: false
Ack: false
Fcnt: 647
Port: 85
Modulation: LORA
Bandwidth: 125
SpreadFactor: 7
Bitrate: 0
CodeRate: 4/5
SNR: 14.2
RSSI: -53
Power: -
Payload(b64): A2cTAQRofgUAAQbLAAd9JQII5g8ACXMZJwp9AQALfRAADH0QAA==
Payload(hex): 0367130104687e05000106cb00077d250208e60f00097319270a7d01000b7d10000c7d1000
JSON: {""co2"":549,""hcho"":0.01,""humidity"":63,""light_level"":0,""pir"":1,""pm10"":16,""pm2_5"":16,""pressure"":1000.9,""temperature"":27.5,""tvoc"":15}
MIC: 98e2a9f8"
24E124710E317752,24E124FFFEFAB29D,473100000,SF7BW125, -51/14.0,37,646,UpUnc,2026-07-15T01:44:24+08:00,"Dev Addr/Multicast Addr: 06f5800d
GwEUI: 24E124FFFEFAB29D
AppEUI: 24E124C0002A0001
Device EUI/Group Name: 24E124710E317752
Class Type: Class C
Immediately: -
Timestamp: 659498494
Type: UpUnc
Adr: true
AdrAcKReq: false
Ack: false
Fcnt: 646
Port: 85
Modulation: LORA
Bandwidth: 125
SpreadFactor: 7
Bitrate: 0
CodeRate: 4/5
SNR: 14.0
RSSI: -51
Power: -
Payload(b64): A2cTAQRofgUAAQbLAAd9IwII5g8ACXMZJwp9AgALfRAADH0QAA==
Payload(hex): 0367130104687e05000106cb00077d230208e60f00097319270a7d02000b7d10000c7d1000
JSON: {""co2"":547,""hcho"":0.02,""humidity"":63,""light_level"":0,""pir"":1,""pm10"":16,""pm2_5"":16,""pressure"":1000.9,""temperature"":27.5,""tvoc"":15}
MIC: 9b62cc17"
24E124710E317752,24E124FFFEFAB29D,471900000,SF7BW125, -55/14.0,37,645,UpUnc,2026-07-15T01:43:24+08:00,"Dev Addr/Multicast Addr: 06f5800d
GwEUI: 24E124FFFEFAB29D
AppEUI: 24E124C0002A0001
Device EUI/Group Name: 24E124710E317752
Class Type: Class C
Immediately: -
Timestamp: 599505417
Type: UpUnc
Adr: true
AdrAcKReq: false
Ack: false
Fcnt: 645
Port: 85
Modulation: LORA
Bandwidth: 125
SpreadFactor: 7
Bitrate: 0
CodeRate: 4/5
SNR: 14.0
RSSI: -55
Power: -
Payload(b64): A2cTAQRofgUAAQbLAAd9JAII5g8ACXMaJwp9AQALfRAADH0QAA==
Payload(hex): 0367130104687e05000106cb00077d240208e60f0009731a270a7d01000b7d10000c7d1000
JSON: {""co2"":548,""hcho"":0.01,""humidity"":63,""light_level"":0,""pir"":1,""pm10"":16,""pm2_5"":16,""pressure"":1001,""temperature"":27.5,""tvoc"":15}
MIC: 4b8beb2b"
24E124710E317752,24E124FFFEFAB29D,472100000,SF7BW125, -54/14.2,37,644,UpUnc,2026-07-15T01:42:24+08:00,"Dev Addr/Multicast Addr: 06f5800d
GwEUI: 24E124FFFEFAB29D
AppEUI: 24E124C0002A0001
Device EUI/Group Name: 24E124710E317752
Class Type: Class C
Immediately: -
Timestamp: 539500472
Type: UpUnc
Adr: true
AdrAcKReq: false
Ack: false
Fcnt: 644
Port: 85
Modulation: LORA
Bandwidth: 125
SpreadFactor: 7
Bitrate: 0
CodeRate: 4/5
SNR: 14.2
RSSI: -54
Power: -
Payload(b64): A2cTAQRofgUAAQbLAAd9JQII5g8ACXMaJwp9AgALfRAADH0QAA==
Payload(hex): 0367130104687e05000106cb00077d250208e60f0009731a270a7d02000b7d10000c7d1000
JSON: {""co2"":549,""hcho"":0.02,""humidity"":63,""light_level"":0,""pir"":1,""pm10"":16,""pm2_5"":16,""pressure"":1001,""temperature"":27.5,""tvoc"":15}
MIC: 32b6b1eb"
24E124710E317752,24E124FFFEFAB29D,472700000,SF7BW125, -53/13.2,37,643,UpUnc,2026-07-15T01:41:24+08:00,"Dev Addr/Multicast Addr: 06f5800d
GwEUI: 24E124FFFEFAB29D
AppEUI: 24E124C0002A0001
Device EUI/Group Name: 24E124710E317752
Class Type: Class C
Immediately: -
Timestamp: 479506290
Type: UpUnc
Adr: true
AdrAcKReq: false
Ack: false
Fcnt: 643
Port: 85
Modulation: LORA
Bandwidth: 125
SpreadFactor: 7
Bitrate: 0
CodeRate: 4/5
SNR: 13.2
RSSI: -53
Power: -
Payload(b64): A2cSAQRofgUAAQbLAAd9KQII5g8ACXMaJwp9AQALfRAADH0QAA==
Payload(hex): 0367120104687e05000106cb00077d290208e60f0009731a270a7d01000b7d10000c7d1000
JSON: {""co2"":553,""hcho"":0.01,""humidity"":63,""light_level"":0,""pir"":1,""pm10"":16,""pm2_5"":16,""pressure"":1001,""temperature"":27.4,""tvoc"":15}
MIC: 124e9a1f"
24E124710E317752,24E124FFFEFAB29D,473100000,SF7BW125, -51/14.0,37,642,UpUnc,2026-07-15T01:40:24+08:00,"Dev Addr/Multicast Addr: 06f5800d
GwEUI: 24E124FFFEFAB29D
AppEUI: 24E124C0002A0001
Device EUI/Group Name: 24E124710E317752
Class Type: Class C
Immediately: -
Timestamp: 419506207
Type: UpUnc
Adr: true
AdrAcKReq: false
Ack: false
Fcnt: 642
Port: 85
Modulation: LORA
Bandwidth: 125
SpreadFactor: 7
Bitrate: 0
CodeRate: 4/5
SNR: 14.0
RSSI: -51
Power: -
Payload(b64): A2cTAQRofgUAAQbLAAd9KAII5g8ACXMaJwp9AQALfRAADH0QAA==
Payload(hex): 0367130104687e05000106cb00077d280208e60f0009731a270a7d01000b7d10000c7d1000
JSON: {""co2"":552,""hcho"":0.01,""humidity"":63,""light_level"":0,""pir"":1,""pm10"":16,""pm2_5"":16,""pressure"":1001,""temperature"":27.5,""tvoc"":15}
MIC: 8bf7d061"
24E124710E317752,24E124FFFEFAB29D,471900000,SF7BW125, -55/13.5,37,641,UpUnc,2026-07-15T01:39:24+08:00,"Dev Addr/Multicast Addr: 06f5800d
GwEUI: 24E124FFFEFAB29D
AppEUI: 24E124C0002A0001
Device EUI/Group Name: 24E124710E317752
Class Type: Class C
Immediately: -
Timestamp: 359506144
Type: UpUnc
Adr: true
AdrAcKReq: false
Ack: false
Fcnt: 641
Port: 85
Modulation: LORA
Bandwidth: 125
SpreadFactor: 7
Bitrate: 0
CodeRate: 4/5
SNR: 13.5
RSSI: -55
Power: -
Payload(b64): A2cTAQRofgUAAQbLAAd9KAII5g8ACXMaJwp9AgALfRAADH0QAA==
Payload(hex): 0367130104687e05000106cb00077d280208e60f0009731a270a7d02000b7d10000c7d1000
JSON: {""co2"":552,""hcho"":0.02,""humidity"":63,""light_level"":0,""pir"":1,""pm10"":16,""pm2_5"":16,""pressure"":1001,""temperature"":27.5,""tvoc"":15}
MIC: 10310fe4"
24E124710E317752,24E124FFFEFAB29D,472100000,SF7BW125, -54/13.8,37,640,UpUnc,2026-07-15T01:38:24+08:00,"Dev Addr/Multicast Addr: 06f5800d
GwEUI: 24E124FFFEFAB29D
AppEUI: 24E124C0002A0001
Device EUI/Group Name: 24E124710E317752
Class Type: Class C
Immediately: -
Timestamp: 299506059
Type: UpUnc
Adr: true
AdrAcKReq: false
Ack: false
Fcnt: 640
Port: 85
Modulation: LORA
Bandwidth: 125
SpreadFactor: 7
Bitrate: 0
CodeRate: 4/5
SNR: 13.8
RSSI: -54
Power: -
Payload(b64): A2cSAQRofgUAAQbLAAd9KgII5g8ACXMaJwp9AQALfRAADH0QAA==
Payload(hex): 0367120104687e05000106cb00077d2a0208e60f0009731a270a7d01000b7d10000c7d1000
JSON: {""co2"":554,""hcho"":0.01,""humidity"":63,""light_level"":0,""pir"":1,""pm10"":16,""pm2_5"":16,""pressure"":1001,""temperature"":27.4,""tvoc"":15}
MIC: b6a6acf3"
24E124710E317752,24E124FFFEFAB29D,472700000,SF7BW125, -53/14.0,37,639,UpUnc,2026-07-15T01:37:24+08:00,"Dev Addr/Multicast Addr: 06f5800d
GwEUI: 24E124FFFEFAB29D
AppEUI: 24E124C0002A0001
Device EUI/Group Name: 24E124710E317752
Class Type: Class C
Immediately: -
Timestamp: 239506022
Type: UpUnc
Adr: true
AdrAcKReq: false
Ack: false
Fcnt: 639
Port: 85
Modulation: LORA
Bandwidth: 125
SpreadFactor: 7
Bitrate: 0
CodeRate: 4/5
SNR: 14.0
RSSI: -53
Power: -
Payload(b64): A2cSAQRofgUAAQbLAAd9KQII5g8ACXMbJwp9AgALfRIADH0SAA==
Payload(hex): 0367120104687e05000106cb00077d290208e60f0009731b270a7d02000b7d12000c7d1200
JSON: {""co2"":553,""hcho"":0.02,""humidity"":63,""light_level"":0,""pir"":1,""pm10"":18,""pm2_5"":18,""pressure"":1001.1,""temperature"":27.4,""tvoc"":15}
MIC: e580cc5b"
24E124710E317752,24E124FFFEFAB29D,473100000,SF7BW125, -51/13.8,37,638,UpUnc,2026-07-15T01:36:24+08:00,"Dev Addr/Multicast Addr: 06f5800d
GwEUI: 24E124FFFEFAB29D
AppEUI: 24E124C0002A0001
Device EUI/Group Name: 24E124710E317752
Class Type: Class C
Immediately: -
Timestamp: 179504229
Type: UpUnc
Adr: true
AdrAcKReq: false
Ack: false
Fcnt: 638
Port: 85
Modulation: LORA
Bandwidth: 125
SpreadFactor: 7
Bitrate: 0
CodeRate: 4/5
SNR: 13.8
RSSI: -51
Power: -
Payload(b64): A2cSAQRofgUAAQbLAAd9KgII5g8ACXMbJwp9AQALfRIADH0SAA==
Payload(hex): 0367120104687e05000106cb00077d2a0208e60f0009731b270a7d01000b7d12000c7d1200
JSON: {""co2"":554,""hcho"":0.01,""humidity"":63,""light_level"":0,""pir"":1,""pm10"":18,""pm2_5"":18,""pressure"":1001.1,""temperature"":27.4,""tvoc"":15}
MIC: a850ca6c"
24E124710E317752,24E124FFFEFAB29D,471900000,SF7BW125, -55/14.2,37,637,UpUnc,2026-07-15T01:35:24+08:00,"Dev Addr/Multicast Addr: 06f5800d
GwEUI: 24E124FFFEFAB29D
AppEUI: 24E124C0002A0001
Device EUI/Group Name: 24E124710E317752
Class Type: Class C
Immediately: -
Timestamp: 119502897
Type: UpUnc
Adr: true
AdrAcKReq: false
Ack: false
Fcnt: 637
Port: 85
Modulation: LORA
Bandwidth: 125
SpreadFactor: 7
Bitrate: 0
CodeRate: 4/5
SNR: 14.2
RSSI: -55
Power: -
Payload(b64): A2cSAQRofgUAAQbLAAd9KwII5g8ACXMbJwp9AQALfRIADH0SAA==
Payload(hex): 0367120104687e05000106cb00077d2b0208e60f0009731b270a7d01000b7d12000c7d1200
JSON: {""co2"":555,""hcho"":0.01,""humidity"":63,""light_level"":0,""pir"":1,""pm10"":18,""pm2_5"":18,""pressure"":1001.1,""temperature"":27.4,""tvoc"":15}
MIC: a981dc56"
24E124710E317752,24E124FFFEFAB29D,472100000,SF7BW125, -54/13.5,37,636,UpUnc,2026-07-15T01:34:24+08:00,"Dev Addr/Multicast Addr: 06f5800d
GwEUI: 24E124FFFEFAB29D
AppEUI: 24E124C0002A0001
Device EUI/Group Name: 24E124710E317752
Class Type: Class C
Immediately: -
Timestamp: 59506810
Type: UpUnc
Adr: true
AdrAcKReq: false
Ack: false
Fcnt: 636
Port: 85
Modulation: LORA
Bandwidth: 125
SpreadFactor: 7
Bitrate: 0
CodeRate: 4/5
SNR: 13.5
RSSI: -54
Power: -
Payload(b64): A2cTAQRofgUAAQbLAAd9KAII5g8ACXMbJwp9AgALfQ8ADH0PAA==
Payload(hex): 0367130104687e05000106cb00077d280208e60f0009731b270a7d02000b7d0f000c7d0f00
JSON: {""co2"":552,""hcho"":0.02,""humidity"":63,""light_level"":0,""pir"":1,""pm10"":15,""pm2_5"":15,""pressure"":1001.1,""temperature"":27.5,""tvoc"":15}
MIC: cd51d49f"
24E124710E317752,24E124FFFEFAB29D,472500000,SF7BW125, -53/13.8,37,635,UpUnc,2026-07-15T01:33:24+08:00,"Dev Addr/Multicast Addr: 06f5800d
GwEUI: 24E124FFFEFAB29D
AppEUI: 24E124C0002A0001
Device EUI/Group Name: 24E124710E317752
Class Type: Class C
Immediately: -
Timestamp: 4294469146
Type: UpUnc
Adr: true
AdrAcKReq: false
Ack: false
Fcnt: 635
Port: 85
Modulation: LORA
Bandwidth: 125
SpreadFactor: 7
Bitrate: 0
CodeRate: 4/5
SNR: 13.8
RSSI: -53
Power: -
Payload(b64): A2cTAQRofgUAAQbLAAd9KQII5g8ACXMbJwp9AQALfQ8ADH0PAA==
Payload(hex): 0367130104687e05000106cb00077d290208e60f0009731b270a7d01000b7d0f000c7d0f00
JSON: {""co2"":553,""hcho"":0.01,""humidity"":63,""light_level"":0,""pir"":1,""pm10"":15,""pm2_5"":15,""pressure"":1001.1,""temperature"":27.5,""tvoc"":15}
MIC: 8119f5af"
24E124710E317752,24E124FFFEFAB29D,472900000,SF7BW125, -51/8.8,37,634,UpUnc,2026-07-15T01:32:24+08:00,"Dev Addr/Multicast Addr: 06f5800d
GwEUI: 24E124FFFEFAB29D
AppEUI: 24E124C0002A0001
Device EUI/Group Name: 24E124710E317752
Class Type: Class C
Immediately: -
Timestamp: 4234467054
Type: UpUnc
Adr: true
AdrAcKReq: false
Ack: false
Fcnt: 634
Port: 85
Modulation: LORA
Bandwidth: 125
SpreadFactor: 7
Bitrate: 0
CodeRate: 4/5
SNR: 8.8
RSSI: -51
Power: -
Payload(b64): A2cTAQRofgUAAQbLAAd9KQII5g8ACXMbJwp9AgALfQ8ADH0PAA==
Payload(hex): 0367130104687e05000106cb00077d290208e60f0009731b270a7d02000b7d0f000c7d0f00
JSON: {""co2"":553,""hcho"":0.02,""humidity"":63,""light_level"":0,""pir"":1,""pm10"":15,""pm2_5"":15,""pressure"":1001.1,""temperature"":27.5,""tvoc"":15}
MIC: 275ec033"
24E124710E317752,24E124FFFEFAB29D,473300000,SF7BW125, -52/14.0,37,633,UpUnc,2026-07-15T01:31:24+08:00,"Dev Addr/Multicast Addr: 06f5800d
GwEUI: 24E124FFFEFAB29D
AppEUI: 24E124C0002A0001
Device EUI/Group Name: 24E124710E317752
Class Type: Class C
Immediately: -
Timestamp: 4174472008
Type: UpUnc
Adr: true
AdrAcKReq: false
Ack: false
Fcnt: 633
Port: 85
Modulation: LORA
Bandwidth: 125
SpreadFactor: 7
Bitrate: 0
CodeRate: 4/5
SNR: 14.0
RSSI: -52
Power: -
Payload(b64): A2cTAQRofgUAAQbLAAd9KgII5g8ACXMbJwp9AgALfQ8ADH0PAA==
Payload(hex): 0367130104687e05000106cb00077d2a0208e60f0009731b270a7d02000b7d0f000c7d0f00
JSON: {""co2"":554,""hcho"":0.02,""humidity"":63,""light_level"":0,""pir"":1,""pm10"":15,""pm2_5"":15,""pressure"":1001.1,""temperature"":27.5,""tvoc"":15}
MIC: fd7016df"
24E124710E317752,24E124FFFEFAB29D,472300000,SF7BW125, -53/10.0,37,632,UpUnc,2026-07-15T01:30:24+08:00,"Dev Addr/Multicast Addr: 06f5800d
GwEUI: 24E124FFFEFAB29D
AppEUI: 24E124C0002A0001
Device EUI/Group Name: 24E124710E317752
Class Type: Class C
Immediately: -
Timestamp: 4114475828
Type: UpUnc
Adr: true
AdrAcKReq: false
Ack: false
Fcnt: 632
Port: 85
Modulation: LORA
Bandwidth: 125
SpreadFactor: 7
Bitrate: 0
CodeRate: 4/5
SNR: 10.0
RSSI: -53
Power: -
Payload(b64): A2cSAQRofgUAAQbLAAd9KQII5g8ACXMbJwp9AQALfQ8ADH0PAA==
Payload(hex): 0367120104687e05000106cb00077d290208e60f0009731b270a7d01000b7d0f000c7d0f00
JSON: {""co2"":553,""hcho"":0.01,""humidity"":63,""light_level"":0,""pir"":1,""pm10"":15,""pm2_5"":15,""pressure"":1001.1,""temperature"":27.4,""tvoc"":15}
MIC: e87b174b"
24E124710E317752,24E124FFFEFAB29D,472500000,SF7BW125, -53/14.0,37,631,UpUnc,2026-07-15T01:29:24+08:00,"Dev Addr/Multicast Addr: 06f5800d
GwEUI: 24E124FFFEFAB29D
AppEUI: 24E124C0002A0001
Device EUI/Group Name: 24E124710E317752
Class Type: Class C
Immediately: -
Timestamp: 4054472733
Type: UpUnc
Adr: true
AdrAcKReq: false
Ack: false
Fcnt: 631
Port: 85
Modulation: LORA
Bandwidth: 125
SpreadFactor: 7
Bitrate: 0
CodeRate: 4/5
SNR: 14.0
RSSI: -53
Power: -
Payload(b64): A2cTAQRofgUAAQbLAAd9KQII5g8ACXMbJwp9AgALfQ8ADH0PAA==
Payload(hex): 0367130104687e05000106cb00077d290208e60f0009731b270a7d02000b7d0f000c7d0f00
JSON: {""co2"":553,""hcho"":0.02,""humidity"":63,""light_level"":0,""pir"":1,""pm10"":15,""pm2_5"":15,""pressure"":1001.1,""temperature"":27.5,""tvoc"":15}
MIC: c8bbfc6c"
24E124710E317752,24E124FFFEFAB29D,472900000,SF7BW125, -51/8.5,37,630,UpUnc,2026-07-15T01:28:24+08:00,"Dev Addr/Multicast Addr: 06f5800d
GwEUI: 24E124FFFEFAB29D
AppEUI: 24E124C0002A0001
Device EUI/Group Name: 24E124710E317752
Class Type: Class C
Immediately: -
Timestamp: 3994476725
Type: UpUnc
Adr: true
AdrAcKReq: false
Ack: false
Fcnt: 630
Port: 85
Modulation: LORA
Bandwidth: 125
SpreadFactor: 7
Bitrate: 0
CodeRate: 4/5
SNR: 8.5
RSSI: -51
Power: -
Payload(b64): A2cSAQRofgUAAQbLAAd9JgII5g8ACXMcJwp9AQALfRAADH0QAA==
Payload(hex): 0367120104687e05000106cb00077d260208e60f0009731c270a7d01000b7d10000c7d1000
JSON: {""co2"":550,""hcho"":0.01,""humidity"":63,""light_level"":0,""pir"":1,""pm10"":16,""pm2_5"":16,""pressure"":1001.2,""temperature"":27.4,""tvoc"":15}
MIC: 78219fef"
24E124710E317752,24E124FFFEFAB29D,473300000,SF7BW125, -52/14.0,37,629,UpUnc,2026-07-15T01:27:24+08:00,"Dev Addr/Multicast Addr: 06f5800d
GwEUI: 24E124FFFEFAB29D
AppEUI: 24E124C0002A0001
Device EUI/Group Name: 24E124710E317752
Class Type: Class C
Immediately: -
Timestamp: 3934472622
Type: UpUnc
Adr: true
AdrAcKReq: false
Ack: false
Fcnt: 629
Port: 85
Modulation: LORA
Bandwidth: 125
SpreadFactor: 7
Bitrate: 0
CodeRate: 4/5
SNR: 14.0
RSSI: -52
Power: -
Payload(b64): A2cSAQRofgUAAQbLAAd9JgII5g8ACXMcJwp9AgALfRAADH0QAA==
Payload(hex): 0367120104687e05000106cb00077d260208e60f0009731c270a7d02000b7d10000c7d1000
JSON: {""co2"":550,""hcho"":0.02,""humidity"":63,""light_level"":0,""pir"":1,""pm10"":16,""pm2_5"":16,""pressure"":1001.2,""temperature"":27.4,""tvoc"":15}
MIC: 3f2cd79e"
24E124710E317752,24E124FFFEFAB29D,472300000,SF7BW125, -53/10.8,37,628,UpUnc,2026-07-15T01:26:24+08:00,"Dev Addr/Multicast Addr: 06f5800d
GwEUI: 24E124FFFEFAB29D
AppEUI: 24E124C0002A0001
Device EUI/Group Name: 24E124710E317752
Class Type: Class C
Immediately: -
Timestamp: 3874471849
Type: UpUnc
Adr: true
AdrAcKReq: false
Ack: false
Fcnt: 628
Port: 85
Modulation: LORA
Bandwidth: 125
SpreadFactor: 7
Bitrate: 0
CodeRate: 4/5
SNR: 10.8
RSSI: -53
Power: -
Payload(b64): A2cSAQRofgUAAQbLAAd9JgII5g8ACXMcJwp9AgALfRAADH0QAA==
Payload(hex): 0367120104687e05000106cb00077d260208e60f0009731c270a7d02000b7d10000c7d1000
JSON: {""co2"":550,""hcho"":0.02,""humidity"":63,""light_level"":0,""pir"":1,""pm10"":16,""pm2_5"":16,""pressure"":1001.2,""temperature"":27.4,""tvoc"":15}
MIC: f62f9c2b"
24E124710E317752,24E124FFFEFAB29D,502500000,SF7BW125, -/-,0,22,DnUnc,2026-07-15T01:25:33+08:00,"Dev Addr/Multicast Addr: 06f5800d
GwEUI: 24E124FFFEFAB29D
AppEUI: 24E124C0002A0001
Device EUI/Group Name: 24E124710E317752
Class Type: Class C
Immediately: false
Timestamp: 3824747589
Type: DnUnc
Adr: true
AdrAcKReq: false
Ack: false
Fcnt: 22
Port: -
Modulation: LORA
Bandwidth: 125
SpreadFactor: 7
Bitrate: 0
CodeRate: 4/5
SNR: -
RSSI: -
Power: 20
Payload(b64): 
Payload(hex): 
JSON: 
MIC: 88d68acc"
24E124710E317752,24E124FFFEFAB29D,472500000,SF7BW125, -53/13.8,0,627,UpUnc,2026-07-15T01:25:33+08:00,"Dev Addr/Multicast Addr: 06f5800d
GwEUI: 24E124FFFEFAB29D
AppEUI: 24E124C0002A0001
Device EUI/Group Name: 24E124710E317752
Class Type: Class C
Immediately: -
Timestamp: 3823747589
Type: UpUnc
Adr: true
AdrAcKReq: false
Ack: false
Fcnt: 627
Port: 0
Modulation: LORA
Bandwidth: 125
SpreadFactor: 7
Bitrate: 0
CodeRate: 4/5
SNR: 13.8
RSSI: -53
Power: -
Payload(b64): 
Payload(hex): 
JSON: 
MIC: 6c9e4b9d"
24E124710E317752,24E124FFFEFAB29D,471900000,SF7BW125, -55/13.8,37,626,UpUnc,2026-07-15T01:25:23+08:00,"Dev Addr/Multicast Addr: 06f5800d
GwEUI: 24E124FFFEFAB29D
AppEUI: 24E124C0002A0001
Device EUI/Group Name: 24E124710E317752
Class Type: Class C
Immediately: -
Timestamp: 3814307768
Type: UpUnc
Adr: true
AdrAcKReq: false
Ack: false
Fcnt: 626
Port: 85
Modulation: LORA
Bandwidth: 125
SpreadFactor: 7
Bitrate: 0
CodeRate: 4/5
SNR: 13.8
RSSI: -55
Power: -
Payload(b64): A2cTAQRofgUAAQbLAAd9JgII5g8ACXMbJwp9AQALfQ4ADH0OAA==
Payload(hex): 0367130104687e05000106cb00077d260208e60f0009731b270a7d01000b7d0e000c7d0e00
JSON: {""co2"":550,""hcho"":0.01,""humidity"":63,""light_level"":0,""pir"":1,""pm10"":14,""pm2_5"":14,""pressure"":1001.1,""temperature"":27.5,""tvoc"":15}
MIC: 36e70c81"
24E124710E317752,24E124FFFEFAB29D,472300000,SF7BW125, -53/11.8,37,625,UpUnc,2026-07-15T01:24:24+08:00,"Dev Addr/Multicast Addr: 06f5800d
GwEUI: 24E124FFFEFAB29D
AppEUI: 24E124C0002A0001
Device EUI/Group Name: 24E124710E317752
Class Type: Class C
Immediately: -
Timestamp: 3754471413
Type: UpUnc
Adr: true
AdrAcKReq: false
Ack: false
Fcnt: 625
Port: 85
Modulation: LORA
Bandwidth: 125
SpreadFactor: 7
Bitrate: 0
CodeRate: 4/5
SNR: 11.8
RSSI: -53
Power: -
Payload(b64): A2cSAQRofgUAAQbLAAd9JgII5g8ACXMbJwp9AgALfQ4ADH0OAA==
Payload(hex): 0367120104687e05000106cb00077d260208e60f0009731b270a7d02000b7d0e000c7d0e00
JSON: {""co2"":550,""hcho"":0.02,""humidity"":63,""light_level"":0,""pir"":1,""pm10"":14,""pm2_5"":14,""pressure"":1001.1,""temperature"":27.4,""tvoc"":15}
MIC: 309d5d87"
24E124710E317752,24E124FFFEFAB29D,472500000,SF7BW125, -53/13.8,37,624,UpUnc,2026-07-15T01:23:24+08:00,"Dev Addr/Multicast Addr: 06f5800d
GwEUI: 24E124FFFEFAB29D
AppEUI: 24E124C0002A0001
Device EUI/Group Name: 24E124710E317752
Class Type: Class C
Immediately: -
Timestamp: 3694469328
Type: UpUnc
Adr: true
AdrAcKReq: false
Ack: false
Fcnt: 624
Port: 85
Modulation: LORA
Bandwidth: 125
SpreadFactor: 7
Bitrate: 0
CodeRate: 4/5
SNR: 13.8
RSSI: -53
Power: -
Payload(b64): A2cSAQRofgUAAQbLAAd9JQII5g8ACXMbJwp9AQALfQ4ADH0OAA==
Payload(hex): 0367120104687e05000106cb00077d250208e60f0009731b270a7d01000b7d0e000c7d0e00
JSON: {""co2"":549,""hcho"":0.01,""humidity"":63,""light_level"":0,""pir"":1,""pm10"":14,""pm2_5"":14,""pressure"":1001.1,""temperature"":27.4,""tvoc"":15}
MIC: 1120e7b3"
24E124710E317752,24E124FFFEFAB29D,472900000,SF7BW125, -51/8.5,37,623,UpUnc,2026-07-15T01:22:24+08:00,"Dev Addr/Multicast Addr: 06f5800d
GwEUI: 24E124FFFEFAB29D
AppEUI: 24E124C0002A0001
Device EUI/Group Name: 24E124710E317752
Class Type: Class C
Immediately: -
Timestamp: 3634476285
Type: UpUnc
Adr: true
AdrAcKReq: false
Ack: false
Fcnt: 623
Port: 85
Modulation: LORA
Bandwidth: 125
SpreadFactor: 7
Bitrate: 0
CodeRate: 4/5
SNR: 8.5
RSSI: -51
Power: -
Payload(b64): A2cSAQRofgUAAQbLAAd9JQII5g8ACXMcJwp9AgALfQ8ADH0QAA==
Payload(hex): 0367120104687e05000106cb00077d250208e60f0009731c270a7d02000b7d0f000c7d1000
JSON: {""co2"":549,""hcho"":0.02,""humidity"":63,""light_level"":0,""pir"":1,""pm10"":16,""pm2_5"":15,""pressure"":1001.2,""temperature"":27.4,""tvoc"":15}
MIC: a12331c1"
24E124710E317752,24E124FFFEFAB29D,471900000,SF7BW125, -55/13.8,37,622,UpUnc,2026-07-15T01:21:24+08:00,"Dev Addr/Multicast Addr: 06f5800d
GwEUI: 24E124FFFEFAB29D
AppEUI: 24E124C0002A0001
Device EUI/Group Name: 24E124710E317752
Class Type: Class C
Immediately: -
Timestamp: 3574471241
Type: UpUnc
Adr: true
AdrAcKReq: false
Ack: false
Fcnt: 622
Port: 85
Modulation: LORA
Bandwidth: 125
SpreadFactor: 7
Bitrate: 0
CodeRate: 4/5
SNR: 13.8
RSSI: -55
Power: -
Payload(b64): A2cSAQRofgUAAQbLAAd9IwII5g8ACXMcJwp9AgALfQ8ADH0QAA==
Payload(hex): 0367120104687e05000106cb00077d230208e60f0009731c270a7d02000b7d0f000c7d1000
JSON: {""co2"":547,""hcho"":0.02,""humidity"":63,""light_level"":0,""pir"":1,""pm10"":16,""pm2_5"":15,""pressure"":1001.2,""temperature"":27.4,""tvoc"":15}
MIC: 247e21e4"
24E124710E317752,24E124FFFEFAB29D,472300000,SF7BW125, -53/11.0,37,621,UpUnc,2026-07-15T01:20:24+08:00,"Dev Addr/Multicast Addr: 06f5800d
GwEUI: 24E124FFFEFAB29D
AppEUI: 24E124C0002A0001
Device EUI/Group Name: 24E124710E317752
Class Type: Class C
Immediately: -
Timestamp: 3514477127
Type: UpUnc
Adr: true
AdrAcKReq: false
Ack: false
Fcnt: 621
Port: 85
Modulation: LORA
Bandwidth: 125
SpreadFactor: 7
Bitrate: 0
CodeRate: 4/5
SNR: 11.0
RSSI: -53
Power: -
Payload(b64): A2cSAQRofgUAAQbLAAd9JAII5g8ACXMcJwp9AQALfQ8ADH0QAA==
Payload(hex): 0367120104687e05000106cb00077d240208e60f0009731c270a7d01000b7d0f000c7d1000
JSON: {""co2"":548,""hcho"":0.01,""humidity"":63,""light_level"":0,""pir"":1,""pm10"":16,""pm2_5"":15,""pressure"":1001.2,""temperature"":27.4,""tvoc"":15}
MIC: 59155ae2"
24E124710E317752,24E124FFFEFAB29D,472700000,SF7BW125, -53/14.0,37,620,UpUnc,2026-07-15T01:19:24+08:00,"Dev Addr/Multicast Addr: 06f5800d
GwEUI: 24E124FFFEFAB29D
AppEUI: 24E124C0002A0001
Device EUI/Group Name: 24E124710E317752
Class Type: Class C
Immediately: -
Timestamp: 3454473081
Type: UpUnc
Adr: true
AdrAcKReq: false
Ack: false
Fcnt: 620
Port: 85
Modulation: LORA
Bandwidth: 125
SpreadFactor: 7
Bitrate: 0
CodeRate: 4/5
SNR: 14.0
RSSI: -53
Power: -
Payload(b64): A2cSAQRofgUAAQbLAAd9JQII5g8ACXMdJwp9AgALfQ8ADH0PAA==
Payload(hex): 0367120104687e05000106cb00077d250208e60f0009731d270a7d02000b7d0f000c7d0f00
JSON: {""co2"":549,""hcho"":0.02,""humidity"":63,""light_level"":0,""pir"":1,""pm10"":15,""pm2_5"":15,""pressure"":1001.3,""temperature"":27.4,""tvoc"":15}
MIC: 8f29fdbf"
24E124710E317752,24E124FFFEFAB29D,472900000,SF7BW125, -52/9.0,37,619,UpUnc,2026-07-15T01:18:24+08:00,"Dev Addr/Multicast Addr: 06f5800d
GwEUI: 24E124FFFEFAB29D
AppEUI: 24E124C0002A0001
Device EUI/Group Name: 24E124710E317752
Class Type: Class C
Immediately: -
Timestamp: 3394478001
Type: UpUnc
Adr: true
AdrAcKReq: false
Ack: false
Fcnt: 619
Port: 85
Modulation: LORA
Bandwidth: 125
SpreadFactor: 7
Bitrate: 0
CodeRate: 4/5
SNR: 9.0
RSSI: -52
Power: -
Payload(b64): A2cSAQRofgUAAQbLAAd9JgII5g8ACXMcJwp9AQALfQ8ADH0PAA==
Payload(hex): 0367120104687e05000106cb00077d260208e60f0009731c270a7d01000b7d0f000c7d0f00
JSON: {""co2"":550,""hcho"":0.01,""humidity"":63,""light_level"":0,""pir"":1,""pm10"":15,""pm2_5"":15,""pressure"":1001.2,""temperature"":27.4,""tvoc"":15}
MIC: 99438eb1"
24E124710E317752,24E124FFFEFAB29D,473300000,SF7BW125, -52/13.8,37,618,UpUnc,2026-07-15T01:17:24+08:00,"Dev Addr/Multicast Addr: 06f5800d
GwEUI: 24E124FFFEFAB29D
AppEUI: 24E124C0002A0001
Device EUI/Group Name: 24E124710E317752
Class Type: Class C
Immediately: -
Timestamp: 3334472939
Type: UpUnc
Adr: true
AdrAcKReq: false
Ack: false
Fcnt: 618
Port: 85
Modulation: LORA
Bandwidth: 125
SpreadFactor: 7
Bitrate: 0
CodeRate: 4/5
SNR: 13.8
RSSI: -52
Power: -
Payload(b64): A2cSAQRofgUAAQbLAAd9KAII5g8ACXMdJwp9AgALfQ8ADH0PAA==
Payload(hex): 0367120104687e05000106cb00077d280208e60f0009731d270a7d02000b7d0f000c7d0f00
JSON: {""co2"":552,""hcho"":0.02,""humidity"":63,""light_level"":0,""pir"":1,""pm10"":15,""pm2_5"":15,""pressure"":1001.3,""temperature"":27.4,""tvoc"":15}
MIC: aae49dcb"
24E124710E317752,24E124FFFEFAB29D,472300000,SF7BW125, -53/10.8,37,617,UpUnc,2026-07-15T01:16:24+08:00,"Dev Addr/Multicast Addr: 06f5800d
GwEUI: 24E124FFFEFAB29D
AppEUI: 24E124C0002A0001
Device EUI/Group Name: 24E124710E317752
Class Type: Class C
Immediately: -
Timestamp: 3274476956
Type: UpUnc
Adr: true
AdrAcKReq: false
Ack: false
Fcnt: 617
Port: 85
Modulation: LORA
Bandwidth: 125
SpreadFactor: 7
Bitrate: 0
CodeRate: 4/5
SNR: 10.8
RSSI: -53
Power: -
Payload(b64): A2cSAQRofgUAAQbLAAd9KgII5g8ACXMdJwp9AgALfREADH0RAA==
Payload(hex): 0367120104687e05000106cb00077d2a0208e60f0009731d270a7d02000b7d11000c7d1100
JSON: {""co2"":554,""hcho"":0.02,""humidity"":63,""light_level"":0,""pir"":1,""pm10"":17,""pm2_5"":17,""pressure"":1001.3,""temperature"":27.4,""tvoc"":15}
MIC: 708499b6"
24E124710E317752,24E124FFFEFAB29D,472700000,SF7BW125, -53/14.0,37,616,UpUnc,2026-07-15T01:15:24+08:00,"Dev Addr/Multicast Addr: 06f5800d
GwEUI: 24E124FFFEFAB29D
AppEUI: 24E124C0002A0001
Device EUI/Group Name: 24E124710E317752
Class Type: Class C
Immediately: -
Timestamp: 3214476962
Type: UpUnc
Adr: true
AdrAcKReq: false
Ack: false
Fcnt: 616
Port: 85
Modulation: LORA
Bandwidth: 125
SpreadFactor: 7
Bitrate: 0
CodeRate: 4/5
SNR: 14.0
RSSI: -53
Power: -
Payload(b64): A2cSAQRofgUAAQbLAAd9KgII5g8ACXMdJwp9AQALfREADH0RAA==
Payload(hex): 0367120104687e05000106cb00077d2a0208e60f0009731d270a7d01000b7d11000c7d1100
JSON: {""co2"":554,""hcho"":0.01,""humidity"":63,""light_level"":0,""pir"":1,""pm10"":17,""pm2_5"":17,""pressure"":1001.3,""temperature"":27.4,""tvoc"":15}
MIC: 55af8515"
24E124710E317752,24E124FFFEFAB29D,472900000,SF7BW125, -52/9.0,37,615,UpUnc,2026-07-15T01:14:24+08:00,"Dev Addr/Multicast Addr: 06f5800d
GwEUI: 24E124FFFEFAB29D
AppEUI: 24E124C0002A0001
Device EUI/Group Name: 24E124710E317752
Class Type: Class C
Immediately: -
Timestamp: 3154473852
Type: UpUnc
Adr: true
AdrAcKReq: false
Ack: false
Fcnt: 615
Port: 85
Modulation: LORA
Bandwidth: 125
SpreadFactor: 7
Bitrate: 0
CodeRate: 4/5
SNR: 9.0
RSSI: -52
Power: -
Payload(b64): A2cSAQRofgUAAQbLAAd9LAII5g8ACXMdJwp9AgALfREADH0RAA==
Payload(hex): 0367120104687e05000106cb00077d2c0208e60f0009731d270a7d02000b7d11000c7d1100
JSON: {""co2"":556,""hcho"":0.02,""humidity"":63,""light_level"":0,""pir"":1,""pm10"":17,""pm2_5"":17,""pressure"":1001.3,""temperature"":27.4,""tvoc"":15}
MIC: da587b15"
24E124710E317752,24E124FFFEFAB29D,473300000,SF7BW125, -52/13.8,37,614,UpUnc,2026-07-15T01:13:24+08:00,"Dev Addr/Multicast Addr: 06f5800d
GwEUI: 24E124FFFEFAB29D
AppEUI: 24E124C0002A0001
Device EUI/Group Name: 24E124710E317752
Class Type: Class C
Immediately: -
Timestamp: 3094478777
Type: UpUnc
Adr: true
AdrAcKReq: false
Ack: false
Fcnt: 614
Port: 85
Modulation: LORA
Bandwidth: 125
SpreadFactor: 7
Bitrate: 0
CodeRate: 4/5
SNR: 13.8
RSSI: -52
Power: -
Payload(b64): A2cSAQRofgUAAQbLAAd9KwII5g8ACXMdJwp9AQALfRAADH0QAA==
Payload(hex): 0367120104687e05000106cb00077d2b0208e60f0009731d270a7d01000b7d10000c7d1000
JSON: {""co2"":555,""hcho"":0.01,""humidity"":63,""light_level"":0,""pir"":1,""pm10"":16,""pm2_5"":16,""pressure"":1001.3,""temperature"":27.4,""tvoc"":15}
MIC: 81a34fe2"
24E124710E317752,24E124FFFEFAB29D,472300000,SF7BW125, -53/10.5,37,613,UpUnc,2026-07-15T01:12:24+08:00,"Dev Addr/Multicast Addr: 06f5800d
GwEUI: 24E124FFFEFAB29D
AppEUI: 24E124C0002A0001
Device EUI/Group Name: 24E124710E317752
Class Type: Class C
Immediately: -
Timestamp: 3034474591
Type: UpUnc
Adr: true
AdrAcKReq: false
Ack: false
Fcnt: 613
Port: 85
Modulation: LORA
Bandwidth: 125
SpreadFactor: 7
Bitrate: 0
CodeRate: 4/5
SNR: 10.5
RSSI: -53
Power: -
Payload(b64): A2cSAQRofgUAAQbLAAd9LAII5g8ACXMdJwp9AgALfRAADH0QAA==
Payload(hex): 0367120104687e05000106cb00077d2c0208e60f0009731d270a7d02000b7d10000c7d1000
JSON: {""co2"":556,""hcho"":0.02,""humidity"":63,""light_level"":0,""pir"":1,""pm10"":16,""pm2_5"":16,""pressure"":1001.3,""temperature"":27.4,""tvoc"":15}
MIC: ebfc27fe"
24E124710E317752,24E124FFFEFAB29D,472700000,SF7BW125, -53/14.0,37,612,UpUnc,2026-07-15T01:11:24+08:00,"Dev Addr/Multicast Addr: 06f5800d
GwEUI: 24E124FFFEFAB29D
AppEUI: 24E124C0002A0001
Device EUI/Group Name: 24E124710E317752
Class Type: Class C
Immediately: -
Timestamp: 2974478530
Type: UpUnc
Adr: true
AdrAcKReq: false
Ack: false
Fcnt: 612
Port: 85
Modulation: LORA
Bandwidth: 125
SpreadFactor: 7
Bitrate: 0
CodeRate: 4/5
SNR: 14.0
RSSI: -53
Power: -
Payload(b64): A2cSAQRofgUAAQbLAAd9LQII5g8ACXMdJwp9AgALfRAADH0QAA==
Payload(hex): 0367120104687e05000106cb00077d2d0208e60f0009731d270a7d02000b7d10000c7d1000
JSON: {""co2"":557,""hcho"":0.02,""humidity"":63,""light_level"":0,""pir"":1,""pm10"":16,""pm2_5"":16,""pressure"":1001.3,""temperature"":27.4,""tvoc"":15}
MIC: 8657bf4e"
24E124710E317752,24E124FFFEFAB29D,472900000,SF7BW125, -52/8.2,37,611,UpUnc,2026-07-15T01:10:24+08:00,"Dev Addr/Multicast Addr: 06f5800d
GwEUI: 24E124FFFEFAB29D
AppEUI: 24E124C0002A0001
Device EUI/Group Name: 24E124710E317752
Class Type: Class C
Immediately: -
Timestamp: 2914474625
Type: UpUnc
Adr: true
AdrAcKReq: false
Ack: false
Fcnt: 611
Port: 85
Modulation: LORA
Bandwidth: 125
SpreadFactor: 7
Bitrate: 0
CodeRate: 4/5
SNR: 8.2
RSSI: -52
Power: -
Payload(b64): A2cSAQRofgUAAQbLAAd9LQII5g8ACXMdJwp9AQALfQ0ADH0NAA==
Payload(hex): 0367120104687e05000106cb00077d2d0208e60f0009731d270a7d01000b7d0d000c7d0d00
JSON: {""co2"":557,""hcho"":0.01,""humidity"":63,""light_level"":0,""pir"":1,""pm10"":13,""pm2_5"":13,""pressure"":1001.3,""temperature"":27.4,""tvoc"":15}
MIC: 232303ee"
24E124710E317752,24E124FFFEFAB29D,473300000,SF7BW125, -52/13.8,37,610,UpUnc,2026-07-15T01:09:24+08:00,"Dev Addr/Multicast Addr: 06f5800d
GwEUI: 24E124FFFEFAB29D
AppEUI: 24E124C0002A0001
Device EUI/Group Name: 24E124710E317752
Class Type: Class C
Immediately: -
Timestamp: 2854478391
Type: UpUnc
Adr: true
AdrAcKReq: false
Ack: false
Fcnt: 610
Port: 85
Modulation: LORA
Bandwidth: 125
SpreadFactor: 7
Bitrate: 0
CodeRate: 4/5
SNR: 13.8
RSSI: -52
Power: -
Payload(b64): A2cSAQRofgUAAQbLAAd9KwII5g8ACXMdJwp9AgALfQ0ADH0NAA==
Payload(hex): 0367120104687e05000106cb00077d2b0208e60f0009731d270a7d02000b7d0d000c7d0d00
JSON: {""co2"":555,""hcho"":0.02,""humidity"":63,""light_level"":0,""pir"":1,""pm10"":13,""pm2_5"":13,""pressure"":1001.3,""temperature"":27.4,""tvoc"":15}
MIC: 1fb350c5"
24E124710E317752,24E124FFFEFAB29D,472100000,SF7BW125, -54/13.2,37,609,UpUnc,2026-07-15T01:08:23+08:00,"Dev Addr/Multicast Addr: 06f5800d
GwEUI: 24E124FFFEFAB29D
AppEUI: 24E124C0002A0001
Device EUI/Group Name: 24E124710E317752
Class Type: Class C
Immediately: -
Timestamp: 2794476428
Type: UpUnc
Adr: true
AdrAcKReq: false
Ack: false
Fcnt: 609
Port: 85
Modulation: LORA
Bandwidth: 125
SpreadFactor: 7
Bitrate: 0
CodeRate: 4/5
SNR: 13.2
RSSI: -54
Power: -
Payload(b64): A2cSAQRofgUAAQbLAAd9LwII5g8ACXMdJwp9AQALfQ0ADH0NAA==
Payload(hex): 0367120104687e05000106cb00077d2f0208e60f0009731d270a7d01000b7d0d000c7d0d00
JSON: {""co2"":559,""hcho"":0.01,""humidity"":63,""light_level"":0,""pir"":1,""pm10"":13,""pm2_5"":13,""pressure"":1001.3,""temperature"":27.4,""tvoc"":15}
MIC: 071798e0"
24E124710E317752,24E124FFFEFAB29D,472500000,SF7BW125, -54/13.8,37,608,UpUnc,2026-07-15T01:07:23+08:00,"Dev Addr/Multicast Addr: 06f5800d
GwEUI: 24E124FFFEFAB29D
AppEUI: 24E124C0002A0001
Device EUI/Group Name: 24E124710E317752
Class Type: Class C
Immediately: -
Timestamp: 2734473222
Type: UpUnc
Adr: true
AdrAcKReq: false
Ack: false
Fcnt: 608
Port: 85
Modulation: LORA
Bandwidth: 125
SpreadFactor: 7
Bitrate: 0
CodeRate: 4/5
SNR: 13.8
RSSI: -54
Power: -
Payload(b64): A2cSAQRofgUAAQbLAAd9LgII5g8ACXMdJwp9AgALfQ4ADH0OAA==
Payload(hex): 0367120104687e05000106cb00077d2e0208e60f0009731d270a7d02000b7d0e000c7d0e00
JSON: {""co2"":558,""hcho"":0.02,""humidity"":63,""light_level"":0,""pir"":1,""pm10"":14,""pm2_5"":14,""pressure"":1001.3,""temperature"":27.4,""tvoc"":15}
MIC: aabaf58a"
24E124710E317752,24E124FFFEFAB29D,472900000,SF7BW125, -51/8.8,37,607,UpUnc,2026-07-15T01:06:23+08:00,"Dev Addr/Multicast Addr: 06f5800d
GwEUI: 24E124FFFEFAB29D
AppEUI: 24E124C0002A0001
Device EUI/Group Name: 24E124710E317752
Class Type: Class C
Immediately: -
Timestamp: 2674477185
Type: UpUnc
Adr: true
AdrAcKReq: false
Ack: false
Fcnt: 607
Port: 85
Modulation: LORA
Bandwidth: 125
SpreadFactor: 7
Bitrate: 0
CodeRate: 4/5
SNR: 8.8
RSSI: -51
Power: -
Payload(b64): A2cSAQRofgUAAQbLAAd9LgII5g8ACXMdJwp9AQALfQ4ADH0OAA==
Payload(hex): 0367120104687e05000106cb00077d2e0208e60f0009731d270a7d01000b7d0e000c7d0e00
JSON: {""co2"":558,""hcho"":0.01,""humidity"":63,""light_level"":0,""pir"":1,""pm10"":14,""pm2_5"":14,""pressure"":1001.3,""temperature"":27.4,""tvoc"":15}
MIC: 88c37b05"
24E124710E317752,24E124FFFEFAB29D,473300000,SF7BW125, -52/14.0,37,606,UpUnc,2026-07-15T01:05:23+08:00,"Dev Addr/Multicast Addr: 06f5800d
GwEUI: 24E124FFFEFAB29D
AppEUI: 24E124C0002A0001
Device EUI/Group Name: 24E124710E317752
Class Type: Class C
Immediately: -
Timestamp: 2614482127
Type: UpUnc
Adr: true
AdrAcKReq: false
Ack: false
Fcnt: 606
Port: 85
Modulation: LORA
Bandwidth: 125
SpreadFactor: 7
Bitrate: 0
CodeRate: 4/5
SNR: 14.0
RSSI: -52
Power: -
Payload(b64): A2cSAQRofgUAAQbLAAd9LwII5g8ACXMdJwp9AQALfQ4ADH0OAA==
Payload(hex): 0367120104687e05000106cb00077d2f0208e60f0009731d270a7d01000b7d0e000c7d0e00
JSON: {""co2"":559,""hcho"":0.01,""humidity"":63,""light_level"":0,""pir"":1,""pm10"":14,""pm2_5"":14,""pressure"":1001.3,""temperature"":27.4,""tvoc"":15}
MIC: 9f853cc9"
24E124710E317752,24E124FFFEFAB29D,472100000,SF7BW125, -54/13.8,37,605,UpUnc,2026-07-15T01:04:23+08:00,"Dev Addr/Multicast Addr: 06f5800d
GwEUI: 24E124FFFEFAB29D
AppEUI: 24E124C0002A0001
Device EUI/Group Name: 24E124710E317752
Class Type: Class C
Immediately: -
Timestamp: 2554481330
Type: UpUnc
Adr: true
AdrAcKReq: false
Ack: false
Fcnt: 605
Port: 85
Modulation: LORA
Bandwidth: 125
SpreadFactor: 7
Bitrate: 0
CodeRate: 4/5
SNR: 13.8
RSSI: -54
Power: -
Payload(b64): A2cSAQRofgUAAQbLAAd9MwII5g8ACXMdJwp9AQALfRAADH0QAA==
Payload(hex): 0367120104687e05000106cb00077d330208e60f0009731d270a7d01000b7d10000c7d1000
JSON: {""co2"":563,""hcho"":0.01,""humidity"":63,""light_level"":0,""pir"":1,""pm10"":16,""pm2_5"":16,""pressure"":1001.3,""temperature"":27.4,""tvoc"":15}
MIC: fba79254"
24E124710E317752,24E124FFFEFAB29D,472700000,SF7BW125, -53/14.2,37,604,UpUnc,2026-07-15T01:03:23+08:00,"Dev Addr/Multicast Addr: 06f5800d
GwEUI: 24E124FFFEFAB29D
AppEUI: 24E124C0002A0001
Device EUI/Group Name: 24E124710E317752
Class Type: Class C
Immediately: -
Timestamp: 2494483989
Type: UpUnc
Adr: true
AdrAcKReq: false
Ack: false
Fcnt: 604
Port: 85
Modulation: LORA
Bandwidth: 125
SpreadFactor: 7
Bitrate: 0
CodeRate: 4/5
SNR: 14.2
RSSI: -53
Power: -
Payload(b64): A2cSAQRofgUAAQbLAAd9MwII5g8ACXMdJwp9AQALfRAADH0QAA==
Payload(hex): 0367120104687e05000106cb00077d330208e60f0009731d270a7d01000b7d10000c7d1000
JSON: {""co2"":563,""hcho"":0.01,""humidity"":63,""light_level"":0,""pir"":1,""pm10"":16,""pm2_5"":16,""pressure"":1001.3,""temperature"":27.4,""tvoc"":15}
MIC: 2b89198d"
24E124710E317752,24E124FFFEFAB29D,473100000,SF7BW125, -51/14.0,37,603,UpUnc,2026-07-15T01:02:23+08:00,"Dev Addr/Multicast Addr: 06f5800d
GwEUI: 24E124FFFEFAB29D
AppEUI: 24E124C0002A0001
Device EUI/Group Name: 24E124710E317752
Class Type: Class C
Immediately: -
Timestamp: 2434477925
Type: UpUnc
Adr: true
AdrAcKReq: false
Ack: false
Fcnt: 603
Port: 85
Modulation: LORA
Bandwidth: 125
SpreadFactor: 7
Bitrate: 0
CodeRate: 4/5
SNR: 14.0
RSSI: -51
Power: -
Payload(b64): A2cSAQRofgUAAQbLAAd9LwII5g8ACXMeJwp9AgALfRAADH0QAA==
Payload(hex): 0367120104687e05000106cb00077d2f0208e60f0009731e270a7d02000b7d10000c7d1000
JSON: {""co2"":559,""hcho"":0.02,""humidity"":63,""light_level"":0,""pir"":1,""pm10"":16,""pm2_5"":16,""pressure"":1001.4,""temperature"":27.4,""tvoc"":15}
MIC: c0da6a9e"
24E124710E317752,24E124FFFEFAB29D,471900000,SF7BW125, -55/14.0,37,602,UpUnc,2026-07-15T01:01:23+08:00,"Dev Addr/Multicast Addr: 06f5800d
GwEUI: 24E124FFFEFAB29D
AppEUI: 24E124C0002A0001
Device EUI/Group Name: 24E124710E317752
Class Type: Class C
Immediately: -
Timestamp: 2374473839
Type: UpUnc
Adr: true
AdrAcKReq: false
Ack: false
Fcnt: 602
Port: 85
Modulation: LORA
Bandwidth: 125
SpreadFactor: 7
Bitrate: 0
CodeRate: 4/5
SNR: 14.0
RSSI: -55
Power: -
Payload(b64): A2cSAQRofgUAAQbLAAd9MAII5g8ACXMdJwp9AQALfRAADH0QAA==
Payload(hex): 0367120104687e05000106cb00077d300208e60f0009731d270a7d01000b7d10000c7d1000
JSON: {""co2"":560,""hcho"":0.01,""humidity"":63,""light_level"":0,""pir"":1,""pm10"":16,""pm2_5"":16,""pressure"":1001.3,""temperature"":27.4,""tvoc"":15}
MIC: 80a3cd9e"
24E124710E317752,24E124FFFEFAB29D,472100000,SF7BW125, -54/13.5,37,601,UpUnc,2026-07-15T01:00:24+08:00,"Dev Addr/Multicast Addr: 06f5800d
GwEUI: 24E124FFFEFAB29D
AppEUI: 24E124C0002A0001
Device EUI/Group Name: 24E124710E317752
Class Type: Class C
Immediately: -
Timestamp: 2314478785
Type: UpUnc
Adr: true
AdrAcKReq: false
Ack: false
Fcnt: 601
Port: 85
Modulation: LORA
Bandwidth: 125
SpreadFactor: 7
Bitrate: 0
CodeRate: 4/5
SNR: 13.5
RSSI: -54
Power: -
Payload(b64): A2cSAQRofgUAAQbLAAd9LgII5g8ACXMdJwp9AQALfRAADH0QAA==
Payload(hex): 0367120104687e05000106cb00077d2e0208e60f0009731d270a7d01000b7d10000c7d1000
JSON: {""co2"":558,""hcho"":0.01,""humidity"":63,""light_level"":0,""pir"":1,""pm10"":16,""pm2_5"":16,""pressure"":1001.3,""temperature"":27.4,""tvoc"":15}
MIC: 5e331a6f"
24E124710E317752,24E124FFFEFAB29D,472500000,SF7BW125, -53/14.0,37,600,UpUnc,2026-07-15T00:59:24+08:00,"Dev Addr/Multicast Addr: 06f5800d
GwEUI: 24E124FFFEFAB29D
AppEUI: 24E124C0002A0001
Device EUI/Group Name: 24E124710E317752
Class Type: Class C
Immediately: -
Timestamp: 2254475814
Type: UpUnc
Adr: true
AdrAcKReq: false
Ack: false
Fcnt: 600
Port: 85
Modulation: LORA
Bandwidth: 125
SpreadFactor: 7
Bitrate: 0
CodeRate: 4/5
SNR: 14.0
RSSI: -53
Power: -
Payload(b64): A2cSAQRofgUAAQbLAAd9MAII5g8ACXMdJwp9AQALfRAADH0QAA==
Payload(hex): 0367120104687e05000106cb00077d300208e60f0009731d270a7d01000b7d10000c7d1000
JSON: {""co2"":560,""hcho"":0.01,""humidity"":63,""light_level"":0,""pir"":1,""pm10"":16,""pm2_5"":16,""pressure"":1001.3,""temperature"":27.4,""tvoc"":15}
MIC: 526abf53"
24E124710E317752,24E124FFFEFAB29D,473100000,SF7BW125, -51/13.2,37,599,UpUnc,2026-07-15T00:58:24+08:00,"Dev Addr/Multicast Addr: 06f5800d
GwEUI: 24E124FFFEFAB29D
AppEUI: 24E124C0002A0001
Device EUI/Group Name: 24E124710E317752
Class Type: Class C
Immediately: -
Timestamp: 2194481645
Type: UpUnc
Adr: true
AdrAcKReq: false
Ack: false
Fcnt: 599
Port: 85
Modulation: LORA
Bandwidth: 125
SpreadFactor: 7
Bitrate: 0
CodeRate: 4/5
SNR: 13.2
RSSI: -51
Power: -
Payload(b64): A2cSAQRofgUAAQbLAAd9MAII5g8ACXMdJwp9AQALfQ4ADH0OAA==
Payload(hex): 0367120104687e05000106cb00077d300208e60f0009731d270a7d01000b7d0e000c7d0e00
JSON: {""co2"":560,""hcho"":0.01,""humidity"":63,""light_level"":0,""pir"":1,""pm10"":14,""pm2_5"":14,""pressure"":1001.3,""temperature"":27.4,""tvoc"":15}
MIC: 4e741ff5"
24E124710E317752,24E124FFFEFAB29D,473300000,SF7BW125, -52/14.2,37,598,UpUnc,2026-07-15T00:57:24+08:00,"Dev Addr/Multicast Addr: 06f5800d
GwEUI: 24E124FFFEFAB29D
AppEUI: 24E124C0002A0001
Device EUI/Group Name: 24E124710E317752
Class Type: Class C
Immediately: -
Timestamp: 2134475615
Type: UpUnc
Adr: true
AdrAcKReq: false
Ack: false
Fcnt: 598
Port: 85
Modulation: LORA
Bandwidth: 125
SpreadFactor: 7
Bitrate: 0
CodeRate: 4/5
SNR: 14.2
RSSI: -52
Power: -
Payload(b64): A2cSAQRofgUAAQbLAAd9MAII5g8ACXMdJwp9AgALfQ4ADH0OAA==
Payload(hex): 0367120104687e05000106cb00077d300208e60f0009731d270a7d02000b7d0e000c7d0e00
JSON: {""co2"":560,""hcho"":0.02,""humidity"":63,""light_level"":0,""pir"":1,""pm10"":14,""pm2_5"":14,""pressure"":1001.3,""temperature"":27.4,""tvoc"":15}
MIC: c061f81f"
24E124710E317752,24E124FFFEFAB29D,472100000,SF7BW125, -54/14.0,37,597,UpUnc,2026-07-15T00:56:24+08:00,"Dev Addr/Multicast Addr: 06f5800d
GwEUI: 24E124FFFEFAB29D
AppEUI: 24E124C0002A0001
Device EUI/Group Name: 24E124710E317752
Class Type: Class C
Immediately: -
Timestamp: 2074481700
Type: UpUnc
Adr: true
AdrAcKReq: false
Ack: false
Fcnt: 597
Port: 85
Modulation: LORA
Bandwidth: 125
SpreadFactor: 7
Bitrate: 0
CodeRate: 4/5
SNR: 14.0
RSSI: -54
Power: -
Payload(b64): A2cSAQRofgUAAQbLAAd9NAII5g8ACXMdJwp9AQALfQ4ADH0OAA==
Payload(hex): 0367120104687e05000106cb00077d340208e60f0009731d270a7d01000b7d0e000c7d0e00
JSON: {""co2"":564,""hcho"":0.01,""humidity"":63,""light_level"":0,""pir"":1,""pm10"":14,""pm2_5"":14,""pressure"":1001.3,""temperature"":27.4,""tvoc"":15}
MIC: 901b30cb"
24E124710E317752,24E124FFFEFAB29D,472700000,SF7BW125, -53/14.0,37,596,UpUnc,2026-07-15T00:55:24+08:00,"Dev Addr/Multicast Addr: 06f5800d
GwEUI: 24E124FFFEFAB29D
AppEUI: 24E124C0002A0001
Device EUI/Group Name: 24E124710E317752
Class Type: Class C
Immediately: -
Timestamp: 2014476442
Type: UpUnc
Adr: true
AdrAcKReq: false
Ack: false
Fcnt: 596
Port: 85
Modulation: LORA
Bandwidth: 125
SpreadFactor: 7
Bitrate: 0
CodeRate: 4/5
SNR: 14.0
RSSI: -53
Power: -
Payload(b64): A2cSAQRofgUAAQbLAAd9MgII5g8ACXMdJwp9AQALfQ0ADH0NAA==
Payload(hex): 0367120104687e05000106cb00077d320208e60f0009731d270a7d01000b7d0d000c7d0d00
JSON: {""co2"":562,""hcho"":0.01,""humidity"":63,""light_level"":0,""pir"":1,""pm10"":13,""pm2_5"":13,""pressure"":1001.3,""temperature"":27.4,""tvoc"":15}
MIC: f2f9db36"
24E124710E317752,24E124FFFEFAB29D,473100000,SF7BW125, -51/13.8,37,595,UpUnc,2026-07-15T00:54:24+08:00,"Dev Addr/Multicast Addr: 06f5800d
GwEUI: 24E124FFFEFAB29D
AppEUI: 24E124C0002A0001
Device EUI/Group Name: 24E124710E317752
Class Type: Class C
Immediately: -
Timestamp: 1954484522
Type: UpUnc
Adr: true
AdrAcKReq: false
Ack: false
Fcnt: 595
Port: 85
Modulation: LORA
Bandwidth: 125
SpreadFactor: 7
Bitrate: 0
CodeRate: 4/5
SNR: 13.8
RSSI: -51
Power: -
Payload(b64): A2cSAQRofgUAAQbLAAd9MwII5g8ACXMdJwp9AQALfQ0ADH0NAA==
Payload(hex): 0367120104687e05000106cb00077d330208e60f0009731d270a7d01000b7d0d000c7d0d00
JSON: {""co2"":563,""hcho"":0.01,""humidity"":63,""light_level"":0,""pir"":1,""pm10"":13,""pm2_5"":13,""pressure"":1001.3,""temperature"":27.4,""tvoc"":15}
MIC: 4926b55f"
24E124710E317752,24E124FFFEFAB29D,471900000,SF7BW125, -55/13.5,37,594,UpUnc,2026-07-15T00:53:24+08:00,"Dev Addr/Multicast Addr: 06f5800d
GwEUI: 24E124FFFEFAB29D
AppEUI: 24E124C0002A0001
Device EUI/Group Name: 24E124710E317752
Class Type: Class C
Immediately: -
Timestamp: 1894482291
Type: UpUnc
Adr: true
AdrAcKReq: false
Ack: false
Fcnt: 594
Port: 85
Modulation: LORA
Bandwidth: 125
SpreadFactor: 7
Bitrate: 0
CodeRate: 4/5
SNR: 13.5
RSSI: -55
Power: -
Payload(b64): A2cSAQRofgUAAQbLAAd9MAII5g8ACXMdJwp9AQALfQ0ADH0NAA==
Payload(hex): 0367120104687e05000106cb00077d300208e60f0009731d270a7d01000b7d0d000c7d0d00
JSON: {""co2"":560,""hcho"":0.01,""humidity"":63,""light_level"":0,""pir"":1,""pm10"":13,""pm2_5"":13,""pressure"":1001.3,""temperature"":27.4,""tvoc"":15}
MIC: c45ab45c"
24E124710E317752,24E124FFFEFAB29D,501900000,SF7BW125, -/-,0,21,DnUnc,2026-07-15T00:52:57+08:00,"Dev Addr/Multicast Addr: 06f5800d
GwEUI: 24E124FFFEFAB29D
AppEUI: 24E124C0002A0001
Device EUI/Group Name: 24E124710E317752
Class Type: Class C
Immediately: false
Timestamp: 1868015397
Type: DnUnc
Adr: true
AdrAcKReq: false
Ack: false
Fcnt: 21
Port: -
Modulation: LORA
Bandwidth: 125
SpreadFactor: 7
Bitrate: 0
CodeRate: 4/5
SNR: -
RSSI: -
Power: 20
Payload(b64): 
Payload(hex): 
JSON: 
MIC: 380e8f97"
24E124710E317752,24E124FFFEFAB29D,471900000,SF7BW125, -55/13.8,0,593,UpUnc,2026-07-15T00:52:56+08:00,"Dev Addr/Multicast Addr: 06f5800d
GwEUI: 24E124FFFEFAB29D
AppEUI: 24E124C0002A0001
Device EUI/Group Name: 24E124710E317752
Class Type: Class C
Immediately: -
Timestamp: 1867015397
Type: UpUnc
Adr: true
AdrAcKReq: false
Ack: false
Fcnt: 593
Port: 0
Modulation: LORA
Bandwidth: 125
SpreadFactor: 7
Bitrate: 0
CodeRate: 4/5
SNR: 13.8
RSSI: -55
Power: -
Payload(b64): 
Payload(hex): 
JSON: 
MIC: b4ac2fa8"
24E124710E317752,24E124FFFEFAB29D,472500000,SF7BW125, -53/14.0,37,592,UpUnc,2026-07-15T00:52:24+08:00,"Dev Addr/Multicast Addr: 06f5800d
GwEUI: 24E124FFFEFAB29D
AppEUI: 24E124C0002A0001
Device EUI/Group Name: 24E124710E317752
Class Type: Class C
Immediately: -
Timestamp: 1834477338
Type: UpUnc
Adr: true
AdrAcKReq: false
Ack: false
Fcnt: 592
Port: 85
Modulation: LORA
Bandwidth: 125
SpreadFactor: 7
Bitrate: 0
CodeRate: 4/5
SNR: 14.0
RSSI: -53
Power: -
Payload(b64): A2cSAQRofgUAAQbLAAd9MgII5g8ACXMdJwp9AgALfRAADH0QAA==
Payload(hex): 0367120104687e05000106cb00077d320208e60f0009731d270a7d02000b7d10000c7d1000
JSON: {""co2"":562,""hcho"":0.02,""humidity"":63,""light_level"":0,""pir"":1,""pm10"":16,""pm2_5"":16,""pressure"":1001.3,""temperature"":27.4,""tvoc"":15}
MIC: a5339b7c"
24E124710E317752,24E124FFFEFAB29D,472700000,SF7BW125, -53/13.5,37,591,UpUnc,2026-07-15T00:51:24+08:00,"Dev Addr/Multicast Addr: 06f5800d
GwEUI: 24E124FFFEFAB29D
AppEUI: 24E124C0002A0001
Device EUI/Group Name: 24E124710E317752
Class Type: Class C
Immediately: -
Timestamp: 1774484264
Type: UpUnc
Adr: true
AdrAcKReq: false
Ack: false
Fcnt: 591
Port: 85
Modulation: LORA
Bandwidth: 125
SpreadFactor: 7
Bitrate: 0
CodeRate: 4/5
SNR: 13.5
RSSI: -53
Power: -
Payload(b64): A2cSAQRofgUAAQbLAAd9MAII5g8ACXMdJwp9AQALfRAADH0QAA==
Payload(hex): 0367120104687e05000106cb00077d300208e60f0009731d270a7d01000b7d10000c7d1000
JSON: {""co2"":560,""hcho"":0.01,""humidity"":63,""light_level"":0,""pir"":1,""pm10"":16,""pm2_5"":16,""pressure"":1001.3,""temperature"":27.4,""tvoc"":15}
MIC: 8ae619f6"
24E124710E317752,24E124FFFEFAB29D,473300000,SF7BW125, -52/14.2,37,590,UpUnc,2026-07-15T00:50:24+08:00,"Dev Addr/Multicast Addr: 06f5800d
GwEUI: 24E124FFFEFAB29D
AppEUI: 24E124C0002A0001
Device EUI/Group Name: 24E124710E317752
Class Type: Class C
Immediately: -
Timestamp: 1714478104
Type: UpUnc
Adr: true
AdrAcKReq: false
Ack: false
Fcnt: 590
Port: 85
Modulation: LORA
Bandwidth: 125
SpreadFactor: 7
Bitrate: 0
CodeRate: 4/5
SNR: 14.2
RSSI: -52
Power: -
Payload(b64): A2cSAQRofgUAAQbLAAd9MgII5g8ACXMdJwp9AgALfRAADH0QAA==
Payload(hex): 0367120104687e05000106cb00077d320208e60f0009731d270a7d02000b7d10000c7d1000
JSON: {""co2"":562,""hcho"":0.02,""humidity"":63,""light_level"":0,""pir"":1,""pm10"":16,""pm2_5"":16,""pressure"":1001.3,""temperature"":27.4,""tvoc"":15}
MIC: 0a4e3866"
24E124710E317752,24E124FFFEFAB29D,471900000,SF7BW125, -55/13.8,37,589,UpUnc,2026-07-15T00:49:24+08:00,"Dev Addr/Multicast Addr: 06f5800d
GwEUI: 24E124FFFEFAB29D
AppEUI: 24E124C0002A0001
Device EUI/Group Name: 24E124710E317752
Class Type: Class C
Immediately: -
Timestamp: 1654483032
Type: UpUnc
Adr: true
AdrAcKReq: false
Ack: false
Fcnt: 589
Port: 85
Modulation: LORA
Bandwidth: 125
SpreadFactor: 7
Bitrate: 0
CodeRate: 4/5
SNR: 13.8
RSSI: -55
Power: -
Payload(b64): A2cSAQRofgUAAQbLAAd9MgII5g8ACXMcJwp9AQALfRAADH0QAA==
Payload(hex): 0367120104687e05000106cb00077d320208e60f0009731c270a7d01000b7d10000c7d1000
JSON: {""co2"":562,""hcho"":0.01,""humidity"":63,""light_level"":0,""pir"":1,""pm10"":16,""pm2_5"":16,""pressure"":1001.2,""temperature"":27.4,""tvoc"":15}
MIC: 8cfa988a"
24E124710E317752,24E124FFFEFAB29D,472300000,SF7BW125, -53/9.0,37,588,UpUnc,2026-07-15T00:48:24+08:00,"Dev Addr/Multicast Addr: 06f5800d
GwEUI: 24E124FFFEFAB29D
AppEUI: 24E124C0002A0001
Device EUI/Group Name: 24E124710E317752
Class Type: Class C
Immediately: -
Timestamp: 1594484967
Type: UpUnc
Adr: true
AdrAcKReq: false
Ack: false
Fcnt: 588
Port: 85
Modulation: LORA
Bandwidth: 125
SpreadFactor: 7
Bitrate: 0
CodeRate: 4/5
SNR: 9.0
RSSI: -53
Power: -
Payload(b64): A2cSAQRofgUAAQbLAAd9MgII5g8ACXMdJwp9AQALfRAADH0QAA==
Payload(hex): 0367120104687e05000106cb00077d320208e60f0009731d270a7d01000b7d10000c7d1000
JSON: {""co2"":562,""hcho"":0.01,""humidity"":63,""light_level"":0,""pir"":1,""pm10"":16,""pm2_5"":16,""pressure"":1001.3,""temperature"":27.4,""tvoc"":15}
MIC: b2b53754"
24E124710E317752,24E124FFFEFAB29D,472900000,SF7BW125, -51/8.5,37,587,UpUnc,2026-07-15T00:47:24+08:00,"Dev Addr/Multicast Addr: 06f5800d
GwEUI: 24E124FFFEFAB29D
AppEUI: 24E124C0002A0001
Device EUI/Group Name: 24E124710E317752
Class Type: Class C
Immediately: -
Timestamp: 1534480896
Type: UpUnc
Adr: true
AdrAcKReq: false
Ack: false
Fcnt: 587
Port: 85
Modulation: LORA
Bandwidth: 125
SpreadFactor: 7
Bitrate: 0
CodeRate: 4/5
SNR: 8.5
RSSI: -51
Power: -
Payload(b64): A2cSAQRofgUAAQbLAAd9MwII5g8ACXMdJwp9AgALfRAADH0QAA==
Payload(hex): 0367120104687e05000106cb00077d330208e60f0009731d270a7d02000b7d10000c7d1000
JSON: {""co2"":563,""hcho"":0.02,""humidity"":63,""light_level"":0,""pir"":1,""pm10"":16,""pm2_5"":16,""pressure"":1001.3,""temperature"":27.4,""tvoc"":15}
MIC: 8f977f11"
24E124710E317752,24E124FFFEFAB29D,473100000,SF7BW125, -51/14.2,37,586,UpUnc,2026-07-15T00:46:24+08:00,"Dev Addr/Multicast Addr: 06f5800d
GwEUI: 24E124FFFEFAB29D
AppEUI: 24E124C0002A0001
Device EUI/Group Name: 24E124710E317752
Class Type: Class C
Immediately: -
Timestamp: 1474486940
Type: UpUnc
Adr: true
AdrAcKReq: false
Ack: false
Fcnt: 586
Port: 85
Modulation: LORA
Bandwidth: 125
SpreadFactor: 7
Bitrate: 0
CodeRate: 4/5
SNR: 14.2
RSSI: -51
Power: -
Payload(b64): A2cSAQRofgUAAQbLAAd9NQII5g8ACXMdJwp9AQALfREADH0RAA==
Payload(hex): 0367120104687e05000106cb00077d350208e60f0009731d270a7d01000b7d11000c7d1100
JSON: {""co2"":565,""hcho"":0.01,""humidity"":63,""light_level"":0,""pir"":1,""pm10"":17,""pm2_5"":17,""pressure"":1001.3,""temperature"":27.4,""tvoc"":15}
MIC: 139338c7"
24E124710E317752,24E124FFFEFAB29D,472100000,SF7BW125, -54/13.2,37,585,UpUnc,2026-07-15T00:45:24+08:00,"Dev Addr/Multicast Addr: 06f5800d
GwEUI: 24E124FFFEFAB29D
AppEUI: 24E124C0002A0001
Device EUI/Group Name: 24E124710E317752
Class Type: Class C
Immediately: -
Timestamp: 1414482941
Type: UpUnc
Adr: true
AdrAcKReq: false
Ack: false
Fcnt: 585
Port: 85
Modulation: LORA
Bandwidth: 125
SpreadFactor: 7
Bitrate: 0
CodeRate: 4/5
SNR: 13.2
RSSI: -54
Power: -
Payload(b64): A2cSAQRofgUAAQbLAAd9NgII5g8ACXMeJwp9AgALfREADH0RAA==
Payload(hex): 0367120104687e05000106cb00077d360208e60f0009731e270a7d02000b7d11000c7d1100
JSON: {""co2"":566,""hcho"":0.02,""humidity"":63,""light_level"":0,""pir"":1,""pm10"":17,""pm2_5"":17,""pressure"":1001.4,""temperature"":27.4,""tvoc"":15}
MIC: e2831193"
24E124710E317752,24E124FFFEFAB29D,472300000,SF7BW125, -53/9.5,37,584,UpUnc,2026-07-15T00:44:24+08:00,"Dev Addr/Multicast Addr: 06f5800d
GwEUI: 24E124FFFEFAB29D
AppEUI: 24E124C0002A0001
Device EUI/Group Name: 24E124710E317752
Class Type: Class C
Immediately: -
Timestamp: 1354479784
Type: UpUnc
Adr: true
AdrAcKReq: false
Ack: false
Fcnt: 584
Port: 85
Modulation: LORA
Bandwidth: 125
SpreadFactor: 7
Bitrate: 0
CodeRate: 4/5
SNR: 9.5
RSSI: -53
Power: -
Payload(b64): A2cSAQRofgUAAQbLAAd9NAII5g8ACXMeJwp9AQALfREADH0RAA==
Payload(hex): 0367120104687e05000106cb00077d340208e60f0009731e270a7d01000b7d11000c7d1100
JSON: {""co2"":564,""hcho"":0.01,""humidity"":63,""light_level"":0,""pir"":1,""pm10"":17,""pm2_5"":17,""pressure"":1001.4,""temperature"":27.4,""tvoc"":15}
MIC: 4f212f97"
24E124710E317752,24E124FFFEFAB29D,472900000,SF7BW125, -51/8.5,37,583,UpUnc,2026-07-15T00:43:24+08:00,"Dev Addr/Multicast Addr: 06f5800d
GwEUI: 24E124FFFEFAB29D
AppEUI: 24E124C0002A0001
Device EUI/Group Name: 24E124710E317752
Class Type: Class C
Immediately: -
Timestamp: 1294480920
Type: UpUnc
Adr: true
AdrAcKReq: false
Ack: false
Fcnt: 583
Port: 85
Modulation: LORA
Bandwidth: 125
SpreadFactor: 7
Bitrate: 0
CodeRate: 4/5
SNR: 8.5
RSSI: -51
Power: -
Payload(b64): A2cSAQRofgUAAQbLAAd9NwII5g8ACXMeJwp9AQALfRIADH0TAA==
Payload(hex): 0367120104687e05000106cb00077d370208e60f0009731e270a7d01000b7d12000c7d1300
JSON: {""co2"":567,""hcho"":0.01,""humidity"":63,""light_level"":0,""pir"":1,""pm10"":19,""pm2_5"":18,""pressure"":1001.4,""temperature"":27.4,""tvoc"":15}
MIC: 6cf96a10"
24E124710E317752,24E124FFFEFAB29D,473300000,SF7BW125, -51/13.8,37,582,UpUnc,2026-07-15T00:42:24+08:00,"Dev Addr/Multicast Addr: 06f5800d
GwEUI: 24E124FFFEFAB29D
AppEUI: 24E124C0002A0001
Device EUI/Group Name: 24E124710E317752
Class Type: Class C
Immediately: -
Timestamp: 1234484564
Type: UpUnc
Adr: true
AdrAcKReq: false
Ack: false
Fcnt: 582
Port: 85
Modulation: LORA
Bandwidth: 125
SpreadFactor: 7
Bitrate: 0
CodeRate: 4/5
SNR: 13.8
RSSI: -51
Power: -
Payload(b64): A2cSAQRofgUAAQbLAAd9OQII5g8ACXMdJwp9AgALfRIADH0TAA==
Payload(hex): 0367120104687e05000106cb00077d390208e60f0009731d270a7d02000b7d12000c7d1300
JSON: {""co2"":569,""hcho"":0.02,""humidity"":63,""light_level"":0,""pir"":1,""pm10"":19,""pm2_5"":18,""pressure"":1001.3,""temperature"":27.4,""tvoc"":15}
MIC: 506a7e17"
24E124710E317752,24E124FFFEFAB29D,472100000,SF7BW125, -53/13.8,37,581,UpUnc,2026-07-15T00:41:24+08:00,"Dev Addr/Multicast Addr: 06f5800d
GwEUI: 24E124FFFEFAB29D
AppEUI: 24E124C0002A0001
Device EUI/Group Name: 24E124710E317752
Class Type: Class C
Immediately: -
Timestamp: 1174487485
Type: UpUnc
Adr: true
AdrAcKReq: false
Ack: false
Fcnt: 581
Port: 85
Modulation: LORA
Bandwidth: 125
SpreadFactor: 7
Bitrate: 0
CodeRate: 4/5
SNR: 13.8
RSSI: -53
Power: -
Payload(b64): A2cSAQRofgUAAQbLAAd9PAII5g8ACXMeJwp9AQALfRIADH0TAA==
Payload(hex): 0367120104687e05000106cb00077d3c0208e60f0009731e270a7d01000b7d12000c7d1300
JSON: {""co2"":572,""hcho"":0.01,""humidity"":63,""light_level"":0,""pir"":1,""pm10"":19,""pm2_5"":18,""pressure"":1001.4,""temperature"":27.4,""tvoc"":15}
MIC: 00903072"
24E124710E317752,24E124FFFEFAB29D,472500000,SF7BW125, -53/14.0,37,580,UpUnc,2026-07-15T00:40:24+08:00,"Dev Addr/Multicast Addr: 06f5800d
GwEUI: 24E124FFFEFAB29D
AppEUI: 24E124C0002A0001
Device EUI/Group Name: 24E124710E317752
Class Type: Class C
Immediately: -
Timestamp: 1114482435
Type: UpUnc
Adr: true
AdrAcKReq: false
Ack: false
Fcnt: 580
Port: 85
Modulation: LORA
Bandwidth: 125
SpreadFactor: 7
Bitrate: 0
CodeRate: 4/5
SNR: 14.0
RSSI: -53
Power: -
Payload(b64): A2cSAQRofgUAAQbLAAd9OgII5g8ACXMdJwp9AgALfQ8ADH0QAA==
Payload(hex): 0367120104687e05000106cb00077d3a0208e60f0009731d270a7d02000b7d0f000c7d1000
JSON: {""co2"":570,""hcho"":0.02,""humidity"":63,""light_level"":0,""pir"":1,""pm10"":16,""pm2_5"":15,""pressure"":1001.3,""temperature"":27.4,""tvoc"":15}
MIC: 22cd3077"
24E124710E317752,24E124FFFEFAB29D,472700000,SF7BW125, -52/13.8,37,579,UpUnc,2026-07-15T00:39:24+08:00,"Dev Addr/Multicast Addr: 06f5800d
GwEUI: 24E124FFFEFAB29D
AppEUI: 24E124C0002A0001
Device EUI/Group Name: 24E124710E317752
Class Type: Class C
Immediately: -
Timestamp: 1054488363
Type: UpUnc
Adr: true
AdrAcKReq: false
Ack: false
Fcnt: 579
Port: 85
Modulation: LORA
Bandwidth: 125
SpreadFactor: 7
Bitrate: 0
CodeRate: 4/5
SNR: 13.8
RSSI: -52
Power: -
Payload(b64): A2cSAQRofgUAAQbLAAd9OwII5g8ACXMeJwp9AQALfQ8ADH0QAA==
Payload(hex): 0367120104687e05000106cb00077d3b0208e60f0009731e270a7d01000b7d0f000c7d1000
JSON: {""co2"":571,""hcho"":0.01,""humidity"":63,""light_level"":0,""pir"":1,""pm10"":16,""pm2_5"":15,""pressure"":1001.4,""temperature"":27.4,""tvoc"":15}
MIC: 42ed05d3"
24E124710E317752,24E124FFFEFAB29D,473300000,SF7BW125, -52/14.2,37,578,UpUnc,2026-07-15T00:38:24+08:00,"Dev Addr/Multicast Addr: 06f5800d
GwEUI: 24E124FFFEFAB29D
AppEUI: 24E124C0002A0001
Device EUI/Group Name: 24E124710E317752
Class Type: Class C
Immediately: -
Timestamp: 994485380
Type: UpUnc
Adr: true
AdrAcKReq: false
Ack: false
Fcnt: 578
Port: 85
Modulation: LORA
Bandwidth: 125
SpreadFactor: 7
Bitrate: 0
CodeRate: 4/5
SNR: 14.2
RSSI: -52
Power: -
Payload(b64): A2cSAQRofgUAAQbLAAd9OwII5g8ACXMeJwp9AQALfQ8ADH0QAA==
Payload(hex): 0367120104687e05000106cb00077d3b0208e60f0009731e270a7d01000b7d0f000c7d1000
JSON: {""co2"":571,""hcho"":0.01,""humidity"":63,""light_level"":0,""pir"":1,""pm10"":16,""pm2_5"":15,""pressure"":1001.4,""temperature"":27.4,""tvoc"":15}
MIC: 5663b287"
24E124710E317752,24E124FFFEFAB29D,472100000,SF7BW125, -53/14.0,37,577,UpUnc,2026-07-15T00:37:24+08:00,"Dev Addr/Multicast Addr: 06f5800d
GwEUI: 24E124FFFEFAB29D
AppEUI: 24E124C0002A0001
Device EUI/Group Name: 24E124710E317752
Class Type: Class C
Immediately: -
Timestamp: 934480218
Type: UpUnc
Adr: true
AdrAcKReq: false
Ack: false
Fcnt: 577
Port: 85
Modulation: LORA
Bandwidth: 125
SpreadFactor: 7
Bitrate: 0
CodeRate: 4/5
SNR: 14.0
RSSI: -53
Power: -
Payload(b64): A2cSAQRofgUAAQbLAAd9PAII5g8ACXMdJwp9AgALfQ8ADH0PAA==
Payload(hex): 0367120104687e05000106cb00077d3c0208e60f0009731d270a7d02000b7d0f000c7d0f00
JSON: {""co2"":572,""hcho"":0.02,""humidity"":63,""light_level"":0,""pir"":1,""pm10"":15,""pm2_5"":15,""pressure"":1001.3,""temperature"":27.4,""tvoc"":15}
MIC: ebda9270"
24E124710E317752,24E124FFFEFAB29D,472500000,SF7BW125, -53/14.0,37,576,UpUnc,2026-07-15T00:36:24+08:00,"Dev Addr/Multicast Addr: 06f5800d
GwEUI: 24E124FFFEFAB29D
AppEUI: 24E124C0002A0001
Device EUI/Group Name: 24E124710E317752
Class Type: Class C
Immediately: -
Timestamp: 874483131
Type: UpUnc
Adr: true
AdrAcKReq: false
Ack: false
Fcnt: 576
Port: 85
Modulation: LORA
Bandwidth: 125
SpreadFactor: 7
Bitrate: 0
CodeRate: 4/5
SNR: 14.0
RSSI: -53
Power: -
Payload(b64): A2cSAQRofgUAAQbLAAd9PgII5g8ACXMeJwp9AQALfQ8ADH0PAA==
Payload(hex): 0367120104687e05000106cb00077d3e0208e60f0009731e270a7d01000b7d0f000c7d0f00
JSON: {""co2"":574,""hcho"":0.01,""humidity"":63,""light_level"":0,""pir"":1,""pm10"":15,""pm2_5"":15,""pressure"":1001.4,""temperature"":27.4,""tvoc"":15}
MIC: 1963e6a3"
24E124710E317752,24E124FFFEFAB29D,472900000,SF7BW125, -51/9.0,37,575,UpUnc,2026-07-15T00:35:24+08:00,"Dev Addr/Multicast Addr: 06f5800d
GwEUI: 24E124FFFEFAB29D
AppEUI: 24E124C0002A0001
Device EUI/Group Name: 24E124710E317752
Class Type: Class C
Immediately: -
Timestamp: 814484197
Type: UpUnc
Adr: true
AdrAcKReq: false
Ack: false
Fcnt: 575
Port: 85
Modulation: LORA
Bandwidth: 125
SpreadFactor: 7
Bitrate: 0
CodeRate: 4/5
SNR: 9.0
RSSI: -51
Power: -
Payload(b64): A2cSAQRofgUAAQbLAAd9PAII5g8ACXMeJwp9AgALfQ8ADH0PAA==
Payload(hex): 0367120104687e05000106cb00077d3c0208e60f0009731e270a7d02000b7d0f000c7d0f00
JSON: {""co2"":572,""hcho"":0.02,""humidity"":63,""light_level"":0,""pir"":1,""pm10"":15,""pm2_5"":15,""pressure"":1001.4,""temperature"":27.4,""tvoc"":15}
MIC: 1511c71d"
24E124710E317752,24E124FFFEFAB29D,473300000,SF7BW125, -52/14.2,37,574,UpUnc,2026-07-15T00:34:24+08:00,"Dev Addr/Multicast Addr: 06f5800d
GwEUI: 24E124FFFEFAB29D
AppEUI: 24E124C0002A0001
Device EUI/Group Name: 24E124710E317752
Class Type: Class C
Immediately: -
Timestamp: 754489027
Type: UpUnc
Adr: true
AdrAcKReq: false
Ack: false
Fcnt: 574
Port: 85
Modulation: LORA
Bandwidth: 125
SpreadFactor: 7
Bitrate: 0
CodeRate: 4/5
SNR: 14.2
RSSI: -52
Power: -
Payload(b64): A2cSAQRofgUAAQbLAAd9PgII5g8ACXMeJwp9AQALfREADH0RAA==
Payload(hex): 0367120104687e05000106cb00077d3e0208e60f0009731e270a7d01000b7d11000c7d1100
JSON: {""co2"":574,""hcho"":0.01,""humidity"":63,""light_level"":0,""pir"":1,""pm10"":17,""pm2_5"":17,""pressure"":1001.4,""temperature"":27.4,""tvoc"":15}
MIC: 3894f14b"
24E124710E317752,24E124FFFEFAB29D,471900000,SF7BW125, -55/14.0,37,573,UpUnc,2026-07-15T00:33:24+08:00,"Dev Addr/Multicast Addr: 06f5800d
GwEUI: 24E124FFFEFAB29D
AppEUI: 24E124C0002A0001
Device EUI/Group Name: 24E124710E317752
Class Type: Class C
Immediately: -
Timestamp: 694482953
Type: UpUnc
Adr: true
AdrAcKReq: false
Ack: false
Fcnt: 573
Port: 85
Modulation: LORA
Bandwidth: 125
SpreadFactor: 7
Bitrate: 0
CodeRate: 4/5
SNR: 14.0
RSSI: -55
Power: -
Payload(b64): A2cSAQRofgUAAQbLAAd9PQII5g8ACXMeJwp9AQALfREADH0RAA==
Payload(hex): 0367120104687e05000106cb00077d3d0208e60f0009731e270a7d01000b7d11000c7d1100
JSON: {""co2"":573,""hcho"":0.01,""humidity"":63,""light_level"":0,""pir"":1,""pm10"":17,""pm2_5"":17,""pressure"":1001.4,""temperature"":27.4,""tvoc"":15}
MIC: 6e5c71ea"
24E124710E317752,24E124FFFEFAB29D,472300000,SF7BW125, -53/11.0,37,572,UpUnc,2026-07-15T00:32:24+08:00,"Dev Addr/Multicast Addr: 06f5800d
GwEUI: 24E124FFFEFAB29D
AppEUI: 24E124C0002A0001
Device EUI/Group Name: 24E124710E317752
Class Type: Class C
Immediately: -
Timestamp: 634491171
Type: UpUnc
Adr: true
AdrAcKReq: false
Ack: false
Fcnt: 572
Port: 85
Modulation: LORA
Bandwidth: 125
SpreadFactor: 7
Bitrate: 0
CodeRate: 4/5
SNR: 11.0
RSSI: -53
Power: -
Payload(b64): A2cSAQRofgUAAQbLAAd9OwII5g8ACXMdJwp9AgALfREADH0RAA==
Payload(hex): 0367120104687e05000106cb00077d3b0208e60f0009731d270a7d02000b7d11000c7d1100
JSON: {""co2"":571,""hcho"":0.02,""humidity"":63,""light_level"":0,""pir"":1,""pm10"":17,""pm2_5"":17,""pressure"":1001.3,""temperature"":27.4,""tvoc"":15}
MIC: 56a850e9"
24E124710E317752,24E124FFFEFAB29D,472900000,SF7BW125, -51/8.2,37,571,UpUnc,2026-07-15T00:31:24+08:00,"Dev Addr/Multicast Addr: 06f5800d
GwEUI: 24E124FFFEFAB29D
AppEUI: 24E124C0002A0001
Device EUI/Group Name: 24E124710E317752
Class Type: Class C
Immediately: -
Timestamp: 574483817
Type: UpUnc
Adr: true
AdrAcKReq: false
Ack: false
Fcnt: 571
Port: 85
Modulation: LORA
Bandwidth: 125
SpreadFactor: 7
Bitrate: 0
CodeRate: 4/5
SNR: 8.2
RSSI: -51
Power: -
Payload(b64): A2cSAQRofgUAAQbLAAd9PAII5g8ACXMdJwp9AQALfQwADH0MAA==
Payload(hex): 0367120104687e05000106cb00077d3c0208e60f0009731d270a7d01000b7d0c000c7d0c00
JSON: {""co2"":572,""hcho"":0.01,""humidity"":63,""light_level"":0,""pir"":1,""pm10"":12,""pm2_5"":12,""pressure"":1001.3,""temperature"":27.4,""tvoc"":15}
MIC: 2fb26189"
24E124710E317752,24E124FFFEFAB29D,473300000,SF7BW125, -52/14.5,37,570,UpUnc,2026-07-15T00:30:24+08:00,"Dev Addr/Multicast Addr: 06f5800d
GwEUI: 24E124FFFEFAB29D
AppEUI: 24E124C0002A0001
Device EUI/Group Name: 24E124710E317752
Class Type: Class C
Immediately: -
Timestamp: 514482752
Type: UpUnc
Adr: true
AdrAcKReq: false
Ack: false
Fcnt: 570
Port: 85
Modulation: LORA
Bandwidth: 125
SpreadFactor: 7
Bitrate: 0
CodeRate: 4/5
SNR: 14.5
RSSI: -52
Power: -
Payload(b64): A2cSAQRofgUAAQbLAAd9PQII5g8ACXMeJwp9AgALfQwADH0MAA==
Payload(hex): 0367120104687e05000106cb00077d3d0208e60f0009731e270a7d02000b7d0c000c7d0c00
JSON: {""co2"":573,""hcho"":0.02,""humidity"":63,""light_level"":0,""pir"":1,""pm10"":12,""pm2_5"":12,""pressure"":1001.4,""temperature"":27.4,""tvoc"":15}
MIC: be025b2b"
24E124710E317752,24E124FFFEFAB29D,471900000,SF7BW125, -55/14.2,37,569,UpUnc,2026-07-15T00:29:24+08:00,"Dev Addr/Multicast Addr: 06f5800d
GwEUI: 24E124FFFEFAB29D
AppEUI: 24E124C0002A0001
Device EUI/Group Name: 24E124710E317752
Class Type: Class C
Immediately: -
Timestamp: 454487803
Type: UpUnc
Adr: true
AdrAcKReq: false
Ack: false
Fcnt: 569
Port: 85
Modulation: LORA
Bandwidth: 125
SpreadFactor: 7
Bitrate: 0
CodeRate: 4/5
SNR: 14.2
RSSI: -55
Power: -
Payload(b64): A2cSAQRofgUAAQbLAAd9OwII5g8ACXMeJwp9AQALfQwADH0MAA==
Payload(hex): 0367120104687e05000106cb00077d3b0208e60f0009731e270a7d01000b7d0c000c7d0c00
JSON: {""co2"":571,""hcho"":0.01,""humidity"":63,""light_level"":0,""pir"":1,""pm10"":12,""pm2_5"":12,""pressure"":1001.4,""temperature"":27.4,""tvoc"":15}
MIC: d976af43"
24E124710E317752,24E124FFFEFAB29D,472500000,SF7BW125, -53/14.2,37,568,UpUnc,2026-07-15T00:28:24+08:00,"Dev Addr/Multicast Addr: 06f5800d
GwEUI: 24E124FFFEFAB29D
AppEUI: 24E124C0002A0001
Device EUI/Group Name: 24E124710E317752
Class Type: Class C
Immediately: -
Timestamp: 394483624
Type: UpUnc
Adr: true
AdrAcKReq: false
Ack: false
Fcnt: 568
Port: 85
Modulation: LORA
Bandwidth: 125
SpreadFactor: 7
Bitrate: 0
CodeRate: 4/5
SNR: 14.2
RSSI: -53
Power: -
Payload(b64): A2cSAQRofgUAAQbLAAd9OQII5g8ACXMdJwp9AQALfQ0ADH0NAA==
Payload(hex): 0367120104687e05000106cb00077d390208e60f0009731d270a7d01000b7d0d000c7d0d00
JSON: {""co2"":569,""hcho"":0.01,""humidity"":63,""light_level"":0,""pir"":1,""pm10"":13,""pm2_5"":13,""pressure"":1001.3,""temperature"":27.4,""tvoc"":15}
MIC: ff41a15a"
24E124710E317752,24E124FFFEFAB29D,472700000,SF7BW125, -53/14.0,37,567,UpUnc,2026-07-15T00:27:24+08:00,"Dev Addr/Multicast Addr: 06f5800d
GwEUI: 24E124FFFEFAB29D
AppEUI: 24E124C0002A0001
Device EUI/Group Name: 24E124710E317752
Class Type: Class C
Immediately: -
Timestamp: 334489551
Type: UpUnc
Adr: true
AdrAcKReq: false
Ack: false
Fcnt: 567
Port: 85
Modulation: LORA
Bandwidth: 125
SpreadFactor: 7
Bitrate: 0
CodeRate: 4/5
SNR: 14.0
RSSI: -53
Power: -
Payload(b64): A2cRAQRofgUAAQbLAAd9OgII5g8ACXMdJwp9AgALfQ0ADH0NAA==
Payload(hex): 0367110104687e05000106cb00077d3a0208e60f0009731d270a7d02000b7d0d000c7d0d00
JSON: {""co2"":570,""hcho"":0.02,""humidity"":63,""light_level"":0,""pir"":1,""pm10"":13,""pm2_5"":13,""pressure"":1001.3,""temperature"":27.3,""tvoc"":15}
MIC: 9b5ba2f4"
24E124710E317752,24E124FFFEFAB29D,473100000,SF7BW125, -51/13.8,37,566,UpUnc,2026-07-15T00:26:24+08:00,"Dev Addr/Multicast Addr: 06f5800d
GwEUI: 24E124FFFEFAB29D
AppEUI: 24E124C0002A0001
Device EUI/Group Name: 24E124710E317752
Class Type: Class C
Immediately: -
Timestamp: 274486604
Type: UpUnc
Adr: true
AdrAcKReq: false
Ack: false
Fcnt: 566
Port: 85
Modulation: LORA
Bandwidth: 125
SpreadFactor: 7
Bitrate: 0
CodeRate: 4/5
SNR: 13.8
RSSI: -51
Power: -
Payload(b64): A2cSAQRofgUAAQbLAAd9PAII5g8ACXMdJwp9AQALfQ0ADH0NAA==
Payload(hex): 0367120104687e05000106cb00077d3c0208e60f0009731d270a7d01000b7d0d000c7d0d00
JSON: {""co2"":572,""hcho"":0.01,""humidity"":63,""light_level"":0,""pir"":1,""pm10"":13,""pm2_5"":13,""pressure"":1001.3,""temperature"":27.4,""tvoc"":15}
MIC: eaf1fc7e"
24E124710E317752,24E124FFFEFAB29D,472100000,SF7BW125, -54/13.5,37,565,UpUnc,2026-07-15T00:25:24+08:00,"Dev Addr/Multicast Addr: 06f5800d
GwEUI: 24E124FFFEFAB29D
AppEUI: 24E124C0002A0001
Device EUI/Group Name: 24E124710E317752
Class Type: Class C
Immediately: -
Timestamp: 214491412
Type: UpUnc
Adr: true
AdrAcKReq: false
Ack: false
Fcnt: 565
Port: 85
Modulation: LORA
Bandwidth: 125
SpreadFactor: 7
Bitrate: 0
CodeRate: 4/5
SNR: 13.5
RSSI: -54
Power: -
Payload(b64): A2cSAQRofgUAAQbLAAd9OwII5g8ACXMdJwp9AgALfRAADH0QAA==
Payload(hex): 0367120104687e05000106cb00077d3b0208e60f0009731d270a7d02000b7d10000c7d1000
JSON: {""co2"":571,""hcho"":0.02,""humidity"":63,""light_level"":0,""pir"":1,""pm10"":16,""pm2_5"":16,""pressure"":1001.3,""temperature"":27.4,""tvoc"":15}
MIC: 2f294a48"
24E124710E317752,24E124FFFEFAB29D,472300000,SF7BW125, -53/11.0,37,564,UpUnc,2026-07-15T00:24:24+08:00,"Dev Addr/Multicast Addr: 06f5800d
GwEUI: 24E124FFFEFAB29D
AppEUI: 24E124C0002A0001
Device EUI/Group Name: 24E124710E317752
Class Type: Class C
Immediately: -
Timestamp: 154485353
Type: UpUnc
Adr: true
AdrAcKReq: false
Ack: false
Fcnt: 564
Port: 85
Modulation: LORA
Bandwidth: 125
SpreadFactor: 7
Bitrate: 0
CodeRate: 4/5
SNR: 11.0
RSSI: -53
Power: -
Payload(b64): A2cRAQRofgUAAQbLAAd9OwII5g8ACXMdJwp9AQALfRAADH0QAA==
Payload(hex): 0367110104687e05000106cb00077d3b0208e60f0009731d270a7d01000b7d10000c7d1000
JSON: {""co2"":571,""hcho"":0.01,""humidity"":63,""light_level"":0,""pir"":1,""pm10"":16,""pm2_5"":16,""pressure"":1001.3,""temperature"":27.3,""tvoc"":15}
MIC: fa511447"
24E124710E317752,24E124FFFEFAB29D,472700000,SF7BW125, -53/14.0,37,563,UpUnc,2026-07-15T00:23:24+08:00,"Dev Addr/Multicast Addr: 06f5800d
GwEUI: 24E124FFFEFAB29D
AppEUI: 24E124C0002A0001
Device EUI/Group Name: 24E124710E317752
Class Type: Class C
Immediately: -
Timestamp: 94490276
Type: UpUnc
Adr: true
AdrAcKReq: false
Ack: false
Fcnt: 563
Port: 85
Modulation: LORA
Bandwidth: 125
SpreadFactor: 7
Bitrate: 0
CodeRate: 4/5
SNR: 14.0
RSSI: -53
Power: -
Payload(b64): A2cSAQRofgUAAQbLAAd9OgII5g8ACXMdJwp9AQALfRAADH0QAA==
Payload(hex): 0367120104687e05000106cb00077d3a0208e60f0009731d270a7d01000b7d10000c7d1000
JSON: {""co2"":570,""hcho"":0.01,""humidity"":63,""light_level"":0,""pir"":1,""pm10"":16,""pm2_5"":16,""pressure"":1001.3,""temperature"":27.4,""tvoc"":15}
MIC: 29d8901b"
24E124710E317752,24E124FFFEFAB29D,473300000,SF7BW125, -52/13.8,37,562,UpUnc,2026-07-15T00:22:24+08:00,"Dev Addr/Multicast Addr: 06f5800d
GwEUI: 24E124FFFEFAB29D
AppEUI: 24E124C0002A0001
Device EUI/Group Name: 24E124710E317752
Class Type: Class C
Immediately: -
Timestamp: 34490504
Type: UpUnc
Adr: true
AdrAcKReq: false
Ack: false
Fcnt: 562
Port: 85
Modulation: LORA
Bandwidth: 125
SpreadFactor: 7
Bitrate: 0
CodeRate: 4/5
SNR: 13.8
RSSI: -52
Power: -
Payload(b64): A2cRAQRofgUAAAbLAAd9OQII5g8ACXMeJwp9AgALfQ4ADH0OAA==
Payload(hex): 0367110104687e05000006cb00077d390208e60f0009731e270a7d02000b7d0e000c7d0e00
JSON: {""co2"":569,""hcho"":0.02,""humidity"":63,""light_level"":0,""pir"":0,""pm10"":14,""pm2_5"":14,""pressure"":1001.4,""temperature"":27.3,""tvoc"":15}
MIC: 99e4732d"
24E124710E317752,24E124FFFEFAB29D,472100000,SF7BW125, -54/13.8,37,561,UpUnc,2026-07-15T00:21:24+08:00,"Dev Addr/Multicast Addr: 06f5800d
GwEUI: 24E124FFFEFAB29D
AppEUI: 24E124C0002A0001
Device EUI/Group Name: 24E124710E317752
Class Type: Class C
Immediately: -
Timestamp: 4269450523
Type: UpUnc
Adr: true
AdrAcKReq: false
Ack: false
Fcnt: 561
Port: 85
Modulation: LORA
Bandwidth: 125
SpreadFactor: 7
Bitrate: 0
CodeRate: 4/5
SNR: 13.8
RSSI: -54
Power: -
Payload(b64): A2cSAQRofgUAAQbLAAd9OQII5g8ACXMeJwp9AQALfQ4ADH0OAA==
Payload(hex): 0367120104687e05000106cb00077d390208e60f0009731e270a7d01000b7d0e000c7d0e00
JSON: {""co2"":569,""hcho"":0.01,""humidity"":63,""light_level"":0,""pir"":1,""pm10"":14,""pm2_5"":14,""pressure"":1001.4,""temperature"":27.4,""tvoc"":15}
MIC: 0db1e44c"
24E124710E317752,24E124FFFEFAB29D,472500000,SF7BW125, -53/13.8,37,560,UpUnc,2026-07-15T00:20:24+08:00,"Dev Addr/Multicast Addr: 06f5800d
GwEUI: 24E124FFFEFAB29D
AppEUI: 24E124C0002A0001
Device EUI/Group Name: 24E124710E317752
Class Type: Class C
Immediately: -
Timestamp: 4209452481
Type: UpUnc
Adr: true
AdrAcKReq: false
Ack: false
Fcnt: 560
Port: 85
Modulation: LORA
Bandwidth: 125
SpreadFactor: 7
Bitrate: 0
CodeRate: 4/5
SNR: 13.8
RSSI: -53
Power: -
Payload(b64): A2cRAQRofgUAAQbLAAd9OQII5g8ACXMdJwp9AgALfQ4ADH0OAA==
Payload(hex): 0367110104687e05000106cb00077d390208e60f0009731d270a7d02000b7d0e000c7d0e00
JSON: {""co2"":569,""hcho"":0.02,""humidity"":63,""light_level"":0,""pir"":1,""pm10"":14,""pm2_5"":14,""pressure"":1001.3,""temperature"":27.3,""tvoc"":15}
MIC: 262c7753"
24E124710E317752,24E124FFFEFAB29D,501900000,SF7BW125, -/-,0,20,DnUnc,2026-07-15T00:19:30+08:00,"Dev Addr/Multicast Addr: 06f5800d
GwEUI: 24E124FFFEFAB29D
AppEUI: 24E124C0002A0001
Device EUI/Group Name: 24E124710E317752
Class Type: Class C
Immediately: false
Timestamp: 4156705455
Type: DnUnc
Adr: true
AdrAcKReq: false
Ack: false
Fcnt: 20
Port: -
Modulation: LORA
Bandwidth: 125
SpreadFactor: 7
Bitrate: 0
CodeRate: 4/5
SNR: -
RSSI: -
Power: 20
Payload(b64): 
Payload(hex): 
JSON: 
MIC: 05e09300"
24E124710E317752,24E124FFFEFAB29D,471900000,SF7BW125, -55/14.2,0,559,UpUnc,2026-07-15T00:19:30+08:00,"Dev Addr/Multicast Addr: 06f5800d
GwEUI: 24E124FFFEFAB29D
AppEUI: 24E124C0002A0001
Device EUI/Group Name: 24E124710E317752
Class Type: Class C
Immediately: -
Timestamp: 4155705455
Type: UpUnc
Adr: true
AdrAcKReq: false
Ack: false
Fcnt: 559
Port: 0
Modulation: LORA
Bandwidth: 125
SpreadFactor: 7
Bitrate: 0
CodeRate: 4/5
SNR: 14.2
RSSI: -55
Power: -
Payload(b64): 
Payload(hex): 
JSON: 
MIC: f2a55fcb"
24E124710E317752,24E124FFFEFAB29D,472100000,SF7BW125, -54/13.5,37,558,UpUnc,2026-07-15T00:19:24+08:00,"Dev Addr/Multicast Addr: 06f5800d
GwEUI: 24E124FFFEFAB29D
AppEUI: 24E124C0002A0001
Device EUI/Group Name: 24E124710E317752
Class Type: Class C
Immediately: -
Timestamp: 4149450438
Type: UpUnc
Adr: true
AdrAcKReq: false
Ack: false
Fcnt: 558
Port: 85
Modulation: LORA
Bandwidth: 125
SpreadFactor: 7
Bitrate: 0
CodeRate: 4/5
SNR: 13.5
RSSI: -54
Power: -
Payload(b64): A2cRAQRofgUAAQbLAAd9OAII5g8ACXMdJwp9AQALfRIADH0SAA==
Payload(hex): 0367110104687e05000106cb00077d380208e60f0009731d270a7d01000b7d12000c7d1200
JSON: {""co2"":568,""hcho"":0.01,""humidity"":63,""light_level"":0,""pir"":1,""pm10"":18,""pm2_5"":18,""pressure"":1001.3,""temperature"":27.3,""tvoc"":15}
MIC: e8854bdb"
24E124710E317752,24E124FFFEFAB29D,472700000,SF7BW125, -53/14.0,37,557,UpUnc,2026-07-15T00:18:24+08:00,"Dev Addr/Multicast Addr: 06f5800d
GwEUI: 24E124FFFEFAB29D
AppEUI: 24E124C0002A0001
Device EUI/Group Name: 24E124710E317752
Class Type: Class C
Immediately: -
Timestamp: 4089455357
Type: UpUnc
Adr: true
AdrAcKReq: false
Ack: false
Fcnt: 557
Port: 85
Modulation: LORA
Bandwidth: 125
SpreadFactor: 7
Bitrate: 0
CodeRate: 4/5
SNR: 14.0
RSSI: -53
Power: -
Payload(b64): A2cRAQRofgUAAQbLAAd9OAII5g8ACXMdJwp9AQALfRIADH0SAA==
Payload(hex): 0367110104687e05000106cb00077d380208e60f0009731d270a7d01000b7d12000c7d1200
JSON: {""co2"":568,""hcho"":0.01,""humidity"":63,""light_level"":0,""pir"":1,""pm10"":18,""pm2_5"":18,""pressure"":1001.3,""temperature"":27.3,""tvoc"":15}
MIC: be524ccd"
24E124710E317752,24E124FFFEFAB29D,473100000,SF7BW125, -51/14.0,37,556,UpUnc,2026-07-15T00:17:24+08:00,"Dev Addr/Multicast Addr: 06f5800d
GwEUI: 24E124FFFEFAB29D
AppEUI: 24E124C0002A0001
Device EUI/Group Name: 24E124710E317752
Class Type: Class C
Immediately: -
Timestamp: 4029459229
Type: UpUnc
Adr: true
AdrAcKReq: false
Ack: false
Fcnt: 556
Port: 85
Modulation: LORA
Bandwidth: 125
SpreadFactor: 7
Bitrate: 0
CodeRate: 4/5
SNR: 14.0
RSSI: -51
Power: -
Payload(b64): A2cRAQRofgUAAQbLAAd9OgII5g8ACXMeJwp9AgALfRIADH0SAA==
Payload(hex): 0367110104687e05000106cb00077d3a0208e60f0009731e270a7d02000b7d12000c7d1200
JSON: {""co2"":570,""hcho"":0.02,""humidity"":63,""light_level"":0,""pir"":1,""pm10"":18,""pm2_5"":18,""pressure"":1001.4,""temperature"":27.3,""tvoc"":15}
MIC: 0c3d5d75"
24E124710E317752,24E124FFFEFAB29D,473300000,SF7BW125, -52/13.8,37,555,UpUnc,2026-07-15T00:16:24+08:00,"Dev Addr/Multicast Addr: 06f5800d
GwEUI: 24E124FFFEFAB29D
AppEUI: 24E124C0002A0001
Device EUI/Group Name: 24E124710E317752
Class Type: Class C
Immediately: -
Timestamp: 3969454103
Type: UpUnc
Adr: true
AdrAcKReq: false
Ack: false
Fcnt: 555
Port: 85
Modulation: LORA
Bandwidth: 125
SpreadFactor: 7
Bitrate: 0
CodeRate: 4/5
SNR: 13.8
RSSI: -52
Power: -
Payload(b64): A2cRAQRofgUAAQbLAAd9OgII5g8ACXMdJwp9AQALfQwADH0MAA==
Payload(hex): 0367110104687e05000106cb00077d3a0208e60f0009731d270a7d01000b7d0c000c7d0c00
JSON: {""co2"":570,""hcho"":0.01,""humidity"":63,""light_level"":0,""pir"":1,""pm10"":12,""pm2_5"":12,""pressure"":1001.3,""temperature"":27.3,""tvoc"":15}
MIC: fc74f288"
24E124710E317752,24E124FFFEFAB29D,472100000,SF7BW125, -54/14.0,37,554,UpUnc,2026-07-15T00:15:24+08:00,"Dev Addr/Multicast Addr: 06f5800d
GwEUI: 24E124FFFEFAB29D
AppEUI: 24E124C0002A0001
Device EUI/Group Name: 24E124710E317752
Class Type: Class C
Immediately: -
Timestamp: 3909459038
Type: UpUnc
Adr: true
AdrAcKReq: false
Ack: false
Fcnt: 554
Port: 85
Modulation: LORA
Bandwidth: 125
SpreadFactor: 7
Bitrate: 0
CodeRate: 4/5
SNR: 14.0
RSSI: -54
Power: -
Payload(b64): A2cRAQRofQUAAQbLAAd9OgII5g8ACXMdJwp9AgALfQwADH0MAA==
Payload(hex): 0367110104687d05000106cb00077d3a0208e60f0009731d270a7d02000b7d0c000c7d0c00
JSON: {""co2"":570,""hcho"":0.02,""humidity"":62.5,""light_level"":0,""pir"":1,""pm10"":12,""pm2_5"":12,""pressure"":1001.3,""temperature"":27.3,""tvoc"":15}
MIC: 56b535ad"
24E124710E317752,24E124FFFEFAB29D,472700000,SF7BW125, -53/13.8,37,553,UpUnc,2026-07-15T00:14:24+08:00,"Dev Addr/Multicast Addr: 06f5800d
GwEUI: 24E124FFFEFAB29D
AppEUI: 24E124C0002A0001
Device EUI/Group Name: 24E124710E317752
Class Type: Class C
Immediately: -
Timestamp: 3849453973
Type: UpUnc
Adr: true
AdrAcKReq: false
Ack: false
Fcnt: 553
Port: 85
Modulation: LORA
Bandwidth: 125
SpreadFactor: 7
Bitrate: 0
CodeRate: 4/5
SNR: 13.8
RSSI: -53
Power: -
Payload(b64): A2cRAQRofQUAAQbLAAd9OQII5g8ACXMdJwp9AQALfQwADH0MAA==
Payload(hex): 0367110104687d05000106cb00077d390208e60f0009731d270a7d01000b7d0c000c7d0c00
JSON: {""co2"":569,""hcho"":0.01,""humidity"":62.5,""light_level"":0,""pir"":1,""pm10"":12,""pm2_5"":12,""pressure"":1001.3,""temperature"":27.3,""tvoc"":15}
MIC: 4b0b7934"
24E124710E317752,24E124FFFEFAB29D,472900000,SF7BW125, -51/9.2,37,552,UpUnc,2026-07-15T00:13:24+08:00,"Dev Addr/Multicast Addr: 06f5800d
GwEUI: 24E124FFFEFAB29D
AppEUI: 24E124C0002A0001
Device EUI/Group Name: 24E124710E317752
Class Type: Class C
Immediately: -
Timestamp: 3789458904
Type: UpUnc
Adr: true
AdrAcKReq: false
Ack: false
Fcnt: 552
Port: 85
Modulation: LORA
Bandwidth: 125
SpreadFactor: 7
Bitrate: 0
CodeRate: 4/5
SNR: 9.2
RSSI: -51
Power: -
Payload(b64): A2cRAQRofQUAAQbLAAd9OAII5g8ACXMeJwp9AQALfRAADH0RAA==
Payload(hex): 0367110104687d05000106cb00077d380208e60f0009731e270a7d01000b7d10000c7d1100
JSON: {""co2"":568,""hcho"":0.01,""humidity"":62.5,""light_level"":0,""pir"":1,""pm10"":17,""pm2_5"":16,""pressure"":1001.4,""temperature"":27.3,""tvoc"":15}
MIC: b5d0e17c"
24E124710E317752,24E124FFFEFAB29D,471900000,SF7BW125, -55/14.0,37,551,UpUnc,2026-07-15T00:12:24+08:00,"Dev Addr/Multicast Addr: 06f5800d
GwEUI: 24E124FFFEFAB29D
AppEUI: 24E124C0002A0001
Device EUI/Group Name: 24E124710E317752
Class Type: Class C
Immediately: -
Timestamp: 3729452877
Type: UpUnc
Adr: true
AdrAcKReq: false
Ack: false
Fcnt: 551
Port: 85
Modulation: LORA
Bandwidth: 125
SpreadFactor: 7
Bitrate: 0
CodeRate: 4/5
SNR: 14.0
RSSI: -55
Power: -
Payload(b64): A2cRAQRofQUAAQbLAAd9OQII5g8ACXMdJwp9AgALfRAADH0RAA==
Payload(hex): 0367110104687d05000106cb00077d390208e60f0009731d270a7d02000b7d10000c7d1100
JSON: {""co2"":569,""hcho"":0.02,""humidity"":62.5,""light_level"":0,""pir"":1,""pm10"":17,""pm2_5"":16,""pressure"":1001.3,""temperature"":27.3,""tvoc"":15}
MIC: dc0ad2fa"
24E124710E317752,24E124FFFEFAB29D,472100000,SF7BW125, -54/14.2,37,550,UpUnc,2026-07-15T00:11:24+08:00,"Dev Addr/Multicast Addr: 06f5800d
GwEUI: 24E124FFFEFAB29D
AppEUI: 24E124C0002A0001
Device EUI/Group Name: 24E124710E317752
Class Type: Class C
Immediately: -
Timestamp: 3669462922
Type: UpUnc
Adr: true
AdrAcKReq: false
Ack: false
Fcnt: 550
Port: 85
Modulation: LORA
Bandwidth: 125
SpreadFactor: 7
Bitrate: 0
CodeRate: 4/5
SNR: 14.2
RSSI: -54
Power: -
Payload(b64): A2cRAQRofQUAAQbLAAd9OwII5g8ACXMeJwp9AQALfRAADH0RAA==
Payload(hex): 0367110104687d05000106cb00077d3b0208e60f0009731e270a7d01000b7d10000c7d1100
JSON: {""co2"":571,""hcho"":0.01,""humidity"":62.5,""light_level"":0,""pir"":1,""pm10"":17,""pm2_5"":16,""pressure"":1001.4,""temperature"":27.3,""tvoc"":15}
MIC: 339e470a"
24E124710E317752,24E124FFFEFAB29D,472500000,SF7BW125, -53/13.8,37,549,UpUnc,2026-07-15T00:10:24+08:00,"Dev Addr/Multicast Addr: 06f5800d
GwEUI: 24E124FFFEFAB29D
AppEUI: 24E124C0002A0001
Device EUI/Group Name: 24E124710E317752
Class Type: Class C
Immediately: -
Timestamp: 3609457754
Type: UpUnc
Adr: true
AdrAcKReq: false
Ack: false
Fcnt: 549
Port: 85
Modulation: LORA
Bandwidth: 125
SpreadFactor: 7
Bitrate: 0
CodeRate: 4/5
SNR: 13.8
RSSI: -53
Power: -
Payload(b64): A2cRAQRofQUAAQbLAAd9OwII5g8ACXMeJwp9AgALfQ8ADH0PAA==
Payload(hex): 0367110104687d05000106cb00077d3b0208e60f0009731e270a7d02000b7d0f000c7d0f00
JSON: {""co2"":571,""hcho"":0.02,""humidity"":62.5,""light_level"":0,""pir"":1,""pm10"":15,""pm2_5"":15,""pressure"":1001.4,""temperature"":27.3,""tvoc"":15}
MIC: ecacef41"
24E124710E317752,24E124FFFEFAB29D,472900000,SF7BW125, -51/9.5,37,548,UpUnc,2026-07-15T00:09:24+08:00,"Dev Addr/Multicast Addr: 06f5800d
GwEUI: 24E124FFFEFAB29D
AppEUI: 24E124C0002A0001
Device EUI/Group Name: 24E124710E317752
Class Type: Class C
Immediately: -
Timestamp: 3549452729
Type: UpUnc
Adr: true
AdrAcKReq: false
Ack: false
Fcnt: 548
Port: 85
Modulation: LORA
Bandwidth: 125
SpreadFactor: 7
Bitrate: 0
CodeRate: 4/5
SNR: 9.5
RSSI: -51
Power: -
Payload(b64): A2cRAQRofQUAAQbLAAd9PwII5g8ACXMdJwp9AQALfQ8ADH0PAA==
Payload(hex): 0367110104687d05000106cb00077d3f0208e60f0009731d270a7d01000b7d0f000c7d0f00
JSON: {""co2"":575,""hcho"":0.01,""humidity"":62.5,""light_level"":0,""pir"":1,""pm10"":15,""pm2_5"":15,""pressure"":1001.3,""temperature"":27.3,""tvoc"":15}
MIC: 633b3dee"
24E124710E317752,24E124FFFEFAB29D,473300000,SF7BW125, -52/14.0,37,547,UpUnc,2026-07-15T00:08:24+08:00,"Dev Addr/Multicast Addr: 06f5800d
GwEUI: 24E124FFFEFAB29D
AppEUI: 24E124C0002A0001
Device EUI/Group Name: 24E124710E317752
Class Type: Class C
Immediately: -
Timestamp: 3489458659
Type: UpUnc
Adr: true
AdrAcKReq: false
Ack: false
Fcnt: 547
Port: 85
Modulation: LORA
Bandwidth: 125
SpreadFactor: 7
Bitrate: 0
CodeRate: 4/5
SNR: 14.0
RSSI: -52
Power: -
Payload(b64): A2cRAQRofQUAAQbLAAd9PwII5g8ACXMeJwp9AQALfQ8ADH0PAA==
Payload(hex): 0367110104687d05000106cb00077d3f0208e60f0009731e270a7d01000b7d0f000c7d0f00
JSON: {""co2"":575,""hcho"":0.01,""humidity"":62.5,""light_level"":0,""pir"":1,""pm10"":15,""pm2_5"":15,""pressure"":1001.4,""temperature"":27.3,""tvoc"":15}
MIC: 720b2c76"
24E124710E317752,24E124FFFEFAB29D,472300000,SF7BW125, -52/10.2,37,546,UpUnc,2026-07-15T00:07:24+08:00,"Dev Addr/Multicast Addr: 06f5800d
GwEUI: 24E124FFFEFAB29D
AppEUI: 24E124C0002A0001
Device EUI/Group Name: 24E124710E317752
Class Type: Class C
Immediately: -
Timestamp: 3429455627
Type: UpUnc
Adr: true
AdrAcKReq: false
Ack: false
Fcnt: 546
Port: 85
Modulation: LORA
Bandwidth: 125
SpreadFactor: 7
Bitrate: 0
CodeRate: 4/5
SNR: 10.2
RSSI: -52
Power: -
Payload(b64): A2cRAQRofQUAAQbLAAd9QAII5g8ACXMdJwp9AgALfQ4ADH0OAA==
Payload(hex): 0367110104687d05000106cb00077d400208e60f0009731d270a7d02000b7d0e000c7d0e00
JSON: {""co2"":576,""hcho"":0.02,""humidity"":62.5,""light_level"":0,""pir"":1,""pm10"":14,""pm2_5"":14,""pressure"":1001.3,""temperature"":27.3,""tvoc"":15}
MIC: bb5c2b80"
24E124710E317752,24E124FFFEFAB29D,472500000,SF7BW125, -54/13.5,37,545,UpUnc,2026-07-15T00:06:24+08:00,"Dev Addr/Multicast Addr: 06f5800d
GwEUI: 24E124FFFEFAB29D
AppEUI: 24E124C0002A0001
Device EUI/Group Name: 24E124710E317752
Class Type: Class C
Immediately: -
Timestamp: 3369465391
Type: UpUnc
Adr: true
AdrAcKReq: false
Ack: false
Fcnt: 545
Port: 85
Modulation: LORA
Bandwidth: 125
SpreadFactor: 7
Bitrate: 0
CodeRate: 4/5
SNR: 13.5
RSSI: -54
Power: -
Payload(b64): A2cRAQRofQUAAQbLAAd9PwII5g8ACXMeJwp9AQALfQ4ADH0OAA==
Payload(hex): 0367110104687d05000106cb00077d3f0208e60f0009731e270a7d01000b7d0e000c7d0e00
JSON: {""co2"":575,""hcho"":0.01,""humidity"":62.5,""light_level"":0,""pir"":1,""pm10"":14,""pm2_5"":14,""pressure"":1001.4,""temperature"":27.3,""tvoc"":15}
MIC: 445f8a81"
24E124710E317752,24E124FFFEFAB29D,472900000,SF7BW125, -52/9.5,37,544,UpUnc,2026-07-15T00:05:24+08:00,"Dev Addr/Multicast Addr: 06f5800d
GwEUI: 24E124FFFEFAB29D
AppEUI: 24E124C0002A0001
Device EUI/Group Name: 24E124710E317752
Class Type: Class C
Immediately: -
Timestamp: 3309455362
Type: UpUnc
Adr: true
AdrAcKReq: false
Ack: false
Fcnt: 544
Port: 85
Modulation: LORA
Bandwidth: 125
SpreadFactor: 7
Bitrate: 0
CodeRate: 4/5
SNR: 9.5
RSSI: -52
Power: -
Payload(b64): A2cRAQRofQUAAQbLAAd9QQII5g8ACXMdJwp9AgALfQ4ADH0OAA==
Payload(hex): 0367110104687d05000106cb00077d410208e60f0009731d270a7d02000b7d0e000c7d0e00
JSON: {""co2"":577,""hcho"":0.02,""humidity"":62.5,""light_level"":0,""pir"":1,""pm10"":14,""pm2_5"":14,""pressure"":1001.3,""temperature"":27.3,""tvoc"":15}
MIC: 5742e628"
24E124710E317752,24E124FFFEFAB29D,473300000,SF7BW125, -52/14.2,37,543,UpUnc,2026-07-15T00:04:24+08:00,"Dev Addr/Multicast Addr: 06f5800d
GwEUI: 24E124FFFEFAB29D
AppEUI: 24E124C0002A0001
Device EUI/Group Name: 24E124710E317752
Class Type: Class C
Immediately: -
Timestamp: 3249463286
Type: UpUnc
Adr: true
AdrAcKReq: false
Ack: false
Fcnt: 543
Port: 85
Modulation: LORA
Bandwidth: 125
SpreadFactor: 7
Bitrate: 0
CodeRate: 4/5
SNR: 14.2
RSSI: -52
Power: -
Payload(b64): A2cRAQRofQUAAQbLAAd9PwII5g8ACXMdJwp9AQALfRAADH0QAA==
Payload(hex): 0367110104687d05000106cb00077d3f0208e60f0009731d270a7d01000b7d10000c7d1000
JSON: {""co2"":575,""hcho"":0.01,""humidity"":62.5,""light_level"":0,""pir"":1,""pm10"":16,""pm2_5"":16,""pressure"":1001.3,""temperature"":27.3,""tvoc"":15}
MIC: 5de5a28e"
24E124710E317752,24E124FFFEFAB29D,472100000,SF7BW125, -54/13.5,37,542,UpUnc,2026-07-15T00:03:23+08:00,"Dev Addr/Multicast Addr: 06f5800d
GwEUI: 24E124FFFEFAB29D
AppEUI: 24E124C0002A0001
Device EUI/Group Name: 24E124710E317752
Class Type: Class C
Immediately: -
Timestamp: 3189456229
Type: UpUnc
Adr: true
AdrAcKReq: false
Ack: false
Fcnt: 542
Port: 85
Modulation: LORA
Bandwidth: 125
SpreadFactor: 7
Bitrate: 0
CodeRate: 4/5
SNR: 13.5
RSSI: -54
Power: -
Payload(b64): A2cRAQRofQUAAQbLAAd9PQII5g8ACXMdJwp9AQALfRAADH0QAA==
Payload(hex): 0367110104687d05000106cb00077d3d0208e60f0009731d270a7d01000b7d10000c7d1000
JSON: {""co2"":573,""hcho"":0.01,""humidity"":62.5,""light_level"":0,""pir"":1,""pm10"":16,""pm2_5"":16,""pressure"":1001.3,""temperature"":27.3,""tvoc"":15}
MIC: f14c624e"
24E124710E317752,24E124FFFEFAB29D,472500000,SF7BW125, -53/14.0,37,541,UpUnc,2026-07-15T00:02:23+08:00,"Dev Addr/Multicast Addr: 06f5800d
GwEUI: 24E124FFFEFAB29D
AppEUI: 24E124C0002A0001
Device EUI/Group Name: 24E124710E317752
Class Type: Class C
Immediately: -
Timestamp: 3129461272
Type: UpUnc
Adr: true
AdrAcKReq: false
Ack: false
Fcnt: 541
Port: 85
Modulation: LORA
Bandwidth: 125
SpreadFactor: 7
Bitrate: 0
CodeRate: 4/5
SNR: 14.0
RSSI: -53
Power: -
Payload(b64): A2cRAQRofQUAAAbLAAd9PQII5g8ACXMdJwp9AgALfRAADH0QAA==
Payload(hex): 0367110104687d05000006cb00077d3d0208e60f0009731d270a7d02000b7d10000c7d1000
JSON: {""co2"":573,""hcho"":0.02,""humidity"":62.5,""light_level"":0,""pir"":0,""pm10"":16,""pm2_5"":16,""pressure"":1001.3,""temperature"":27.3,""tvoc"":15}
MIC: ca3587df"
24E124710E317752,24E124FFFEFAB29D,472900000,SF7BW125, -52/8.8,37,540,UpUnc,2026-07-15T00:01:23+08:00,"Dev Addr/Multicast Addr: 06f5800d
GwEUI: 24E124FFFEFAB29D
AppEUI: 24E124C0002A0001
Device EUI/Group Name: 24E124710E317752
Class Type: Class C
Immediately: -
Timestamp: 3069458218
Type: UpUnc
Adr: true
AdrAcKReq: false
Ack: false
Fcnt: 540
Port: 85
Modulation: LORA
Bandwidth: 125
SpreadFactor: 7
Bitrate: 0
CodeRate: 4/5
SNR: 8.8
RSSI: -52
Power: -
Payload(b64): A2cRAQRofQUAAQbLAAd9PgII5g8ACXMeJwp9AQALfQ4ADH0OAA==
Payload(hex): 0367110104687d05000106cb00077d3e0208e60f0009731e270a7d01000b7d0e000c7d0e00
JSON: {""co2"":574,""hcho"":0.01,""humidity"":62.5,""light_level"":0,""pir"":1,""pm10"":14,""pm2_5"":14,""pressure"":1001.4,""temperature"":27.3,""tvoc"":15}
MIC: 940960a8"
24E124710E317752,24E124FFFEFAB29D,473300000,SF7BW125, -52/13.5,37,539,UpUnc,2026-07-15T00:00:23+08:00,"Dev Addr/Multicast Addr: 06f5800d
GwEUI: 24E124FFFEFAB29D
AppEUI: 24E124C0002A0001
Device EUI/Group Name: 24E124710E317752
Class Type: Class C
Immediately: -
Timestamp: 3009465315
Type: UpUnc
Adr: true
AdrAcKReq: false
Ack: false
Fcnt: 539
Port: 85
Modulation: LORA
Bandwidth: 125
SpreadFactor: 7
Bitrate: 0
CodeRate: 4/5
SNR: 13.5
RSSI: -52
Power: -
Payload(b64): A2cRAQRofQUAAQbLAAd9QAII5g8ACXMeJwp9AgALfQ4ADH0OAA==
Payload(hex): 0367110104687d05000106cb00077d400208e60f0009731e270a7d02000b7d0e000c7d0e00
JSON: {""co2"":576,""hcho"":0.02,""humidity"":62.5,""light_level"":0,""pir"":1,""pm10"":14,""pm2_5"":14,""pressure"":1001.4,""temperature"":27.3,""tvoc"":15}
MIC: 74cf9ec3"
24E124710E317752,24E124FFFEFAB29D,472300000,SF7BW125, -53/9.8,37,538,UpUnc,2026-07-14T23:59:24+08:00,"Dev Addr/Multicast Addr: 06f5800d
GwEUI: 24E124FFFEFAB29D
AppEUI: 24E124C0002A0001
Device EUI/Group Name: 24E124710E317752
Class Type: Class C
Immediately: -
Timestamp: 2949458962
Type: UpUnc
Adr: true
AdrAcKReq: false
Ack: false
Fcnt: 538
Port: 85
Modulation: LORA
Bandwidth: 125
SpreadFactor: 7
Bitrate: 0
CodeRate: 4/5
SNR: 9.8
RSSI: -53
Power: -
Payload(b64): A2cRAQRofQUAAQbLAAd9PwII5g8ACXMdJwp9AQALfQ4ADH0OAA==
Payload(hex): 0367110104687d05000106cb00077d3f0208e60f0009731d270a7d01000b7d0e000c7d0e00
JSON: {""co2"":575,""hcho"":0.01,""humidity"":62.5,""light_level"":0,""pir"":1,""pm10"":14,""pm2_5"":14,""pressure"":1001.3,""temperature"":27.3,""tvoc"":15}
MIC: 6806d253"
24E124710E317752,24E124FFFEFAB29D,472500000,SF7BW125, -53/14.0,37,537,UpUnc,2026-07-14T23:58:24+08:00,"Dev Addr/Multicast Addr: 06f5800d
GwEUI: 24E124FFFEFAB29D
AppEUI: 24E124C0002A0001
Device EUI/Group Name: 24E124710E317752
Class Type: Class C
Immediately: -
Timestamp: 2889464094
Type: UpUnc
Adr: true
AdrAcKReq: false
Ack: false
Fcnt: 537
Port: 85
Modulation: LORA
Bandwidth: 125
SpreadFactor: 7
Bitrate: 0
CodeRate: 4/5
SNR: 14.0
RSSI: -53
Power: -
Payload(b64): A2cRAQRofQUAAQbLAAd9PgII5g8ACXMdJwp9AQALfQ8ADH0PAA==
Payload(hex): 0367110104687d05000106cb00077d3e0208e60f0009731d270a7d01000b7d0f000c7d0f00
JSON: {""co2"":574,""hcho"":0.01,""humidity"":62.5,""light_level"":0,""pir"":1,""pm10"":15,""pm2_5"":15,""pressure"":1001.3,""temperature"":27.3,""tvoc"":15}
MIC: 8e123fce"
24E124710E317752,24E124FFFEFAB29D,473100000,SF7BW125, -51/14.0,37,536,UpUnc,2026-07-14T23:57:24+08:00,"Dev Addr/Multicast Addr: 06f5800d
GwEUI: 24E124FFFEFAB29D
AppEUI: 24E124C0002A0001
Device EUI/Group Name: 24E124710E317752
Class Type: Class C
Immediately: -
Timestamp: 2829463807
Type: UpUnc
Adr: true
AdrAcKReq: false
Ack: false
Fcnt: 536
Port: 85
Modulation: LORA
Bandwidth: 125
SpreadFactor: 7
Bitrate: 0
CodeRate: 4/5
SNR: 14.0
RSSI: -51
Power: -
Payload(b64): A2cRAQRofQUAAQbLAAd9QQII5g8ACXMdJwp9AgALfQ8ADH0PAA==
Payload(hex): 0367110104687d05000106cb00077d410208e60f0009731d270a7d02000b7d0f000c7d0f00
JSON: {""co2"":577,""hcho"":0.02,""humidity"":62.5,""light_level"":0,""pir"":1,""pm10"":15,""pm2_5"":15,""pressure"":1001.3,""temperature"":27.3,""tvoc"":15}
MIC: f0449fab"
24E124710E317752,24E124FFFEFAB29D,471900000,SF7BW125, -55/14.0,37,535,UpUnc,2026-07-14T23:56:24+08:00,"Dev Addr/Multicast Addr: 06f5800d
GwEUI: 24E124FFFEFAB29D
AppEUI: 24E124C0002A0001
Device EUI/Group Name: 24E124710E317752
Class Type: Class C
Immediately: -
Timestamp: 2769455774
Type: UpUnc
Adr: true
AdrAcKReq: false
Ack: false
Fcnt: 535
Port: 85
Modulation: LORA
Bandwidth: 125
SpreadFactor: 7
Bitrate: 0
CodeRate: 4/5
SNR: 14.0
RSSI: -55
Power: -
Payload(b64): A2cRAQRofQUAAQbLAAd9QQII5g8ACXMdJwp9AQALfQ8ADH0PAA==
Payload(hex): 0367110104687d05000106cb00077d410208e60f0009731d270a7d01000b7d0f000c7d0f00
JSON: {""co2"":577,""hcho"":0.01,""humidity"":62.5,""light_level"":0,""pir"":1,""pm10"":15,""pm2_5"":15,""pressure"":1001.3,""temperature"":27.3,""tvoc"":15}
MIC: 03982e7e"
24E124710E317752,24E124FFFEFAB29D,472300000,SF7BW125, -53/11.2,37,534,UpUnc,2026-07-14T23:55:24+08:00,"Dev Addr/Multicast Addr: 06f5800d
GwEUI: 24E124FFFEFAB29D
AppEUI: 24E124C0002A0001
Device EUI/Group Name: 24E124710E317752
Class Type: Class C
Immediately: -
Timestamp: 2709461828
Type: UpUnc
Adr: true
AdrAcKReq: false
Ack: false
Fcnt: 534
Port: 85
Modulation: LORA
Bandwidth: 125
SpreadFactor: 7
Bitrate: 0
CodeRate: 4/5
SNR: 11.2
RSSI: -53
Power: -
Payload(b64): A2cRAQRofQUAAQbLAAd9QQII5g8ACXMdJwp9AgALfQ4ADH0PAA==
Payload(hex): 0367110104687d05000106cb00077d410208e60f0009731d270a7d02000b7d0e000c7d0f00
JSON: {""co2"":577,""hcho"":0.02,""humidity"":62.5,""light_level"":0,""pir"":1,""pm10"":15,""pm2_5"":14,""pressure"":1001.3,""temperature"":27.3,""tvoc"":15}
MIC: 9715036b"
24E124710E317752,24E124FFFEFAB29D,472500000,SF7BW125, -53/13.5,37,533,UpUnc,2026-07-14T23:54:24+08:00,"Dev Addr/Multicast Addr: 06f5800d
GwEUI: 24E124FFFEFAB29D
AppEUI: 24E124C0002A0001
Device EUI/Group Name: 24E124710E317752
Class Type: Class C
Immediately: -
Timestamp: 2649458686
Type: UpUnc
Adr: true
AdrAcKReq: false
Ack: false
Fcnt: 533
Port: 85
Modulation: LORA
Bandwidth: 125
SpreadFactor: 7
Bitrate: 0
CodeRate: 4/5
SNR: 13.5
RSSI: -53
Power: -
Payload(b64): A2cRAQRofAUAAQbLAAd9QQII5g8ACXMdJwp9AQALfQ4ADH0PAA==
Payload(hex): 0367110104687c05000106cb00077d410208e60f0009731d270a7d01000b7d0e000c7d0f00
JSON: {""co2"":577,""hcho"":0.01,""humidity"":62,""light_level"":0,""pir"":1,""pm10"":15,""pm2_5"":14,""pressure"":1001.3,""temperature"":27.3,""tvoc"":15}
MIC: 12e1d7d6"
24E124710E317752,24E124FFFEFAB29D,472900000,SF7BW125, -51/9.0,37,532,UpUnc,2026-07-14T23:53:24+08:00,"Dev Addr/Multicast Addr: 06f5800d
GwEUI: 24E124FFFEFAB29D
AppEUI: 24E124C0002A0001
Device EUI/Group Name: 24E124710E317752
Class Type: Class C
Immediately: -
Timestamp: 2589464635
Type: UpUnc
Adr: true
AdrAcKReq: false
Ack: false
Fcnt: 532
Port: 85
Modulation: LORA
Bandwidth: 125
SpreadFactor: 7
Bitrate: 0
CodeRate: 4/5
SNR: 9.0
RSSI: -51
Power: -
Payload(b64): A2cRAQRofQUAAQbLAAd9RAII5g8ACXMdJwp9AQALfQ4ADH0PAA==
Payload(hex): 0367110104687d05000106cb00077d440208e60f0009731d270a7d01000b7d0e000c7d0f00
JSON: {""co2"":580,""hcho"":0.01,""humidity"":62.5,""light_level"":0,""pir"":1,""pm10"":15,""pm2_5"":14,""pressure"":1001.3,""temperature"":27.3,""tvoc"":15}
MIC: 3d284b87"
24E124710E317752,24E124FFFEFAB29D,473300000,SF7BW125, -52/13.8,37,531,UpUnc,2026-07-14T23:52:24+08:00,"Dev Addr/Multicast Addr: 06f5800d
GwEUI: 24E124FFFEFAB29D
AppEUI: 24E124C0002A0001
Device EUI/Group Name: 24E124710E317752
Class Type: Class C
Immediately: -
Timestamp: 2529459504
Type: UpUnc
Adr: true
AdrAcKReq: false
Ack: false
Fcnt: 531
Port: 85
Modulation: LORA
Bandwidth: 125
SpreadFactor: 7
Bitrate: 0
CodeRate: 4/5
SNR: 13.8
RSSI: -52
Power: -
Payload(b64): A2cRAQRofAUAAQbLAAd9QgII5g8ACXMcJwp9AgALfREADH0RAA==
Payload(hex): 0367110104687c05000106cb00077d420208e60f0009731c270a7d02000b7d11000c7d1100
JSON: {""co2"":578,""hcho"":0.02,""humidity"":62,""light_level"":0,""pir"":1,""pm10"":17,""pm2_5"":17,""pressure"":1001.2,""temperature"":27.3,""tvoc"":15}
MIC: 221e5191"
24E124710E317752,24E124FFFEFAB29D,472300000,SF7BW125, -53/10.8,37,530,UpUnc,2026-07-14T23:51:24+08:00,"Dev Addr/Multicast Addr: 06f5800d
GwEUI: 24E124FFFEFAB29D
AppEUI: 24E124C0002A0001
Device EUI/Group Name: 24E124710E317752
Class Type: Class C
Immediately: -
Timestamp: 2469464436
Type: UpUnc
Adr: true
AdrAcKReq: false
Ack: false
Fcnt: 530
Port: 85
Modulation: LORA
Bandwidth: 125
SpreadFactor: 7
Bitrate: 0
CodeRate: 4/5
SNR: 10.8
RSSI: -53
Power: -
Payload(b64): A2cRAQRofAUAAQbLAAd9QwII5g8ACXMcJwp9AQALfREADH0RAA==
Payload(hex): 0367110104687c05000106cb00077d430208e60f0009731c270a7d01000b7d11000c7d1100
JSON: {""co2"":579,""hcho"":0.01,""humidity"":62,""light_level"":0,""pir"":1,""pm10"":17,""pm2_5"":17,""pressure"":1001.2,""temperature"":27.3,""tvoc"":15}
MIC: cf93ec73"
24E124710E317752,24E124FFFEFAB29D,472500000,SF7BW125, -53/14.2,37,529,UpUnc,2026-07-14T23:50:24+08:00,"Dev Addr/Multicast Addr: 06f5800d
GwEUI: 24E124FFFEFAB29D
AppEUI: 24E124C0002A0001
Device EUI/Group Name: 24E124710E317752
Class Type: Class C
Immediately: -
Timestamp: 2409461514
Type: UpUnc
Adr: true
AdrAcKReq: false
Ack: false
Fcnt: 529
Port: 85
Modulation: LORA
Bandwidth: 125
SpreadFactor: 7
Bitrate: 0
CodeRate: 4/5
SNR: 14.2
RSSI: -53
Power: -
Payload(b64): A2cRAQRofAUAAQbLAAd9QgII5g8ACXMcJwp9AgALfREADH0RAA==
Payload(hex): 0367110104687c05000106cb00077d420208e60f0009731c270a7d02000b7d11000c7d1100
JSON: {""co2"":578,""hcho"":0.02,""humidity"":62,""light_level"":0,""pir"":1,""pm10"":17,""pm2_5"":17,""pressure"":1001.2,""temperature"":27.3,""tvoc"":15}
MIC: 3c9aa8b3"
24E124710E317752,24E124FFFEFAB29D,502900000,SF7BW125, -/-,0,19,DnUnc,2026-07-14T23:50:16+08:00,"Dev Addr/Multicast Addr: 06f5800d
GwEUI: 24E124FFFEFAB29D
AppEUI: 24E124C0002A0001
Device EUI/Group Name: 24E124710E317752
Class Type: Class C
Immediately: false
Timestamp: 2403015466
Type: DnUnc
Adr: true
AdrAcKReq: false
Ack: false
Fcnt: 19
Port: -
Modulation: LORA
Bandwidth: 125
SpreadFactor: 7
Bitrate: 0
CodeRate: 4/5
SNR: -
RSSI: -
Power: 20
Payload(b64): 
Payload(hex): 
JSON: 
MIC: de0cbd0e"
24E124710E317752,24E124FFFEFAB29D,472900000,SF7BW125, -51/8.2,0,528,UpUnc,2026-07-14T23:50:16+08:00,"Dev Addr/Multicast Addr: 06f5800d
GwEUI: 24E124FFFEFAB29D
AppEUI: 24E124C0002A0001
Device EUI/Group Name: 24E124710E317752
Class Type: Class C
Immediately: -
Timestamp: 2402015466
Type: UpUnc
Adr: true
AdrAcKReq: false
Ack: false
Fcnt: 528
Port: 0
Modulation: LORA
Bandwidth: 125
SpreadFactor: 7
Bitrate: 0
CodeRate: 4/5
SNR: 8.2
RSSI: -51
Power: -
Payload(b64): 
Payload(hex): 
JSON: 
MIC: 9dba82f9"
24E124710E317752,24E124FFFEFAB29D,473300000,SF7BW125, -52/14.0,37,527,UpUnc,2026-07-14T23:49:24+08:00,"Dev Addr/Multicast Addr: 06f5800d
GwEUI: 24E124FFFEFAB29D
AppEUI: 24E124C0002A0001
Device EUI/Group Name: 24E124710E317752
Class Type: Class C
Immediately: -
Timestamp: 2349458393
Type: UpUnc
Adr: true
AdrAcKReq: false
Ack: false
Fcnt: 527
Port: 85
Modulation: LORA
Bandwidth: 125
SpreadFactor: 7
Bitrate: 0
CodeRate: 4/5
SNR: 14.0
RSSI: -52
Power: -
Payload(b64): A2cRAQRofAUAAQbLAAd9QwII5g8ACXMbJwp9AQALfQ4ADH0OAA==
Payload(hex): 0367110104687c05000106cb00077d430208e60f0009731b270a7d01000b7d0e000c7d0e00
JSON: {""co2"":579,""hcho"":0.01,""humidity"":62,""light_level"":0,""pir"":1,""pm10"":14,""pm2_5"":14,""pressure"":1001.1,""temperature"":27.3,""tvoc"":15}
MIC: 1d611b2c"
24E124710E317752,24E124FFFEFAB29D,472100000,SF7BW125, -53/13.5,37,526,UpUnc,2026-07-14T23:48:24+08:00,"Dev Addr/Multicast Addr: 06f5800d
GwEUI: 24E124FFFEFAB29D
AppEUI: 24E124C0002A0001
Device EUI/Group Name: 24E124710E317752
Class Type: Class C
Immediately: -
Timestamp: 2289461353
Type: UpUnc
Adr: true
AdrAcKReq: false
Ack: false
Fcnt: 526
Port: 85
Modulation: LORA
Bandwidth: 125
SpreadFactor: 7
Bitrate: 0
CodeRate: 4/5
SNR: 13.5
RSSI: -53
Power: -
Payload(b64): A2cRAQRofAUAAQbLAAd9RQII5g8ACXMcJwp9AQALfQ4ADH0OAA==
Payload(hex): 0367110104687c05000106cb00077d450208e60f0009731c270a7d01000b7d0e000c7d0e00
JSON: {""co2"":581,""hcho"":0.01,""humidity"":62,""light_level"":0,""pir"":1,""pm10"":14,""pm2_5"":14,""pressure"":1001.2,""temperature"":27.3,""tvoc"":15}
MIC: 308ae310"
24E124710E317752,24E124FFFEFAB29D,472300000,SF7BW125, -53/11.0,37,525,UpUnc,2026-07-14T23:47:24+08:00,"Dev Addr/Multicast Addr: 06f5800d
GwEUI: 24E124FFFEFAB29D
AppEUI: 24E124C0002A0001
Device EUI/Group Name: 24E124710E317752
Class Type: Class C
Immediately: -
Timestamp: 2229458241
Type: UpUnc
Adr: true
AdrAcKReq: false
Ack: false
Fcnt: 525
Port: 85
Modulation: LORA
Bandwidth: 125
SpreadFactor: 7
Bitrate: 0
CodeRate: 4/5
SNR: 11.0
RSSI: -53
Power: -
Payload(b64): A2cRAQRofAUAAQbLAAd9RwII5g8ACXMcJwp9AgALfQ4ADH0OAA==
Payload(hex): 0367110104687c05000106cb00077d470208e60f0009731c270a7d02000b7d0e000c7d0e00
JSON: {""co2"":583,""hcho"":0.02,""humidity"":62,""light_level"":0,""pir"":1,""pm10"":14,""pm2_5"":14,""pressure"":1001.2,""temperature"":27.3,""tvoc"":15}
MIC: 9d57542a"
24E124710E317752,24E124FFFEFAB29D,472700000,SF7BW125, -53/13.8,37,524,UpUnc,2026-07-14T23:46:24+08:00,"Dev Addr/Multicast Addr: 06f5800d
GwEUI: 24E124FFFEFAB29D
AppEUI: 24E124C0002A0001
Device EUI/Group Name: 24E124710E317752
Class Type: Class C
Immediately: -
Timestamp: 2169465203
Type: UpUnc
Adr: true
AdrAcKReq: false
Ack: false
Fcnt: 524
Port: 85
Modulation: LORA
Bandwidth: 125
SpreadFactor: 7
Bitrate: 0
CodeRate: 4/5
SNR: 13.8
RSSI: -53
Power: -
Payload(b64): A2cRAQRofAUAAQbLAAd9RwII5g8ACXMbJwp9AQALfRAADH0QAA==
Payload(hex): 0367110104687c05000106cb00077d470208e60f0009731b270a7d01000b7d10000c7d1000
JSON: {""co2"":583,""hcho"":0.01,""humidity"":62,""light_level"":0,""pir"":1,""pm10"":16,""pm2_5"":16,""pressure"":1001.1,""temperature"":27.3,""tvoc"":15}
MIC: 55a480bc"
24E124710E317752,24E124FFFEFAB29D,473300000,SF7BW125, -52/13.8,37,523,UpUnc,2026-07-14T23:45:24+08:00,"Dev Addr/Multicast Addr: 06f5800d
GwEUI: 24E124FFFEFAB29D
AppEUI: 24E124C0002A0001
Device EUI/Group Name: 24E124710E317752
Class Type: Class C
Immediately: -
Timestamp: 2109461035
Type: UpUnc
Adr: true
AdrAcKReq: false
Ack: false
Fcnt: 523
Port: 85
Modulation: LORA
Bandwidth: 125
SpreadFactor: 7
Bitrate: 0
CodeRate: 4/5
SNR: 13.8
RSSI: -52
Power: -
Payload(b64): A2cRAQRofAUAAQbLAAd9RwII5g8ACXMbJwp9AgALfRAADH0QAA==
Payload(hex): 0367110104687c05000106cb00077d470208e60f0009731b270a7d02000b7d10000c7d1000
JSON: {""co2"":583,""hcho"":0.02,""humidity"":62,""light_level"":0,""pir"":1,""pm10"":16,""pm2_5"":16,""pressure"":1001.1,""temperature"":27.3,""tvoc"":15}
MIC: 452de04d"
24E124710E317752,24E124FFFEFAB29D,472100000,SF7BW125, -54/13.5,37,522,UpUnc,2026-07-14T23:44:24+08:00,"Dev Addr/Multicast Addr: 06f5800d
GwEUI: 24E124FFFEFAB29D
AppEUI: 24E124C0002A0001
Device EUI/Group Name: 24E124710E317752
Class Type: Class C
Immediately: -
Timestamp: 2049465962
Type: UpUnc
Adr: true
AdrAcKReq: false
Ack: false
Fcnt: 522
Port: 85
Modulation: LORA
Bandwidth: 125
SpreadFactor: 7
Bitrate: 0
CodeRate: 4/5
SNR: 13.5
RSSI: -54
Power: -
Payload(b64): A2cRAQRofAUAAQbLAAd9SAII5g8ACXMcJwp9AQALfRAADH0QAA==
Payload(hex): 0367110104687c05000106cb00077d480208e60f0009731c270a7d01000b7d10000c7d1000
JSON: {""co2"":584,""hcho"":0.01,""humidity"":62,""light_level"":0,""pir"":1,""pm10"":16,""pm2_5"":16,""pressure"":1001.2,""temperature"":27.3,""tvoc"":15}
MIC: b0d20cda"
24E124710E317752,24E124FFFEFAB29D,472300000,SF7BW125, -53/10.5,37,521,UpUnc,2026-07-14T23:43:24+08:00,"Dev Addr/Multicast Addr: 06f5800d
GwEUI: 24E124FFFEFAB29D
AppEUI: 24E124C0002A0001
Device EUI/Group Name: 24E124710E317752
Class Type: Class C
Immediately: -
Timestamp: 1989462904
Type: UpUnc
Adr: true
AdrAcKReq: false
Ack: false
Fcnt: 521
Port: 85
Modulation: LORA
Bandwidth: 125
SpreadFactor: 7
Bitrate: 0
CodeRate: 4/5
SNR: 10.5
RSSI: -53
Power: -
Payload(b64): A2cRAQRofAUAAQbLAAd9RQII5g8ACXMcJwp9AQALfRAADH0QAA==
Payload(hex): 0367110104687c05000106cb00077d450208e60f0009731c270a7d01000b7d10000c7d1000
JSON: {""co2"":581,""hcho"":0.01,""humidity"":62,""light_level"":0,""pir"":1,""pm10"":16,""pm2_5"":16,""pressure"":1001.2,""temperature"":27.3,""tvoc"":15}
MIC: c503e461"
24E124710E317752,24E124FFFEFAB29D,472900000,SF7BW125, -51/9.5,37,520,UpUnc,2026-07-14T23:42:24+08:00,"Dev Addr/Multicast Addr: 06f5800d
GwEUI: 24E124FFFEFAB29D
AppEUI: 24E124C0002A0001
Device EUI/Group Name: 24E124710E317752
Class Type: Class C
Immediately: -
Timestamp: 1929467839
Type: UpUnc
Adr: true
AdrAcKReq: false
Ack: false
Fcnt: 520
Port: 85
Modulation: LORA
Bandwidth: 125
SpreadFactor: 7
Bitrate: 0
CodeRate: 4/5
SNR: 9.5
RSSI: -51
Power: -
Payload(b64): A2cRAQRofAUAAQbLAAd9RgII5g8ACXMcJwp9AgALfRAADH0QAA==
Payload(hex): 0367110104687c05000106cb00077d460208e60f0009731c270a7d02000b7d10000c7d1000
JSON: {""co2"":582,""hcho"":0.02,""humidity"":62,""light_level"":0,""pir"":1,""pm10"":16,""pm2_5"":16,""pressure"":1001.2,""temperature"":27.3,""tvoc"":15}
MIC: b3b818a9"
24E124710E317752,24E124FFFEFAB29D,473300000,SF7BW125, -52/13.8,37,519,UpUnc,2026-07-14T23:41:23+08:00,"Dev Addr/Multicast Addr: 06f5800d
GwEUI: 24E124FFFEFAB29D
AppEUI: 24E124C0002A0001
Device EUI/Group Name: 24E124710E317752
Class Type: Class C
Immediately: -
Timestamp: 1869463858
Type: UpUnc
Adr: true
AdrAcKReq: false
Ack: false
Fcnt: 519
Port: 85
Modulation: LORA
Bandwidth: 125
SpreadFactor: 7
Bitrate: 0
CodeRate: 4/5
SNR: 13.8
RSSI: -52
Power: -
Payload(b64): A2cRAQRofAUAAQbLAAd9RwII5g8ACXMbJwp9AQALfRAADH0QAA==
Payload(hex): 0367110104687c05000106cb00077d470208e60f0009731b270a7d01000b7d10000c7d1000
JSON: {""co2"":583,""hcho"":0.01,""humidity"":62,""light_level"":0,""pir"":1,""pm10"":16,""pm2_5"":16,""pressure"":1001.1,""temperature"":27.3,""tvoc"":15}
MIC: 0df17f9c"
24E124710E317752,24E124FFFEFAB29D,472100000,SF7BW125, -54/13.8,37,518,UpUnc,2026-07-14T23:40:23+08:00,"Dev Addr/Multicast Addr: 06f5800d
GwEUI: 24E124FFFEFAB29D
AppEUI: 24E124C0002A0001
Device EUI/Group Name: 24E124710E317752
Class Type: Class C
Immediately: -
Timestamp: 1809459703
Type: UpUnc
Adr: true
AdrAcKReq: false
Ack: false
Fcnt: 518
Port: 85
Modulation: LORA
Bandwidth: 125
SpreadFactor: 7
Bitrate: 0
CodeRate: 4/5
SNR: 13.8
RSSI: -54
Power: -
Payload(b64): A2cRAQRofAUAAQbLAAd9SAII5g8ACXMbJwp9AgALfQ8ADH0QAA==
Payload(hex): 0367110104687c05000106cb00077d480208e60f0009731b270a7d02000b7d0f000c7d1000
JSON: {""co2"":584,""hcho"":0.02,""humidity"":62,""light_level"":0,""pir"":1,""pm10"":16,""pm2_5"":15,""pressure"":1001.1,""temperature"":27.3,""tvoc"":15}
MIC: 8c252c21"
24E124710E317752,24E124FFFEFAB29D,472300000,SF7BW125, -53/11.2,37,517,UpUnc,2026-07-14T23:39:23+08:00,"Dev Addr/Multicast Addr: 06f5800d
GwEUI: 24E124FFFEFAB29D
AppEUI: 24E124C0002A0001
Device EUI/Group Name: 24E124710E317752
Class Type: Class C
Immediately: -
Timestamp: 1749467967
Type: UpUnc
Adr: true
AdrAcKReq: false
Ack: false
Fcnt: 517
Port: 85
Modulation: LORA
Bandwidth: 125
SpreadFactor: 7
Bitrate: 0
CodeRate: 4/5
SNR: 11.2
RSSI: -53
Power: -
Payload(b64): A2cRAQRofAUAAQbLAAd9SAII5g8ACXMbJwp9AQALfQ8ADH0QAA==
Payload(hex): 0367110104687c05000106cb00077d480208e60f0009731b270a7d01000b7d0f000c7d1000
JSON: {""co2"":584,""hcho"":0.01,""humidity"":62,""light_level"":0,""pir"":1,""pm10"":16,""pm2_5"":15,""pressure"":1001.1,""temperature"":27.3,""tvoc"":15}
MIC: f3e2508b"
24E124710E317752,24E124FFFEFAB29D,472900000,SF7BW125, -51/8.5,37,516,UpUnc,2026-07-14T23:38:24+08:00,"Dev Addr/Multicast Addr: 06f5800d
GwEUI: 24E124FFFEFAB29D
AppEUI: 24E124C0002A0001
Device EUI/Group Name: 24E124710E317752
Class Type: Class C
Immediately: -
Timestamp: 1689459561
Type: UpUnc
Adr: true
AdrAcKReq: false
Ack: false
Fcnt: 516
Port: 85
Modulation: LORA
Bandwidth: 125
SpreadFactor: 7
Bitrate: 0
CodeRate: 4/5
SNR: 8.5
RSSI: -51
Power: -
Payload(b64): A2cRAQRofAUAAQbLAAd9RQII5g8ACXMbJwp9AQALfQ8ADH0QAA==
Payload(hex): 0367110104687c05000106cb00077d450208e60f0009731b270a7d01000b7d0f000c7d1000
JSON: {""co2"":581,""hcho"":0.01,""humidity"":62,""light_level"":0,""pir"":1,""pm10"":16,""pm2_5"":15,""pressure"":1001.1,""temperature"":27.3,""tvoc"":15}
MIC: 83beb238"
24E124710E317752,24E124FFFEFAB29D,473300000,SF7BW125, -52/14.0,37,515,UpUnc,2026-07-14T23:37:24+08:00,"Dev Addr/Multicast Addr: 06f5800d
GwEUI: 24E124FFFEFAB29D
AppEUI: 24E124C0002A0001
Device EUI/Group Name: 24E124710E317752
Class Type: Class C
Immediately: -
Timestamp: 1629465585
Type: UpUnc
Adr: true
AdrAcKReq: false
Ack: false
Fcnt: 515
Port: 85
Modulation: LORA
Bandwidth: 125
SpreadFactor: 7
Bitrate: 0
CodeRate: 4/5
SNR: 14.0
RSSI: -52
Power: -
Payload(b64): A2cRAQRofAUAAQbLAAd9RwII5g8ACXMbJwp9AgALfRAADH0QAA==
Payload(hex): 0367110104687c05000106cb00077d470208e60f0009731b270a7d02000b7d10000c7d1000
JSON: {""co2"":583,""hcho"":0.02,""humidity"":62,""light_level"":0,""pir"":1,""pm10"":16,""pm2_5"":16,""pressure"":1001.1,""temperature"":27.3,""tvoc"":15}
MIC: 7a7db6b8"
24E124710E317752,24E124FFFEFAB29D,471900000,SF7BW125, -55/14.0,37,514,UpUnc,2026-07-14T23:36:24+08:00,"Dev Addr/Multicast Addr: 06f5800d
GwEUI: 24E124FFFEFAB29D
AppEUI: 24E124C0002A0001
Device EUI/Group Name: 24E124710E317752
Class Type: Class C
Immediately: -
Timestamp: 1569469441
Type: UpUnc
Adr: true
AdrAcKReq: false
Ack: false
Fcnt: 514
Port: 85
Modulation: LORA
Bandwidth: 125
SpreadFactor: 7
Bitrate: 0
CodeRate: 4/5
SNR: 14.0
RSSI: -55
Power: -
Payload(b64): A2cRAQRofAUAAQbLAAd9RQII5g8ACXMbJwp9AQALfRAADH0QAA==
Payload(hex): 0367110104687c05000106cb00077d450208e60f0009731b270a7d01000b7d10000c7d1000
JSON: {""co2"":581,""hcho"":0.01,""humidity"":62,""light_level"":0,""pir"":1,""pm10"":16,""pm2_5"":16,""pressure"":1001.1,""temperature"":27.3,""tvoc"":15}
MIC: c8d1f5e3"
24E124710E317752,24E124FFFEFAB29D,472300000,SF7BW125, -53/11.5,37,513,UpUnc,2026-07-14T23:35:24+08:00,"Dev Addr/Multicast Addr: 06f5800d
GwEUI: 24E124FFFEFAB29D
AppEUI: 24E124C0002A0001
Device EUI/Group Name: 24E124710E317752
Class Type: Class C
Immediately: -
Timestamp: 1509464388
Type: UpUnc
Adr: true
AdrAcKReq: false
Ack: false
Fcnt: 513
Port: 85
Modulation: LORA
Bandwidth: 125
SpreadFactor: 7
Bitrate: 0
CodeRate: 4/5
SNR: 11.5
RSSI: -53
Power: -
Payload(b64): A2cRAQRofAUAAQbLAAd9RwII5g8ACXMbJwp9AgALfRAADH0QAA==
Payload(hex): 0367110104687c05000106cb00077d470208e60f0009731b270a7d02000b7d10000c7d1000
JSON: {""co2"":583,""hcho"":0.02,""humidity"":62,""light_level"":0,""pir"":1,""pm10"":16,""pm2_5"":16,""pressure"":1001.1,""temperature"":27.3,""tvoc"":15}
MIC: ac18ce01"
24E124710E317752,24E124FFFEFAB29D,472900000,SF7BW125, -51/9.0,37,512,UpUnc,2026-07-14T23:34:24+08:00,"Dev Addr/Multicast Addr: 06f5800d
GwEUI: 24E124FFFEFAB29D
AppEUI: 24E124C0002A0001
Device EUI/Group Name: 24E124710E317752
Class Type: Class C
Immediately: -
Timestamp: 1449469385
Type: UpUnc
Adr: true
AdrAcKReq: false
Ack: false
Fcnt: 512
Port: 85
Modulation: LORA
Bandwidth: 125
SpreadFactor: 7
Bitrate: 0
CodeRate: 4/5
SNR: 9.0
RSSI: -51
Power: -
Payload(b64): A2cRAQRofAUAAQbLAAd9RgII5g8ACXMaJwp9AQALfQ4ADH0OAA==
Payload(hex): 0367110104687c05000106cb00077d460208e60f0009731a270a7d01000b7d0e000c7d0e00
JSON: {""co2"":582,""hcho"":0.01,""humidity"":62,""light_level"":0,""pir"":1,""pm10"":14,""pm2_5"":14,""pressure"":1001,""temperature"":27.3,""tvoc"":15}
MIC: 44769eeb"
24E124710E317752,24E124FFFEFAB29D,473300000,SF7BW125, -52/14.2,37,511,UpUnc,2026-07-14T23:33:24+08:00,"Dev Addr/Multicast Addr: 06f5800d
GwEUI: 24E124FFFEFAB29D
AppEUI: 24E124C0002A0001
Device EUI/Group Name: 24E124710E317752
Class Type: Class C
Immediately: -
Timestamp: 1389465243
Type: UpUnc
Adr: true
AdrAcKReq: false
Ack: false
Fcnt: 511
Port: 85
Modulation: LORA
Bandwidth: 125
SpreadFactor: 7
Bitrate: 0
CodeRate: 4/5
SNR: 14.2
RSSI: -52
Power: -
Payload(b64): A2cRAQRofAUAAQbLAAd9SQII5g8ACXMbJwp9AgALfQ4ADH0OAA==
Payload(hex): 0367110104687c05000106cb00077d490208e60f0009731b270a7d02000b7d0e000c7d0e00
JSON: {""co2"":585,""hcho"":0.02,""humidity"":62,""light_level"":0,""pir"":1,""pm10"":14,""pm2_5"":14,""pressure"":1001.1,""temperature"":27.3,""tvoc"":15}
MIC: 0cde1d6a"
24E124710E317752,24E124FFFEFAB29D,472100000,SF7BW125, -54/13.8,37,510,UpUnc,2026-07-14T23:32:24+08:00,"Dev Addr/Multicast Addr: 06f5800d
GwEUI: 24E124FFFEFAB29D
AppEUI: 24E124C0002A0001
Device EUI/Group Name: 24E124710E317752
Class Type: Class C
Immediately: -
Timestamp: 1329470299
Type: UpUnc
Adr: true
AdrAcKReq: false
Ack: false
Fcnt: 510
Port: 85
Modulation: LORA
Bandwidth: 125
SpreadFactor: 7
Bitrate: 0
CodeRate: 4/5
SNR: 13.8
RSSI: -54
Power: -
Payload(b64): A2cRAQRofAUAAQbLAAd9RwII5g8ACXMbJwp9AgALfQ4ADH0OAA==
Payload(hex): 0367110104687c05000106cb00077d470208e60f0009731b270a7d02000b7d0e000c7d0e00
JSON: {""co2"":583,""hcho"":0.02,""humidity"":62,""light_level"":0,""pir"":1,""pm10"":14,""pm2_5"":14,""pressure"":1001.1,""temperature"":27.3,""tvoc"":15}
MIC: 242e8667"
24E124710E317752,24E124FFFEFAB29D,472300000,SF7BW125, -53/12.0,37,509,UpUnc,2026-07-14T23:31:24+08:00,"Dev Addr/Multicast Addr: 06f5800d
GwEUI: 24E124FFFEFAB29D
AppEUI: 24E124C0002A0001
Device EUI/Group Name: 24E124710E317752
Class Type: Class C
Immediately: -
Timestamp: 1269466124
Type: UpUnc
Adr: true
AdrAcKReq: false
Ack: false
Fcnt: 509
Port: 85
Modulation: LORA
Bandwidth: 125
SpreadFactor: 7
Bitrate: 0
CodeRate: 4/5
SNR: 12.0
RSSI: -53
Power: -
Payload(b64): A2cRAQRofAUAAQbLAAd9SgII5g8ACXMbJwp9AQALfRIADH0SAA==
Payload(hex): 0367110104687c05000106cb00077d4a0208e60f0009731b270a7d01000b7d12000c7d1200
JSON: {""co2"":586,""hcho"":0.01,""humidity"":62,""light_level"":0,""pir"":1,""pm10"":18,""pm2_5"":18,""pressure"":1001.1,""temperature"":27.3,""tvoc"":15}
MIC: 0bd44117"
24E124710E317752,24E124FFFEFAB29D,472700000,SF7BW125, -52/13.5,37,508,UpUnc,2026-07-14T23:30:24+08:00,"Dev Addr/Multicast Addr: 06f5800d
GwEUI: 24E124FFFEFAB29D
AppEUI: 24E124C0002A0001
Device EUI/Group Name: 24E124710E317752
Class Type: Class C
Immediately: -
Timestamp: 1209461138
Type: UpUnc
Adr: true
AdrAcKReq: false
Ack: false
Fcnt: 508
Port: 85
Modulation: LORA
Bandwidth: 125
SpreadFactor: 7
Bitrate: 0
CodeRate: 4/5
SNR: 13.5
RSSI: -52
Power: -
Payload(b64): A2cRAQRofAUAAQbLAAd9SgII5g8ACXMbJwp9AgALfRIADH0SAA==
Payload(hex): 0367110104687c05000106cb00077d4a0208e60f0009731b270a7d02000b7d12000c7d1200
JSON: {""co2"":586,""hcho"":0.02,""humidity"":62,""light_level"":0,""pir"":1,""pm10"":18,""pm2_5"":18,""pressure"":1001.1,""temperature"":27.3,""tvoc"":15}
MIC: f28e12b6"
24E124710E317752,24E124FFFEFAB29D,473300000,SF7BW125, -52/13.2,37,507,UpUnc,2026-07-14T23:29:24+08:00,"Dev Addr/Multicast Addr: 06f5800d
GwEUI: 24E124FFFEFAB29D
AppEUI: 24E124C0002A0001
Device EUI/Group Name: 24E124710E317752
Class Type: Class C
Immediately: -
Timestamp: 1149470141
Type: UpUnc
Adr: true
AdrAcKReq: false
Ack: false
Fcnt: 507
Port: 85
Modulation: LORA
Bandwidth: 125
SpreadFactor: 7
Bitrate: 0
CodeRate: 4/5
SNR: 13.2
RSSI: -52
Power: -
Payload(b64): A2cRAQRofAUAAQbLAAd9SQII5g8ACXMaJwp9AQALfRIADH0SAA==
Payload(hex): 0367110104687c05000106cb00077d490208e60f0009731a270a7d01000b7d12000c7d1200
JSON: {""co2"":585,""hcho"":0.01,""humidity"":62,""light_level"":0,""pir"":1,""pm10"":18,""pm2_5"":18,""pressure"":1001,""temperature"":27.3,""tvoc"":15}
MIC: 933449a2"
24E124710E317752,24E124FFFEFAB29D,471900000,SF7BW125, -55/14.2,37,506,UpUnc,2026-07-14T23:28:24+08:00,"Dev Addr/Multicast Addr: 06f5800d
GwEUI: 24E124FFFEFAB29D
AppEUI: 24E124C0002A0001
Device EUI/Group Name: 24E124710E317752
Class Type: Class C
Immediately: -
Timestamp: 1089469008
Type: UpUnc
Adr: true
AdrAcKReq: false
Ack: false
Fcnt: 506
Port: 85
Modulation: LORA
Bandwidth: 125
SpreadFactor: 7
Bitrate: 0
CodeRate: 4/5
SNR: 14.2
RSSI: -55
Power: -
Payload(b64): A2cRAQRofAUAAQbLAAd9SQII5g8ACXMbJwp9AgALfREADH0SAA==
Payload(hex): 0367110104687c05000106cb00077d490208e60f0009731b270a7d02000b7d11000c7d1200
JSON: {""co2"":585,""hcho"":0.02,""humidity"":62,""light_level"":0,""pir"":1,""pm10"":18,""pm2_5"":17,""pressure"":1001.1,""temperature"":27.3,""tvoc"":15}
MIC: a32c0546"
24E124710E317752,24E124FFFEFAB29D,472300000,SF7BW125, -53/11.5,37,505,UpUnc,2026-07-14T23:27:24+08:00,"Dev Addr/Multicast Addr: 06f5800d
GwEUI: 24E124FFFEFAB29D
AppEUI: 24E124C0002A0001
Device EUI/Group Name: 24E124710E317752
Class Type: Class C
Immediately: -
Timestamp: 1029466972
Type: UpUnc
Adr: true
AdrAcKReq: false
Ack: false
Fcnt: 505
Port: 85
Modulation: LORA
Bandwidth: 125
SpreadFactor: 7
Bitrate: 0
CodeRate: 4/5
SNR: 11.5
RSSI: -53
Power: -
Payload(b64): A2cRAQRofAUAAQbLAAd9SgII5g8ACXMbJwp9AgALfREADH0SAA==
Payload(hex): 0367110104687c05000106cb00077d4a0208e60f0009731b270a7d02000b7d11000c7d1200
JSON: {""co2"":586,""hcho"":0.02,""humidity"":62,""light_level"":0,""pir"":1,""pm10"":18,""pm2_5"":17,""pressure"":1001.1,""temperature"":27.3,""tvoc"":15}
MIC: 95063359"
24E124710E317752,24E124FFFEFAB29D,472900000,SF7BW125, -51/9.2,37,504,UpUnc,2026-07-14T23:26:24+08:00,"Dev Addr/Multicast Addr: 06f5800d
GwEUI: 24E124FFFEFAB29D
AppEUI: 24E124C0002A0001
Device EUI/Group Name: 24E124710E317752
Class Type: Class C
Immediately: -
Timestamp: 969470896
Type: UpUnc
Adr: true
AdrAcKReq: false
Ack: false
Fcnt: 504
Port: 85
Modulation: LORA
Bandwidth: 125
SpreadFactor: 7
Bitrate: 0
CodeRate: 4/5
SNR: 9.2
RSSI: -51
Power: -
Payload(b64): A2cRAQRofAUAAQbLAAd9TAII5g8ACXMbJwp9AQALfREADH0SAA==
Payload(hex): 0367110104687c05000106cb00077d4c0208e60f0009731b270a7d01000b7d11000c7d1200
JSON: {""co2"":588,""hcho"":0.01,""humidity"":62,""light_level"":0,""pir"":1,""pm10"":18,""pm2_5"":17,""pressure"":1001.1,""temperature"":27.3,""tvoc"":15}
MIC: 1f96e57e"
24E124710E317752,24E124FFFEFAB29D,473100000,SF7BW125, -51/14.2,37,503,UpUnc,2026-07-14T23:25:24+08:00,"Dev Addr/Multicast Addr: 06f5800d
GwEUI: 24E124FFFEFAB29D
AppEUI: 24E124C0002A0001
Device EUI/Group Name: 24E124710E317752
Class Type: Class C
Immediately: -
Timestamp: 909466842
Type: UpUnc
Adr: true
AdrAcKReq: false
Ack: false
Fcnt: 503
Port: 85
Modulation: LORA
Bandwidth: 125
SpreadFactor: 7
Bitrate: 0
CodeRate: 4/5
SNR: 14.2
RSSI: -51
Power: -
Payload(b64): A2cQAQRofAUAAQbLAAd9SwII5g8ACXMbJwp9AQALfQ0ADH0NAA==
Payload(hex): 0367100104687c05000106cb00077d4b0208e60f0009731b270a7d01000b7d0d000c7d0d00
JSON: {""co2"":587,""hcho"":0.01,""humidity"":62,""light_level"":0,""pir"":1,""pm10"":13,""pm2_5"":13,""pressure"":1001.1,""temperature"":27.2,""tvoc"":15}
MIC: 238a32f5"
24E124710E317752,24E124FFFEFAB29D,471900000,SF7BW125, -55/13.8,37,502,UpUnc,2026-07-14T23:24:24+08:00,"Dev Addr/Multicast Addr: 06f5800d
GwEUI: 24E124FFFEFAB29D
AppEUI: 24E124C0002A0001
Device EUI/Group Name: 24E124710E317752
Class Type: Class C
Immediately: -
Timestamp: 849470763
Type: UpUnc
Adr: true
AdrAcKReq: false
Ack: false
Fcnt: 502
Port: 85
Modulation: LORA
Bandwidth: 125
SpreadFactor: 7
Bitrate: 0
CodeRate: 4/5
SNR: 13.8
RSSI: -55
Power: -
Payload(b64): A2cRAQRofAUAAQbLAAd9SwII5g8ACXMaJwp9AQALfQ0ADH0NAA==
Payload(hex): 0367110104687c05000106cb00077d4b0208e60f0009731a270a7d01000b7d0d000c7d0d00
JSON: {""co2"":587,""hcho"":0.01,""humidity"":62,""light_level"":0,""pir"":1,""pm10"":13,""pm2_5"":13,""pressure"":1001,""temperature"":27.3,""tvoc"":15}
MIC: 8a7ad5ea"
24E124710E317752,24E124FFFEFAB29D,472300000,SF7BW125, -53/10.8,37,501,UpUnc,2026-07-14T23:23:24+08:00,"Dev Addr/Multicast Addr: 06f5800d
GwEUI: 24E124FFFEFAB29D
AppEUI: 24E124C0002A0001
Device EUI/Group Name: 24E124710E317752
Class Type: Class C
Immediately: -
Timestamp: 789469662
Type: UpUnc
Adr: true
AdrAcKReq: false
Ack: false
Fcnt: 501
Port: 85
Modulation: LORA
Bandwidth: 125
SpreadFactor: 7
Bitrate: 0
CodeRate: 4/5
SNR: 10.8
RSSI: -53
Power: -
Payload(b64): A2cRAQRofAUAAQbLAAd9TgII5g8ACXMbJwp9AgALfQ0ADH0NAA==
Payload(hex): 0367110104687c05000106cb00077d4e0208e60f0009731b270a7d02000b7d0d000c7d0d00
JSON: {""co2"":590,""hcho"":0.02,""humidity"":62,""light_level"":0,""pir"":1,""pm10"":13,""pm2_5"":13,""pressure"":1001.1,""temperature"":27.3,""tvoc"":15}
MIC: fcf77954"
24E124710E317752,24E124FFFEFAB29D,472700000,SF7BW125, -52/13.5,37,500,UpUnc,2026-07-14T23:22:24+08:00,"Dev Addr/Multicast Addr: 06f5800d
GwEUI: 24E124FFFEFAB29D
AppEUI: 24E124C0002A0001
Device EUI/Group Name: 24E124710E317752
Class Type: Class C
Immediately: -
Timestamp: 729464701
Type: UpUnc
Adr: true
AdrAcKReq: false
Ack: false
Fcnt: 500
Port: 85
Modulation: LORA
Bandwidth: 125
SpreadFactor: 7
Bitrate: 0
CodeRate: 4/5
SNR: 13.5
RSSI: -52
Power: -
Payload(b64): A2cQAQRofAUAAQbLAAd9TQII5g8ACXMaJwp9AgALfQ0ADH0NAA==
Payload(hex): 0367100104687c05000106cb00077d4d0208e60f0009731a270a7d02000b7d0d000c7d0d00
JSON: {""co2"":589,""hcho"":0.02,""humidity"":62,""light_level"":0,""pir"":1,""pm10"":13,""pm2_5"":13,""pressure"":1001,""temperature"":27.2,""tvoc"":15}
MIC: b14ad8e7"
24E124710E317752,24E124FFFEFAB29D,473100000,SF7BW125, -51/14.0,37,499,UpUnc,2026-07-14T23:21:24+08:00,"Dev Addr/Multicast Addr: 06f5800d
GwEUI: 24E124FFFEFAB29D
AppEUI: 24E124C0002A0001
Device EUI/Group Name: 24E124710E317752
Class Type: Class C
Immediately: -
Timestamp: 669470442
Type: UpUnc
Adr: true
AdrAcKReq: false
Ack: false
Fcnt: 499
Port: 85
Modulation: LORA
Bandwidth: 125
SpreadFactor: 7
Bitrate: 0
CodeRate: 4/5
SNR: 14.0
RSSI: -51
Power: -
Payload(b64): A2cRAQRofAUAAQbLAAd9SwII5g8ACXMaJwp9AQALfQ0ADH0NAA==
Payload(hex): 0367110104687c05000106cb00077d4b0208e60f0009731a270a7d01000b7d0d000c7d0d00
JSON: {""co2"":587,""hcho"":0.01,""humidity"":62,""light_level"":0,""pir"":1,""pm10"":13,""pm2_5"":13,""pressure"":1001,""temperature"":27.3,""tvoc"":15}
MIC: 77d6d22a"
24E124710E317752,24E124FFFEFAB29D,472100000,SF7BW125, -53/13.8,37,498,UpUnc,2026-07-14T23:20:24+08:00,"Dev Addr/Multicast Addr: 06f5800d
GwEUI: 24E124FFFEFAB29D
AppEUI: 24E124C0002A0001
Device EUI/Group Name: 24E124710E317752
Class Type: Class C
Immediately: -
Timestamp: 609466386
Type: UpUnc
Adr: true
AdrAcKReq: false
Ack: false
Fcnt: 498
Port: 85
Modulation: LORA
Bandwidth: 125
SpreadFactor: 7
Bitrate: 0
CodeRate: 4/5
SNR: 13.8
RSSI: -53
Power: -
Payload(b64): A2cRAQRofAUAAQbLAAd9TAII5g8ACXMaJwp9AQALfQ0ADH0NAA==
Payload(hex): 0367110104687c05000106cb00077d4c0208e60f0009731a270a7d01000b7d0d000c7d0d00
JSON: {""co2"":588,""hcho"":0.01,""humidity"":62,""light_level"":0,""pir"":1,""pm10"":13,""pm2_5"":13,""pressure"":1001,""temperature"":27.3,""tvoc"":15}
MIC: 48e0b6ab"
24E124710E317752,24E124FFFEFAB29D,503100000,SF7BW125, -/-,0,18,DnUnc,2026-07-14T23:19:41+08:00,"Dev Addr/Multicast Addr: 06f5800d
GwEUI: 24E124FFFEFAB29D
AppEUI: 24E124C0002A0001
Device EUI/Group Name: 24E124710E317752
Class Type: Class C
Immediately: false
Timestamp: 567345440
Type: DnUnc
Adr: true
AdrAcKReq: false
Ack: false
Fcnt: 18
Port: -
Modulation: LORA
Bandwidth: 125
SpreadFactor: 7
Bitrate: 0
CodeRate: 4/5
SNR: -
RSSI: -
Power: 20
Payload(b64): 
Payload(hex): 
JSON: 
MIC: d95859f2"
24E124710E317752,24E124FFFEFAB29D,473100000,SF7BW125, -51/13.8,0,497,UpUnc,2026-07-14T23:19:40+08:00,"Dev Addr/Multicast Addr: 06f5800d
GwEUI: 24E124FFFEFAB29D
AppEUI: 24E124C0002A0001
Device EUI/Group Name: 24E124710E317752
Class Type: Class C
Immediately: -
Timestamp: 566345440
Type: UpUnc
Adr: true
AdrAcKReq: false
Ack: false
Fcnt: 497
Port: 0
Modulation: LORA
Bandwidth: 125
SpreadFactor: 7
Bitrate: 0
CodeRate: 4/5
SNR: 13.8
RSSI: -51
Power: -
Payload(b64): 
Payload(hex): 
JSON: 
MIC: b9d5817e"
24E124710E317752,24E124FFFEFAB29D,471900000,SF7BW125, -55/13.8,37,496,UpUnc,2026-07-14T23:19:24+08:00,"Dev Addr/Multicast Addr: 06f5800d
GwEUI: 24E124FFFEFAB29D
AppEUI: 24E124C0002A0001
Device EUI/Group Name: 24E124710E317752
Class Type: Class C
Immediately: -
Timestamp: 549464319
Type: UpUnc
Adr: true
AdrAcKReq: false
Ack: false
Fcnt: 496
Port: 85
Modulation: LORA
Bandwidth: 125
SpreadFactor: 7
Bitrate: 0
CodeRate: 4/5
SNR: 13.8
RSSI: -55
Power: -
Payload(b64): A2cRAQRofAUAAAbLAAd9TAII5g8ACXMaJwp9AQALfRAADH0QAA==
Payload(hex): 0367110104687c05000006cb00077d4c0208e60f0009731a270a7d01000b7d10000c7d1000
JSON: {""co2"":588,""hcho"":0.01,""humidity"":62,""light_level"":0,""pir"":0,""pm10"":16,""pm2_5"":16,""pressure"":1001,""temperature"":27.3,""tvoc"":15}
MIC: 7c1b9d22"
24E124710E317752,24E124FFFEFAB29D,472100000,SF7BW125, -53/13.8,37,495,UpUnc,2026-07-14T23:18:24+08:00,"Dev Addr/Multicast Addr: 06f5800d
GwEUI: 24E124FFFEFAB29D
AppEUI: 24E124C0002A0001
Device EUI/Group Name: 24E124710E317752
Class Type: Class C
Immediately: -
Timestamp: 489473406
Type: UpUnc
Adr: true
AdrAcKReq: false
Ack: false
Fcnt: 495
Port: 85
Modulation: LORA
Bandwidth: 125
SpreadFactor: 7
Bitrate: 0
CodeRate: 4/5
SNR: 13.8
RSSI: -53
Power: -
Payload(b64): A2cRAQRofAUAAQbLAAd9SgII5g8ACXMaJwp9AgALfRAADH0QAA==
Payload(hex): 0367110104687c05000106cb00077d4a0208e60f0009731a270a7d02000b7d10000c7d1000
JSON: {""co2"":586,""hcho"":0.02,""humidity"":62,""light_level"":0,""pir"":1,""pm10"":16,""pm2_5"":16,""pressure"":1001,""temperature"":27.3,""tvoc"":15}
MIC: 4b2d5905"
24E124710E317752,24E124FFFEFAB29D,472500000,SF7BW125, -53/13.8,37,494,UpUnc,2026-07-14T23:17:24+08:00,"Dev Addr/Multicast Addr: 06f5800d
GwEUI: 24E124FFFEFAB29D
AppEUI: 24E124C0002A0001
Device EUI/Group Name: 24E124710E317752
Class Type: Class C
Immediately: -
Timestamp: 429466203
Type: UpUnc
Adr: true
AdrAcKReq: false
Ack: false
Fcnt: 494
Port: 85
Modulation: LORA
Bandwidth: 125
SpreadFactor: 7
Bitrate: 0
CodeRate: 4/5
SNR: 13.8
RSSI: -53
Power: -
Payload(b64): A2cQAQRofAUAAQbLAAd9SgII5g8ACXMaJwp9AgALfRAADH0QAA==
Payload(hex): 0367100104687c05000106cb00077d4a0208e60f0009731a270a7d02000b7d10000c7d1000
JSON: {""co2"":586,""hcho"":0.02,""humidity"":62,""light_level"":0,""pir"":1,""pm10"":16,""pm2_5"":16,""pressure"":1001,""temperature"":27.2,""tvoc"":15}
MIC: ebea7f07"
24E124710E317752,24E124FFFEFAB29D,472900000,SF7BW125, -51/8.5,37,493,UpUnc,2026-07-14T23:16:24+08:00,"Dev Addr/Multicast Addr: 06f5800d
GwEUI: 24E124FFFEFAB29D
AppEUI: 24E124C0002A0001
Device EUI/Group Name: 24E124710E317752
Class Type: Class C
Immediately: -
Timestamp: 369473315
Type: UpUnc
Adr: true
AdrAcKReq: false
Ack: false
Fcnt: 493
Port: 85
Modulation: LORA
Bandwidth: 125
SpreadFactor: 7
Bitrate: 0
CodeRate: 4/5
SNR: 8.5
RSSI: -51
Power: -
Payload(b64): A2cQAQRofAUAAQbLAAd9TQII5g8ACXMaJwp9AQALfRAADH0RAA==
Payload(hex): 0367100104687c05000106cb00077d4d0208e60f0009731a270a7d01000b7d10000c7d1100
JSON: {""co2"":589,""hcho"":0.01,""humidity"":62,""light_level"":0,""pir"":1,""pm10"":17,""pm2_5"":16,""pressure"":1001,""temperature"":27.2,""tvoc"":15}
MIC: a2be79c2"
24E124710E317752,24E124FFFEFAB29D,471900000,SF7BW125, -55/14.2,37,492,UpUnc,2026-07-14T23:15:24+08:00,"Dev Addr/Multicast Addr: 06f5800d
GwEUI: 24E124FFFEFAB29D
AppEUI: 24E124C0002A0001
Device EUI/Group Name: 24E124710E317752
Class Type: Class C
Immediately: -
Timestamp: 309473040
Type: UpUnc
Adr: true
AdrAcKReq: false
Ack: false
Fcnt: 492
Port: 85
Modulation: LORA
Bandwidth: 125
SpreadFactor: 7
Bitrate: 0
CodeRate: 4/5
SNR: 14.2
RSSI: -55
Power: -
Payload(b64): A2cQAQRofAUAAQbLAAd9SwII5g8ACXMZJwp9AQALfRAADH0RAA==
Payload(hex): 0367100104687c05000106cb00077d4b0208e60f00097319270a7d01000b7d10000c7d1100
JSON: {""co2"":587,""hcho"":0.01,""humidity"":62,""light_level"":0,""pir"":1,""pm10"":17,""pm2_5"":16,""pressure"":1000.9,""temperature"":27.2,""tvoc"":15}
MIC: 0b07ef3b"
24E124710E317752,24E124FFFEFAB29D,472300000,SF7BW125, -53/11.0,37,491,UpUnc,2026-07-14T23:14:24+08:00,"Dev Addr/Multicast Addr: 06f5800d
GwEUI: 24E124FFFEFAB29D
AppEUI: 24E124C0002A0001
Device EUI/Group Name: 24E124710E317752
Class Type: Class C
Immediately: -
Timestamp: 249468195
Type: UpUnc
Adr: true
AdrAcKReq: false
Ack: false
Fcnt: 491
Port: 85
Modulation: LORA
Bandwidth: 125
SpreadFactor: 7
Bitrate: 0
CodeRate: 4/5
SNR: 11.0
RSSI: -53
Power: -
Payload(b64): A2cQAQRofAUAAQbLAAd9TwII5g8ACXMZJwp9AQALfRAADH0RAA==
Payload(hex): 0367100104687c05000106cb00077d4f0208e60f00097319270a7d01000b7d10000c7d1100
JSON: {""co2"":591,""hcho"":0.01,""humidity"":62,""light_level"":0,""pir"":1,""pm10"":17,""pm2_5"":16,""pressure"":1000.9,""temperature"":27.2,""tvoc"":15}
MIC: ba67e35f"
24E124710E317752,24E124FFFEFAB29D,472500000,SF7BW125, -53/14.2,37,490,UpUnc,2026-07-14T23:13:24+08:00,"Dev Addr/Multicast Addr: 06f5800d
GwEUI: 24E124FFFEFAB29D
AppEUI: 24E124C0002A0001
Device EUI/Group Name: 24E124710E317752
Class Type: Class C
Immediately: -
Timestamp: 189471908
Type: UpUnc
Adr: true
AdrAcKReq: false
Ack: false
Fcnt: 490
Port: 85
Modulation: LORA
Bandwidth: 125
SpreadFactor: 7
Bitrate: 0
CodeRate: 4/5
SNR: 14.2
RSSI: -53
Power: -
Payload(b64): A2cQAQRofAUAAAbLAAd9TAII5g8ACXMZJwp9AgALfQ4ADH0OAA==
Payload(hex): 0367100104687c05000006cb00077d4c0208e60f00097319270a7d02000b7d0e000c7d0e00
JSON: {""co2"":588,""hcho"":0.02,""humidity"":62,""light_level"":0,""pir"":0,""pm10"":14,""pm2_5"":14,""pressure"":1000.9,""temperature"":27.2,""tvoc"":15}
MIC: 9d27de6e"
24E124710E317752,24E124FFFEFAB29D,472900000,SF7BW125, -51/9.0,37,489,UpUnc,2026-07-14T23:12:24+08:00,"Dev Addr/Multicast Addr: 06f5800d
GwEUI: 24E124FFFEFAB29D
AppEUI: 24E124C0002A0001
Device EUI/Group Name: 24E124710E317752
Class Type: Class C
Immediately: -
Timestamp: 129467868
Type: UpUnc
Adr: true
AdrAcKReq: false
Ack: false
Fcnt: 489
Port: 85
Modulation: LORA
Bandwidth: 125
SpreadFactor: 7
Bitrate: 0
CodeRate: 4/5
SNR: 9.0
RSSI: -51
Power: -
Payload(b64): A2cRAQRofAUAAQbLAAd9TgII5g8ACXMZJwp9AgALfQ4ADH0OAA==
Payload(hex): 0367110104687c05000106cb00077d4e0208e60f00097319270a7d02000b7d0e000c7d0e00
JSON: {""co2"":590,""hcho"":0.02,""humidity"":62,""light_level"":0,""pir"":1,""pm10"":14,""pm2_5"":14,""pressure"":1000.9,""temperature"":27.3,""tvoc"":15}
MIC: f3d59fb1"
24E124710E317752,24E124FFFEFAB29D,473300000,SF7BW125, -52/14.0,37,488,UpUnc,2026-07-14T23:11:24+08:00,"Dev Addr/Multicast Addr: 06f5800d
GwEUI: 24E124FFFEFAB29D
AppEUI: 24E124C0002A0001
Device EUI/Group Name: 24E124710E317752
Class Type: Class C
Immediately: -
Timestamp: 69473794
Type: UpUnc
Adr: true
AdrAcKReq: false
Ack: false
Fcnt: 488
Port: 85
Modulation: LORA
Bandwidth: 125
SpreadFactor: 7
Bitrate: 0
CodeRate: 4/5
SNR: 14.0
RSSI: -52
Power: -
Payload(b64): A2cQAQRofAUAAQbLAAd9UAII5g8ACXMZJwp9AQALfQ4ADH0OAA==
Payload(hex): 0367100104687c05000106cb00077d500208e60f00097319270a7d01000b7d0e000c7d0e00
JSON: {""co2"":592,""hcho"":0.01,""humidity"":62,""light_level"":0,""pir"":1,""pm10"":14,""pm2_5"":14,""pressure"":1000.9,""temperature"":27.2,""tvoc"":15}
MIC: e5c742de"
24E124710E317752,24E124FFFEFAB29D,472300000,SF7BW125, -53/11.5,37,487,UpUnc,2026-07-14T23:10:24+08:00,"Dev Addr/Multicast Addr: 06f5800d
GwEUI: 24E124FFFEFAB29D
AppEUI: 24E124C0002A0001
Device EUI/Group Name: 24E124710E317752
Class Type: Class C
Immediately: -
Timestamp: 9470862
Type: UpUnc
Adr: true
AdrAcKReq: false
Ack: false
Fcnt: 487
Port: 85
Modulation: LORA
Bandwidth: 125
SpreadFactor: 7
Bitrate: 0
CodeRate: 4/5
SNR: 11.5
RSSI: -53
Power: -
Payload(b64): A2cQAQRofAUAAQbLAAd9UQII5g8ACXMYJwp9AQALfQ0ADH0NAA==
Payload(hex): 0367100104687c05000106cb00077d510208e60f00097318270a7d01000b7d0d000c7d0d00
JSON: {""co2"":593,""hcho"":0.01,""humidity"":62,""light_level"":0,""pir"":1,""pm10"":13,""pm2_5"":13,""pressure"":1000.8,""temperature"":27.2,""tvoc"":15}
MIC: 2a29e670"
24E124710E317752,24E124FFFEFAB29D,472700000,SF7BW125, -52/13.8,37,486,UpUnc,2026-07-14T23:09:24+08:00,"Dev Addr/Multicast Addr: 06f5800d
GwEUI: 24E124FFFEFAB29D
AppEUI: 24E124C0002A0001
Device EUI/Group Name: 24E124710E317752
Class Type: Class C
Immediately: -
Timestamp: 4244432964
Type: UpUnc
Adr: true
AdrAcKReq: false
Ack: false
Fcnt: 486
Port: 85
Modulation: LORA
Bandwidth: 125
SpreadFactor: 7
Bitrate: 0
CodeRate: 4/5
SNR: 13.8
RSSI: -52
Power: -
Payload(b64): A2cQAQRofAUAAQbLAAd9UwII5g8ACXMZJwp9AQALfQ0ADH0NAA==
Payload(hex): 0367100104687c05000106cb00077d530208e60f00097319270a7d01000b7d0d000c7d0d00
JSON: {""co2"":595,""hcho"":0.01,""humidity"":62,""light_level"":0,""pir"":1,""pm10"":13,""pm2_5"":13,""pressure"":1000.9,""temperature"":27.2,""tvoc"":15}
MIC: d8a9591f"
24E124710E317752,24E124FFFEFAB29D,473100000,SF7BW125, -51/14.2,37,485,UpUnc,2026-07-14T23:08:24+08:00,"Dev Addr/Multicast Addr: 06f5800d
GwEUI: 24E124FFFEFAB29D
AppEUI: 24E124C0002A0001
Device EUI/Group Name: 24E124710E317752
Class Type: Class C
Immediately: -
Timestamp: 4184437892
Type: UpUnc
Adr: true
AdrAcKReq: false
Ack: false
Fcnt: 485
Port: 85
Modulation: LORA
Bandwidth: 125
SpreadFactor: 7
Bitrate: 0
CodeRate: 4/5
SNR: 14.2
RSSI: -51
Power: -
Payload(b64): A2cQAQRofAUAAQbLAAd9UAII5g8ACXMYJwp9AgALfQ0ADH0NAA==
Payload(hex): 0367100104687c05000106cb00077d500208e60f00097318270a7d02000b7d0d000c7d0d00
JSON: {""co2"":592,""hcho"":0.02,""humidity"":62,""light_level"":0,""pir"":1,""pm10"":13,""pm2_5"":13,""pressure"":1000.8,""temperature"":27.2,""tvoc"":15}
MIC: 04202e6b"
24E124710E317752,24E124FFFEFAB29D,471900000,SF7BW125, -55/14.2,37,484,UpUnc,2026-07-14T23:07:24+08:00,"Dev Addr/Multicast Addr: 06f5800d
GwEUI: 24E124FFFEFAB29D
AppEUI: 24E124C0002A0001
Device EUI/Group Name: 24E124710E317752
Class Type: Class C
Immediately: -
Timestamp: 4124445978
Type: UpUnc
Adr: true
AdrAcKReq: false
Ack: false
Fcnt: 484
Port: 85
Modulation: LORA
Bandwidth: 125
SpreadFactor: 7
Bitrate: 0
CodeRate: 4/5
SNR: 14.2
RSSI: -55
Power: -
Payload(b64): A2cQAQRofAUAAQbLAAd9TwII5g8ACXMYJwp9AgALfRAADH0QAA==
Payload(hex): 0367100104687c05000106cb00077d4f0208e60f00097318270a7d02000b7d10000c7d1000
JSON: {""co2"":591,""hcho"":0.02,""humidity"":62,""light_level"":0,""pir"":1,""pm10"":16,""pm2_5"":16,""pressure"":1000.8,""temperature"":27.2,""tvoc"":15}
MIC: 52d36f11"
24E124710E317752,24E124FFFEFAB29D,472100000,SF7BW125, -54/14.0,37,483,UpUnc,2026-07-14T23:06:24+08:00,"Dev Addr/Multicast Addr: 06f5800d
GwEUI: 24E124FFFEFAB29D
AppEUI: 24E124C0002A0001
Device EUI/Group Name: 24E124710E317752
Class Type: Class C
Immediately: -
Timestamp: 4064438773
Type: UpUnc
Adr: true
AdrAcKReq: false
Ack: false
Fcnt: 483
Port: 85
Modulation: LORA
Bandwidth: 125
SpreadFactor: 7
Bitrate: 0
CodeRate: 4/5
SNR: 14.0
RSSI: -54
Power: -
Payload(b64): A2cQAQRofAUAAQbLAAd9TgII5g8ACXMYJwp9AgALfRAADH0QAA==
Payload(hex): 0367100104687c05000106cb00077d4e0208e60f00097318270a7d02000b7d10000c7d1000
JSON: {""co2"":590,""hcho"":0.02,""humidity"":62,""light_level"":0,""pir"":1,""pm10"":16,""pm2_5"":16,""pressure"":1000.8,""temperature"":27.2,""tvoc"":15}
MIC: 6de09116"
24E124710E317752,24E124FFFEFAB29D,472700000,SF7BW125, -53/13.8,37,482,UpUnc,2026-07-14T23:05:24+08:00,"Dev Addr/Multicast Addr: 06f5800d
GwEUI: 24E124FFFEFAB29D
AppEUI: 24E124C0002A0001
Device EUI/Group Name: 24E124710E317752
Class Type: Class C
Immediately: -
Timestamp: 4004433830
Type: UpUnc
Adr: true
AdrAcKReq: false
Ack: false
Fcnt: 482
Port: 85
Modulation: LORA
Bandwidth: 125
SpreadFactor: 7
Bitrate: 0
CodeRate: 4/5
SNR: 13.8
RSSI: -53
Power: -
Payload(b64): A2cQAQRofAUAAQbLAAd9TQII5g8ACXMYJwp9AQALfRAADH0QAA==
Payload(hex): 0367100104687c05000106cb00077d4d0208e60f00097318270a7d01000b7d10000c7d1000
JSON: {""co2"":589,""hcho"":0.01,""humidity"":62,""light_level"":0,""pir"":1,""pm10"":16,""pm2_5"":16,""pressure"":1000.8,""temperature"":27.2,""tvoc"":15}
MIC: 56dea679"
24E124710E317752,24E124FFFEFAB29D,472900000,SF7BW125, -51/8.5,37,481,UpUnc,2026-07-14T23:04:24+08:00,"Dev Addr/Multicast Addr: 06f5800d
GwEUI: 24E124FFFEFAB29D
AppEUI: 24E124C0002A0001
Device EUI/Group Name: 24E124710E317752
Class Type: Class C
Immediately: -
Timestamp: 3944438750
Type: UpUnc
Adr: true
AdrAcKReq: false
Ack: false
Fcnt: 481
Port: 85
Modulation: LORA
Bandwidth: 125
SpreadFactor: 7
Bitrate: 0
CodeRate: 4/5
SNR: 8.5
RSSI: -51
Power: -
Payload(b64): A2cQAQRofAUAAQbLAAd9TgII5g8ACXMYJwp9AQALfREADH0RAA==
Payload(hex): 0367100104687c05000106cb00077d4e0208e60f00097318270a7d01000b7d11000c7d1100
JSON: {""co2"":590,""hcho"":0.01,""humidity"":62,""light_level"":0,""pir"":1,""pm10"":17,""pm2_5"":17,""pressure"":1000.8,""temperature"":27.2,""tvoc"":15}
MIC: b9a15495"
24E124710E317752,24E124FFFEFAB29D,471900000,SF7BW125, -55/14.0,37,480,UpUnc,2026-07-14T23:03:24+08:00,"Dev Addr/Multicast Addr: 06f5800d
GwEUI: 24E124FFFEFAB29D
AppEUI: 24E124C0002A0001
Device EUI/Group Name: 24E124710E317752
Class Type: Class C
Immediately: -
Timestamp: 3884434693
Type: UpUnc
Adr: true
AdrAcKReq: false
Ack: false
Fcnt: 480
Port: 85
Modulation: LORA
Bandwidth: 125
SpreadFactor: 7
Bitrate: 0
CodeRate: 4/5
SNR: 14.0
RSSI: -55
Power: -
Payload(b64): A2cQAQRofAUAAQbLAAd9TgII5g8ACXMYJwp9AgALfREADH0RAA==
Payload(hex): 0367100104687c05000106cb00077d4e0208e60f00097318270a7d02000b7d11000c7d1100
JSON: {""co2"":590,""hcho"":0.02,""humidity"":62,""light_level"":0,""pir"":1,""pm10"":17,""pm2_5"":17,""pressure"":1000.8,""temperature"":27.2,""tvoc"":15}
MIC: 8f691781"
24E124710E317752,24E124FFFEFAB29D,472100000,SF7BW125, -54/13.8,37,479,UpUnc,2026-07-14T23:02:23+08:00,"Dev Addr/Multicast Addr: 06f5800d
GwEUI: 24E124FFFEFAB29D
AppEUI: 24E124C0002A0001
Device EUI/Group Name: 24E124710E317752
Class Type: Class C
Immediately: -
Timestamp: 3824439618
Type: UpUnc
Adr: true
AdrAcKReq: false
Ack: false
Fcnt: 479
Port: 85
Modulation: LORA
Bandwidth: 125
SpreadFactor: 7
Bitrate: 0
CodeRate: 4/5
SNR: 13.8
RSSI: -54
Power: -
Payload(b64): A2cQAQRofAUAAQbLAAd9TQII5g8ACXMZJwp9AgALfREADH0RAA==
Payload(hex): 0367100104687c05000106cb00077d4d0208e60f00097319270a7d02000b7d11000c7d1100
JSON: {""co2"":589,""hcho"":0.02,""humidity"":62,""light_level"":0,""pir"":1,""pm10"":17,""pm2_5"":17,""pressure"":1000.9,""temperature"":27.2,""tvoc"":15}
MIC: eab8df4c"
24E124710E317752,24E124FFFEFAB29D,472500000,SF7BW125, -53/13.5,37,478,UpUnc,2026-07-14T23:01:23+08:00,"Dev Addr/Multicast Addr: 06f5800d
GwEUI: 24E124FFFEFAB29D
AppEUI: 24E124C0002A0001
Device EUI/Group Name: 24E124710E317752
Class Type: Class C
Immediately: -
Timestamp: 3764444425
Type: UpUnc
Adr: true
AdrAcKReq: false
Ack: false
Fcnt: 478
Port: 85
Modulation: LORA
Bandwidth: 125
SpreadFactor: 7
Bitrate: 0
CodeRate: 4/5
SNR: 13.5
RSSI: -53
Power: -
Payload(b64): A2cQAQRofAUAAQbLAAd9UAII5g8ACXMZJwp9AgALfRAADH0QAA==
Payload(hex): 0367100104687c05000106cb00077d500208e60f00097319270a7d02000b7d10000c7d1000
JSON: {""co2"":592,""hcho"":0.02,""humidity"":62,""light_level"":0,""pir"":1,""pm10"":16,""pm2_5"":16,""pressure"":1000.9,""temperature"":27.2,""tvoc"":15}
MIC: b7518d96"
24E124710E317752,24E124FFFEFAB29D,473100000,SF7BW125, -51/13.8,37,477,UpUnc,2026-07-14T23:00:24+08:00,"Dev Addr/Multicast Addr: 06f5800d
GwEUI: 24E124FFFEFAB29D
AppEUI: 24E124C0002A0001
Device EUI/Group Name: 24E124710E317752
Class Type: Class C
Immediately: -
Timestamp: 3704438383
Type: UpUnc
Adr: true
AdrAcKReq: false
Ack: false
Fcnt: 477
Port: 85
Modulation: LORA
Bandwidth: 125
SpreadFactor: 7
Bitrate: 0
CodeRate: 4/5
SNR: 13.8
RSSI: -51
Power: -
Payload(b64): A2cQAQRofAUAAQbLAAd9UgII5g8ACXMZJwp9AQALfRAADH0QAA==
Payload(hex): 0367100104687c05000106cb00077d520208e60f00097319270a7d01000b7d10000c7d1000
JSON: {""co2"":594,""hcho"":0.01,""humidity"":62,""light_level"":0,""pir"":1,""pm10"":16,""pm2_5"":16,""pressure"":1000.9,""temperature"":27.2,""tvoc"":15}
MIC: e3ea567b"
24E124710E317752,24E124FFFEFAB29D,473300000,SF7BW125, -52/13.8,37,476,UpUnc,2026-07-14T22:59:24+08:00,"Dev Addr/Multicast Addr: 06f5800d
GwEUI: 24E124FFFEFAB29D
AppEUI: 24E124C0002A0001
Device EUI/Group Name: 24E124710E317752
Class Type: Class C
Immediately: -
Timestamp: 3644444424
Type: UpUnc
Adr: true
AdrAcKReq: false
Ack: false
Fcnt: 476
Port: 85
Modulation: LORA
Bandwidth: 125
SpreadFactor: 7
Bitrate: 0
CodeRate: 4/5
SNR: 13.8
RSSI: -52
Power: -
Payload(b64): A2cQAQRoewUAAQbLAAd9UwII5g8ACXMYJwp9AQALfRAADH0QAA==
Payload(hex): 0367100104687b05000106cb00077d530208e60f00097318270a7d01000b7d10000c7d1000
JSON: {""co2"":595,""hcho"":0.01,""humidity"":61.5,""light_level"":0,""pir"":1,""pm10"":16,""pm2_5"":16,""pressure"":1000.8,""temperature"":27.2,""tvoc"":15}
MIC: 7f5c9cb1"
24E124710E317752,24E124FFFEFAB29D,472100000,SF7BW125, -54/13.8,37,475,UpUnc,2026-07-14T22:58:24+08:00,"Dev Addr/Multicast Addr: 06f5800d
GwEUI: 24E124FFFEFAB29D
AppEUI: 24E124C0002A0001
Device EUI/Group Name: 24E124710E317752
Class Type: Class C
Immediately: -
Timestamp: 3584441240
Type: UpUnc
Adr: true
AdrAcKReq: false
Ack: false
Fcnt: 475
Port: 85
Modulation: LORA
Bandwidth: 125
SpreadFactor: 7
Bitrate: 0
CodeRate: 4/5
SNR: 13.8
RSSI: -54
Power: -
Payload(b64): A2cQAQRoewUAAQbLAAd9VQII5g8ACXMZJwp9AgALfQ8ADH0PAA==
Payload(hex): 0367100104687b05000106cb00077d550208e60f00097319270a7d02000b7d0f000c7d0f00
JSON: {""co2"":597,""hcho"":0.02,""humidity"":61.5,""light_level"":0,""pir"":1,""pm10"":15,""pm2_5"":15,""pressure"":1000.9,""temperature"":27.2,""tvoc"":15}
MIC: 6da163c8"
24E124710E317752,24E124FFFEFAB29D,472500000,SF7BW125, -53/14.0,37,474,UpUnc,2026-07-14T22:57:24+08:00,"Dev Addr/Multicast Addr: 06f5800d
GwEUI: 24E124FFFEFAB29D
AppEUI: 24E124C0002A0001
Device EUI/Group Name: 24E124710E317752
Class Type: Class C
Immediately: -
Timestamp: 3524439265
Type: UpUnc
Adr: true
AdrAcKReq: false
Ack: false
Fcnt: 474
Port: 85
Modulation: LORA
Bandwidth: 125
SpreadFactor: 7
Bitrate: 0
CodeRate: 4/5
SNR: 14.0
RSSI: -53
Power: -
Payload(b64): A2cQAQRoewUAAQbLAAd9VQII5g8ACXMYJwp9AgALfQ8ADH0PAA==
Payload(hex): 0367100104687b05000106cb00077d550208e60f00097318270a7d02000b7d0f000c7d0f00
JSON: {""co2"":597,""hcho"":0.02,""humidity"":61.5,""light_level"":0,""pir"":1,""pm10"":15,""pm2_5"":15,""pressure"":1000.8,""temperature"":27.2,""tvoc"":15}
MIC: 3db7b684"
24E124710E317752,24E124FFFEFAB29D,472900000,SF7BW125, -51/9.2,37,473,UpUnc,2026-07-14T22:56:24+08:00,"Dev Addr/Multicast Addr: 06f5800d
GwEUI: 24E124FFFEFAB29D
AppEUI: 24E124C0002A0001
Device EUI/Group Name: 24E124710E317752
Class Type: Class C
Immediately: -
Timestamp: 3464436210
Type: UpUnc
Adr: true
AdrAcKReq: false
Ack: false
Fcnt: 473
Port: 85
Modulation: LORA
Bandwidth: 125
SpreadFactor: 7
Bitrate: 0
CodeRate: 4/5
SNR: 9.2
RSSI: -51
Power: -
Payload(b64): A2cQAQRoewUAAQbLAAd9VgII5g8ACXMYJwp9AgALfQ8ADH0PAA==
Payload(hex): 0367100104687b05000106cb00077d560208e60f00097318270a7d02000b7d0f000c7d0f00
JSON: {""co2"":598,""hcho"":0.02,""humidity"":61.5,""light_level"":0,""pir"":1,""pm10"":15,""pm2_5"":15,""pressure"":1000.8,""temperature"":27.2,""tvoc"":15}
MIC: 5688bd1b"
24E124710E317752,24E124FFFEFAB29D,471900000,SF7BW125, -55/13.5,37,472,UpUnc,2026-07-14T22:55:24+08:00,"Dev Addr/Multicast Addr: 06f5800d
GwEUI: 24E124FFFEFAB29D
AppEUI: 24E124C0002A0001
Device EUI/Group Name: 24E124710E317752
Class Type: Class C
Immediately: -
Timestamp: 3404437180
Type: UpUnc
Adr: true
AdrAcKReq: false
Ack: false
Fcnt: 472
Port: 85
Modulation: LORA
Bandwidth: 125
SpreadFactor: 7
Bitrate: 0
CodeRate: 4/5
SNR: 13.5
RSSI: -55
Power: -
Payload(b64): A2cQAQRoewUAAQbLAAd9VwII5g8ACXMYJwp9AQALfQ4ADH0OAA==
Payload(hex): 0367100104687b05000106cb00077d570208e60f00097318270a7d01000b7d0e000c7d0e00
JSON: {""co2"":599,""hcho"":0.01,""humidity"":61.5,""light_level"":0,""pir"":1,""pm10"":14,""pm2_5"":14,""pressure"":1000.8,""temperature"":27.2,""tvoc"":15}
MIC: 6edb4908"
24E124710E317752,24E124FFFEFAB29D,472300000,SF7BW125, -53/9.2,37,471,UpUnc,2026-07-14T22:54:24+08:00,"Dev Addr/Multicast Addr: 06f5800d
GwEUI: 24E124FFFEFAB29D
AppEUI: 24E124C0002A0001
Device EUI/Group Name: 24E124710E317752
Class Type: Class C
Immediately: -
Timestamp: 3344442104
Type: UpUnc
Adr: true
AdrAcKReq: false
Ack: false
Fcnt: 471
Port: 85
Modulation: LORA
Bandwidth: 125
SpreadFactor: 7
Bitrate: 0
CodeRate: 4/5
SNR: 9.2
RSSI: -53
Power: -
Payload(b64): A2cQAQRoewUAAQbLAAd9VAII5g8ACXMZJwp9AQALfQ4ADH0OAA==
Payload(hex): 0367100104687b05000106cb00077d540208e60f00097319270a7d01000b7d0e000c7d0e00
JSON: {""co2"":596,""hcho"":0.01,""humidity"":61.5,""light_level"":0,""pir"":1,""pm10"":14,""pm2_5"":14,""pressure"":1000.9,""temperature"":27.2,""tvoc"":15}
MIC: 4923a363"
24E124710E317752,24E124FFFEFAB29D,472500000,SF7BW125, -53/14.0,37,470,UpUnc,2026-07-14T22:53:24+08:00,"Dev Addr/Multicast Addr: 06f5800d
GwEUI: 24E124FFFEFAB29D
AppEUI: 24E124C0002A0001
Device EUI/Group Name: 24E124710E317752
Class Type: Class C
Immediately: -
Timestamp: 3284440037
Type: UpUnc
Adr: true
AdrAcKReq: false
Ack: false
Fcnt: 470
Port: 85
Modulation: LORA
Bandwidth: 125
SpreadFactor: 7
Bitrate: 0
CodeRate: 4/5
SNR: 14.0
RSSI: -53
Power: -
Payload(b64): A2cQAQRoewUAAQbLAAd9UgII5g8ACXMZJwp9AgALfQ4ADH0OAA==
Payload(hex): 0367100104687b05000106cb00077d520208e60f00097319270a7d02000b7d0e000c7d0e00
JSON: {""co2"":594,""hcho"":0.02,""humidity"":61.5,""light_level"":0,""pir"":1,""pm10"":14,""pm2_5"":14,""pressure"":1000.9,""temperature"":27.2,""tvoc"":15}
MIC: e7b639bc"
24E124710E317752,24E124FFFEFAB29D,502700000,SF7BW125, -/-,0,17,DnUnc,2026-07-14T22:52:31+08:00,"Dev Addr/Multicast Addr: 06f5800d
GwEUI: 24E124FFFEFAB29D
AppEUI: 24E124C0002A0001
Device EUI/Group Name: 24E124710E317752
Class Type: Class C
Immediately: false
Timestamp: 3232382987
Type: DnUnc
Adr: true
AdrAcKReq: false
Ack: false
Fcnt: 17
Port: -
Modulation: LORA
Bandwidth: 125
SpreadFactor: 7
Bitrate: 0
CodeRate: 4/5
SNR: -
RSSI: -
Power: 20
Payload(b64): 
Payload(hex): 
JSON: 
MIC: 5ea928f0"
24E124710E317752,24E124FFFEFAB29D,472700000,SF7BW125, -53/14.0,0,469,UpUnc,2026-07-14T22:52:30+08:00,"Dev Addr/Multicast Addr: 06f5800d
GwEUI: 24E124FFFEFAB29D
AppEUI: 24E124C0002A0001
Device EUI/Group Name: 24E124710E317752
Class Type: Class C
Immediately: -
Timestamp: 3231382987
Type: UpUnc
Adr: true
AdrAcKReq: false
Ack: false
Fcnt: 469
Port: 0
Modulation: LORA
Bandwidth: 125
SpreadFactor: 7
Bitrate: 0
CodeRate: 4/5
SNR: 14.0
RSSI: -53
Power: -
Payload(b64): 
Payload(hex): 
JSON: 
MIC: 3b4f59f6"
24E124710E317752,24E124FFFEFAB29D,473100000,SF7BW125, -51/14.0,37,468,UpUnc,2026-07-14T22:52:24+08:00,"Dev Addr/Multicast Addr: 06f5800d
GwEUI: 24E124FFFEFAB29D
AppEUI: 24E124C0002A0001
Device EUI/Group Name: 24E124710E317752
Class Type: Class C
Immediately: -
Timestamp: 3224439856
Type: UpUnc
Adr: true
AdrAcKReq: false
Ack: false
Fcnt: 468
Port: 85
Modulation: LORA
Bandwidth: 125
SpreadFactor: 7
Bitrate: 0
CodeRate: 4/5
SNR: 14.0
RSSI: -51
Power: -
Payload(b64): A2cQAQRoewUAAQbLAAd9VAII5g8ACXMYJwp9AgALfREADH0SAA==
Payload(hex): 0367100104687b05000106cb00077d540208e60f00097318270a7d02000b7d11000c7d1200
JSON: {""co2"":596,""hcho"":0.02,""humidity"":61.5,""light_level"":0,""pir"":1,""pm10"":18,""pm2_5"":17,""pressure"":1000.8,""temperature"":27.2,""tvoc"":15}
MIC: e61ff960"
24E124710E317752,24E124FFFEFAB29D,471900000,SF7BW125, -55/14.0,37,467,UpUnc,2026-07-14T22:51:24+08:00,"Dev Addr/Multicast Addr: 06f5800d
GwEUI: 24E124FFFEFAB29D
AppEUI: 24E124C0002A0001
Device EUI/Group Name: 24E124710E317752
Class Type: Class C
Immediately: -
Timestamp: 3164444778
Type: UpUnc
Adr: true
AdrAcKReq: false
Ack: false
Fcnt: 467
Port: 85
Modulation: LORA
Bandwidth: 125
SpreadFactor: 7
Bitrate: 0
CodeRate: 4/5
SNR: 14.0
RSSI: -55
Power: -
Payload(b64): A2cQAQRoewUAAQbLAAd9VAII5g8ACXMYJwp9AgALfREADH0SAA==
Payload(hex): 0367100104687b05000106cb00077d540208e60f00097318270a7d02000b7d11000c7d1200
JSON: {""co2"":596,""hcho"":0.02,""humidity"":61.5,""light_level"":0,""pir"":1,""pm10"":18,""pm2_5"":17,""pressure"":1000.8,""temperature"":27.2,""tvoc"":15}
MIC: 063d4dd1"
24E124710E317752,24E124FFFEFAB29D,472500000,SF7BW125, -53/14.0,37,466,UpUnc,2026-07-14T22:50:24+08:00,"Dev Addr/Multicast Addr: 06f5800d
GwEUI: 24E124FFFEFAB29D
AppEUI: 24E124C0002A0001
Device EUI/Group Name: 24E124710E317752
Class Type: Class C
Immediately: -
Timestamp: 3104441778
Type: UpUnc
Adr: true
AdrAcKReq: false
Ack: false
Fcnt: 466
Port: 85
Modulation: LORA
Bandwidth: 125
SpreadFactor: 7
Bitrate: 0
CodeRate: 4/5
SNR: 14.0
RSSI: -53
Power: -
Payload(b64): A2cQAQRoewUAAQbLAAd9VwII5g8ACXMYJwp9AQALfREADH0SAA==
Payload(hex): 0367100104687b05000106cb00077d570208e60f00097318270a7d01000b7d11000c7d1200
JSON: {""co2"":599,""hcho"":0.01,""humidity"":61.5,""light_level"":0,""pir"":1,""pm10"":18,""pm2_5"":17,""pressure"":1000.8,""temperature"":27.2,""tvoc"":15}
MIC: 6f879151"
24E124710E317752,24E124FFFEFAB29D,472900000,SF7BW125, -51/8.2,37,465,UpUnc,2026-07-14T22:49:24+08:00,"Dev Addr/Multicast Addr: 06f5800d
GwEUI: 24E124FFFEFAB29D
AppEUI: 24E124C0002A0001
Device EUI/Group Name: 24E124710E317752
Class Type: Class C
Immediately: -
Timestamp: 3044445662
Type: UpUnc
Adr: true
AdrAcKReq: false
Ack: false
Fcnt: 465
Port: 85
Modulation: LORA
Bandwidth: 125
SpreadFactor: 7
Bitrate: 0
CodeRate: 4/5
SNR: 8.2
RSSI: -51
Power: -
Payload(b64): A2cQAQRoewUAAQbLAAd9VwII5g8ACXMYJwp9AQALfQ8ADH0PAA==
Payload(hex): 0367100104687b05000106cb00077d570208e60f00097318270a7d01000b7d0f000c7d0f00
JSON: {""co2"":599,""hcho"":0.01,""humidity"":61.5,""light_level"":0,""pir"":1,""pm10"":15,""pm2_5"":15,""pressure"":1000.8,""temperature"":27.2,""tvoc"":15}
MIC: 2e29aa72"
24E124710E317752,24E124FFFEFAB29D,473300000,SF7BW125, -52/14.0,37,464,UpUnc,2026-07-14T22:48:24+08:00,"Dev Addr/Multicast Addr: 06f5800d
GwEUI: 24E124FFFEFAB29D
AppEUI: 24E124C0002A0001
Device EUI/Group Name: 24E124710E317752
Class Type: Class C
Immediately: -
Timestamp: 2984445693
Type: UpUnc
Adr: true
AdrAcKReq: false
Ack: false
Fcnt: 464
Port: 85
Modulation: LORA
Bandwidth: 125
SpreadFactor: 7
Bitrate: 0
CodeRate: 4/5
SNR: 14.0
RSSI: -52
Power: -
Payload(b64): A2cQAQRoewUAAQbLAAd9WQII5g8ACXMYJwp9AgALfQ8ADH0PAA==
Payload(hex): 0367100104687b05000106cb00077d590208e60f00097318270a7d02000b7d0f000c7d0f00
JSON: {""co2"":601,""hcho"":0.02,""humidity"":61.5,""light_level"":0,""pir"":1,""pm10"":15,""pm2_5"":15,""pressure"":1000.8,""temperature"":27.2,""tvoc"":15}
MIC: a4f2f817"
24E124710E317752,24E124FFFEFAB29D,472100000,SF7BW125, -54/13.5,37,463,UpUnc,2026-07-14T22:47:24+08:00,"Dev Addr/Multicast Addr: 06f5800d
GwEUI: 24E124FFFEFAB29D
AppEUI: 24E124C0002A0001
Device EUI/Group Name: 24E124710E317752
Class Type: Class C
Immediately: -
Timestamp: 2924446532
Type: UpUnc
Adr: true
AdrAcKReq: false
Ack: false
Fcnt: 463
Port: 85
Modulation: LORA
Bandwidth: 125
SpreadFactor: 7
Bitrate: 0
CodeRate: 4/5
SNR: 13.5
RSSI: -54
Power: -
Payload(b64): A2cQAQRoewUAAQbLAAd9WwII5g8ACXMYJwp9AgALfQ8ADH0PAA==
Payload(hex): 0367100104687b05000106cb00077d5b0208e60f00097318270a7d02000b7d0f000c7d0f00
JSON: {""co2"":603,""hcho"":0.02,""humidity"":61.5,""light_level"":0,""pir"":1,""pm10"":15,""pm2_5"":15,""pressure"":1000.8,""temperature"":27.2,""tvoc"":15}
MIC: 2ba497fa"
24E124710E317752,24E124FFFEFAB29D,472500000,SF7BW125, -53/14.0,37,462,UpUnc,2026-07-14T22:46:24+08:00,"Dev Addr/Multicast Addr: 06f5800d
GwEUI: 24E124FFFEFAB29D
AppEUI: 24E124C0002A0001
Device EUI/Group Name: 24E124710E317752
Class Type: Class C
Immediately: -
Timestamp: 2864445633
Type: UpUnc
Adr: true
AdrAcKReq: false
Ack: false
Fcnt: 462
Port: 85
Modulation: LORA
Bandwidth: 125
SpreadFactor: 7
Bitrate: 0
CodeRate: 4/5
SNR: 14.0
RSSI: -53
Power: -
Payload(b64): A2cQAQRoewUAAQbLAAd9WwII5g8ACXMYJwp9AgALfQwADH0NAA==
Payload(hex): 0367100104687b05000106cb00077d5b0208e60f00097318270a7d02000b7d0c000c7d0d00
JSON: {""co2"":603,""hcho"":0.02,""humidity"":61.5,""light_level"":0,""pir"":1,""pm10"":13,""pm2_5"":12,""pressure"":1000.8,""temperature"":27.2,""tvoc"":15}
MIC: 9a2bc457"
24E124710E317752,24E124FFFEFAB29D,472900000,SF7BW125, -52/8.2,37,461,UpUnc,2026-07-14T22:45:23+08:00,"Dev Addr/Multicast Addr: 06f5800d
GwEUI: 24E124FFFEFAB29D
AppEUI: 24E124C0002A0001
Device EUI/Group Name: 24E124710E317752
Class Type: Class C
Immediately: -
Timestamp: 2804441394
Type: UpUnc
Adr: true
AdrAcKReq: false
Ack: false
Fcnt: 461
Port: 85
Modulation: LORA
Bandwidth: 125
SpreadFactor: 7
Bitrate: 0
CodeRate: 4/5
SNR: 8.2
RSSI: -52
Power: -
Payload(b64): A2cQAQRoewUAAQbLAAd9WgII5g8ACXMZJwp9AQALfQwADH0NAA==
Payload(hex): 0367100104687b05000106cb00077d5a0208e60f00097319270a7d01000b7d0c000c7d0d00
JSON: {""co2"":602,""hcho"":0.01,""humidity"":61.5,""light_level"":0,""pir"":1,""pm10"":13,""pm2_5"":12,""pressure"":1000.9,""temperature"":27.2,""tvoc"":15}
MIC: 9734089d"
24E124710E317752,24E124FFFEFAB29D,473100000,SF7BW125, -51/13.8,37,460,UpUnc,2026-07-14T22:44:24+08:00,"Dev Addr/Multicast Addr: 06f5800d
GwEUI: 24E124FFFEFAB29D
AppEUI: 24E124C0002A0001
Device EUI/Group Name: 24E124710E317752
Class Type: Class C
Immediately: -
Timestamp: 2744446454
Type: UpUnc
Adr: true
AdrAcKReq: false
Ack: false
Fcnt: 460
Port: 85
Modulation: LORA
Bandwidth: 125
SpreadFactor: 7
Bitrate: 0
CodeRate: 4/5
SNR: 13.8
RSSI: -51
Power: -
Payload(b64): A2cQAQRoewUAAQbLAAd9WQII5g8ACXMZJwp9AQALfQwADH0NAA==
Payload(hex): 0367100104687b05000106cb00077d590208e60f00097319270a7d01000b7d0c000c7d0d00
JSON: {""co2"":601,""hcho"":0.01,""humidity"":61.5,""light_level"":0,""pir"":1,""pm10"":13,""pm2_5"":12,""pressure"":1000.9,""temperature"":27.2,""tvoc"":15}
MIC: ec8d065a"
24E124710E317752,24E124FFFEFAB29D,472100000,SF7BW125, -54/14.0,37,459,UpUnc,2026-07-14T22:43:24+08:00,"Dev Addr/Multicast Addr: 06f5800d
GwEUI: 24E124FFFEFAB29D
AppEUI: 24E124C0002A0001
Device EUI/Group Name: 24E124710E317752
Class Type: Class C
Immediately: -
Timestamp: 2684442276
Type: UpUnc
Adr: true
AdrAcKReq: false
Ack: false
Fcnt: 459
Port: 85
Modulation: LORA
Bandwidth: 125
SpreadFactor: 7
Bitrate: 0
CodeRate: 4/5
SNR: 14.0
RSSI: -54
Power: -
Payload(b64): A2cQAQRoewUAAQbLAAd9WQII5g8ACXMYJwp9AgALfQ0ADH0NAA==
Payload(hex): 0367100104687b05000106cb00077d590208e60f00097318270a7d02000b7d0d000c7d0d00
JSON: {""co2"":601,""hcho"":0.02,""humidity"":61.5,""light_level"":0,""pir"":1,""pm10"":13,""pm2_5"":13,""pressure"":1000.8,""temperature"":27.2,""tvoc"":15}
MIC: e946e714"
24E124710E317752,24E124FFFEFAB29D,472300000,SF7BW125, -52/10.5,37,458,UpUnc,2026-07-14T22:42:24+08:00,"Dev Addr/Multicast Addr: 06f5800d
GwEUI: 24E124FFFEFAB29D
AppEUI: 24E124C0002A0001
Device EUI/Group Name: 24E124710E317752
Class Type: Class C
Immediately: -
Timestamp: 2624447191
Type: UpUnc
Adr: true
AdrAcKReq: false
Ack: false
Fcnt: 458
Port: 85
Modulation: LORA
Bandwidth: 125
SpreadFactor: 7
Bitrate: 0
CodeRate: 4/5
SNR: 10.5
RSSI: -52
Power: -
Payload(b64): A2cQAQRoewUAAQbLAAd9XAII5g8ACXMYJwp9AgALfQ0ADH0NAA==
Payload(hex): 0367100104687b05000106cb00077d5c0208e60f00097318270a7d02000b7d0d000c7d0d00
JSON: {""co2"":604,""hcho"":0.02,""humidity"":61.5,""light_level"":0,""pir"":1,""pm10"":13,""pm2_5"":13,""pressure"":1000.8,""temperature"":27.2,""tvoc"":15}
MIC: 59a83c59"
24E124710E317752,24E124FFFEFAB29D,472700000,SF7BW125, -52/14.2,37,457,UpUnc,2026-07-14T22:41:24+08:00,"Dev Addr/Multicast Addr: 06f5800d
GwEUI: 24E124FFFEFAB29D
AppEUI: 24E124C0002A0001
Device EUI/Group Name: 24E124710E317752
Class Type: Class C
Immediately: -
Timestamp: 2564447131
Type: UpUnc
Adr: true
AdrAcKReq: false
Ack: false
Fcnt: 457
Port: 85
Modulation: LORA
Bandwidth: 125
SpreadFactor: 7
Bitrate: 0
CodeRate: 4/5
SNR: 14.2
RSSI: -52
Power: -
Payload(b64): A2cQAQRoewUAAQbLAAd9XQII5g8ACXMZJwp9AgALfQ0ADH0NAA==
Payload(hex): 0367100104687b05000106cb00077d5d0208e60f00097319270a7d02000b7d0d000c7d0d00
JSON: {""co2"":605,""hcho"":0.02,""humidity"":61.5,""light_level"":0,""pir"":1,""pm10"":13,""pm2_5"":13,""pressure"":1000.9,""temperature"":27.2,""tvoc"":15}
MIC: 2c1a0d3e"
24E124710E317752,24E124FFFEFAB29D,473300000,SF7BW125, -51/14.2,37,456,UpUnc,2026-07-14T22:40:24+08:00,"Dev Addr/Multicast Addr: 06f5800d
GwEUI: 24E124FFFEFAB29D
AppEUI: 24E124C0002A0001
Device EUI/Group Name: 24E124710E317752
Class Type: Class C
Immediately: -
Timestamp: 2504447119
Type: UpUnc
Adr: true
AdrAcKReq: false
Ack: false
Fcnt: 456
Port: 85
Modulation: LORA
Bandwidth: 125
SpreadFactor: 7
Bitrate: 0
CodeRate: 4/5
SNR: 14.2
RSSI: -51
Power: -
Payload(b64): A2cQAQRoewUAAQbLAAd9WwII5g8ACXMZJwp9AQALfQ4ADH0OAA==
Payload(hex): 0367100104687b05000106cb00077d5b0208e60f00097319270a7d01000b7d0e000c7d0e00
JSON: {""co2"":603,""hcho"":0.01,""humidity"":61.5,""light_level"":0,""pir"":1,""pm10"":14,""pm2_5"":14,""pressure"":1000.9,""temperature"":27.2,""tvoc"":15}
MIC: abb5bda8"
24E124710E317752,24E124FFFEFAB29D,471900000,SF7BW125, -55/13.8,37,455,UpUnc,2026-07-14T22:39:24+08:00,"Dev Addr/Multicast Addr: 06f5800d
GwEUI: 24E124FFFEFAB29D
AppEUI: 24E124C0002A0001
Device EUI/Group Name: 24E124710E317752
Class Type: Class C
Immediately: -
Timestamp: 2444442133
Type: UpUnc
Adr: true
AdrAcKReq: false
Ack: false
Fcnt: 455
Port: 85
Modulation: LORA
Bandwidth: 125
SpreadFactor: 7
Bitrate: 0
CodeRate: 4/5
SNR: 13.8
RSSI: -55
Power: -
Payload(b64): A2cQAQRoewUAAQbLAAd9WwII5g8ACXMZJwp9AQALfQ4ADH0OAA==
Payload(hex): 0367100104687b05000106cb00077d5b0208e60f00097319270a7d01000b7d0e000c7d0e00
JSON: {""co2"":603,""hcho"":0.01,""humidity"":61.5,""light_level"":0,""pir"":1,""pm10"":14,""pm2_5"":14,""pressure"":1000.9,""temperature"":27.2,""tvoc"":15}
MIC: f8a25625"
24E124710E317752,24E124FFFEFAB29D,472500000,SF7BW125, -53/14.0,37,454,UpUnc,2026-07-14T22:38:24+08:00,"Dev Addr/Multicast Addr: 06f5800d
GwEUI: 24E124FFFEFAB29D
AppEUI: 24E124C0002A0001
Device EUI/Group Name: 24E124710E317752
Class Type: Class C
Immediately: -
Timestamp: 2384445928
Type: UpUnc
Adr: true
AdrAcKReq: false
Ack: false
Fcnt: 454
Port: 85
Modulation: LORA
Bandwidth: 125
SpreadFactor: 7
Bitrate: 0
CodeRate: 4/5
SNR: 14.0
RSSI: -53
Power: -
Payload(b64): A2cQAQRoewUAAQbLAAd9XAII5g8ACXMYJwp9AgALfQ4ADH0OAA==
Payload(hex): 0367100104687b05000106cb00077d5c0208e60f00097318270a7d02000b7d0e000c7d0e00
JSON: {""co2"":604,""hcho"":0.02,""humidity"":61.5,""light_level"":0,""pir"":1,""pm10"":14,""pm2_5"":14,""pressure"":1000.8,""temperature"":27.2,""tvoc"":15}
MIC: 53f0b942"
24E124710E317752,24E124FFFEFAB29D,472900000,SF7BW125, -51/9.0,37,453,UpUnc,2026-07-14T22:37:24+08:00,"Dev Addr/Multicast Addr: 06f5800d
GwEUI: 24E124FFFEFAB29D
AppEUI: 24E124C0002A0001
Device EUI/Group Name: 24E124710E317752
Class Type: Class C
Immediately: -
Timestamp: 2324448897
Type: UpUnc
Adr: true
AdrAcKReq: false
Ack: false
Fcnt: 453
Port: 85
Modulation: LORA
Bandwidth: 125
SpreadFactor: 7
Bitrate: 0
CodeRate: 4/5
SNR: 9.0
RSSI: -51
Power: -
Payload(b64): A2cQAQRoewUAAQbLAAd9WwII5g8ACXMYJwp9AgALfQ0ADH0NAA==
Payload(hex): 0367100104687b05000106cb00077d5b0208e60f00097318270a7d02000b7d0d000c7d0d00
JSON: {""co2"":603,""hcho"":0.02,""humidity"":61.5,""light_level"":0,""pir"":1,""pm10"":13,""pm2_5"":13,""pressure"":1000.8,""temperature"":27.2,""tvoc"":15}
MIC: 9c3f0332"
24E124710E317752,24E124FFFEFAB29D,473300000,SF7BW125, -51/13.8,37,452,UpUnc,2026-07-14T22:36:24+08:00,"Dev Addr/Multicast Addr: 06f5800d
GwEUI: 24E124FFFEFAB29D
AppEUI: 24E124C0002A0001
Device EUI/Group Name: 24E124710E317752
Class Type: Class C
Immediately: -
Timestamp: 2264442918
Type: UpUnc
Adr: true
AdrAcKReq: false
Ack: false
Fcnt: 452
Port: 85
Modulation: LORA
Bandwidth: 125
SpreadFactor: 7
Bitrate: 0
CodeRate: 4/5
SNR: 13.8
RSSI: -51
Power: -
Payload(b64): A2cQAQRoewUAAQbLAAd9WwII5g8ACXMYJwp9AgALfQ0ADH0NAA==
Payload(hex): 0367100104687b05000106cb00077d5b0208e60f00097318270a7d02000b7d0d000c7d0d00
JSON: {""co2"":603,""hcho"":0.02,""humidity"":61.5,""light_level"":0,""pir"":1,""pm10"":13,""pm2_5"":13,""pressure"":1000.8,""temperature"":27.2,""tvoc"":15}
MIC: 3135ce89"
24E124710E317752,24E124FFFEFAB29D,471900000,SF7BW125, -55/13.5,37,451,UpUnc,2026-07-14T22:35:24+08:00,"Dev Addr/Multicast Addr: 06f5800d
GwEUI: 24E124FFFEFAB29D
AppEUI: 24E124C0002A0001
Device EUI/Group Name: 24E124710E317752
Class Type: Class C
Immediately: -
Timestamp: 2204450077
Type: UpUnc
Adr: true
AdrAcKReq: false
Ack: false
Fcnt: 451
Port: 85
Modulation: LORA
Bandwidth: 125
SpreadFactor: 7
Bitrate: 0
CodeRate: 4/5
SNR: 13.5
RSSI: -55
Power: -
Payload(b64): A2cQAQRoewUAAQbLAAd9XAII5g8ACXMXJwp9AQALfQ0ADH0NAA==
Payload(hex): 0367100104687b05000106cb00077d5c0208e60f00097317270a7d01000b7d0d000c7d0d00
JSON: {""co2"":604,""hcho"":0.01,""humidity"":61.5,""light_level"":0,""pir"":1,""pm10"":13,""pm2_5"":13,""pressure"":1000.7,""temperature"":27.2,""tvoc"":15}
MIC: 9800cdf1"
24E124710E317752,24E124FFFEFAB29D,472300000,SF7BW125, -53/9.8,37,450,UpUnc,2026-07-14T22:34:24+08:00,"Dev Addr/Multicast Addr: 06f5800d
GwEUI: 24E124FFFEFAB29D
AppEUI: 24E124C0002A0001
Device EUI/Group Name: 24E124710E317752
Class Type: Class C
Immediately: -
Timestamp: 2144443709
Type: UpUnc
Adr: true
AdrAcKReq: false
Ack: false
Fcnt: 450
Port: 85
Modulation: LORA
Bandwidth: 125
SpreadFactor: 7
Bitrate: 0
CodeRate: 4/5
SNR: 9.8
RSSI: -53
Power: -
Payload(b64): A2cQAQRoewUAAQbLAAd9XAII5g8ACXMXJwp9AQALfQ4ADH0PAA==
Payload(hex): 0367100104687b05000106cb00077d5c0208e60f00097317270a7d01000b7d0e000c7d0f00
JSON: {""co2"":604,""hcho"":0.01,""humidity"":61.5,""light_level"":0,""pir"":1,""pm10"":15,""pm2_5"":14,""pressure"":1000.7,""temperature"":27.2,""tvoc"":15}
MIC: b997ab25"
24E124710E317752,24E124FFFEFAB29D,472900000,SF7BW125, -51/8.8,37,449,UpUnc,2026-07-14T22:33:24+08:00,"Dev Addr/Multicast Addr: 06f5800d
GwEUI: 24E124FFFEFAB29D
AppEUI: 24E124C0002A0001
Device EUI/Group Name: 24E124710E317752
Class Type: Class C
Immediately: -
Timestamp: 2084450713
Type: UpUnc
Adr: true
AdrAcKReq: false
Ack: false
Fcnt: 449
Port: 85
Modulation: LORA
Bandwidth: 125
SpreadFactor: 7
Bitrate: 0
CodeRate: 4/5
SNR: 8.8
RSSI: -51
Power: -
Payload(b64): A2cPAQRoewUAAQbLAAd9XQII5g8ACXMXJwp9AgALfQ4ADH0PAA==
Payload(hex): 03670f0104687b05000106cb00077d5d0208e60f00097317270a7d02000b7d0e000c7d0f00
JSON: {""co2"":605,""hcho"":0.02,""humidity"":61.5,""light_level"":0,""pir"":1,""pm10"":15,""pm2_5"":14,""pressure"":1000.7,""temperature"":27.1,""tvoc"":15}
MIC: 6fb22bb6"
24E124710E317752,24E124FFFEFAB29D,473300000,SF7BW125, -51/13.8,37,448,UpUnc,2026-07-14T22:32:24+08:00,"Dev Addr/Multicast Addr: 06f5800d
GwEUI: 24E124FFFEFAB29D
AppEUI: 24E124C0002A0001
Device EUI/Group Name: 24E124710E317752
Class Type: Class C
Immediately: -
Timestamp: 2024446659
Type: UpUnc
Adr: true
AdrAcKReq: false
Ack: false
Fcnt: 448
Port: 85
Modulation: LORA
Bandwidth: 125
SpreadFactor: 7
Bitrate: 0
CodeRate: 4/5
SNR: 13.8
RSSI: -51
Power: -
Payload(b64): A2cQAQRoewUAAQbLAAd9XAII5g8ACXMXJwp9AgALfQ4ADH0PAA==
Payload(hex): 0367100104687b05000106cb00077d5c0208e60f00097317270a7d02000b7d0e000c7d0f00
JSON: {""co2"":604,""hcho"":0.02,""humidity"":61.5,""light_level"":0,""pir"":1,""pm10"":15,""pm2_5"":14,""pressure"":1000.7,""temperature"":27.2,""tvoc"":15}
MIC: e0af6199"
24E124710E317752,24E124FFFEFAB29D,471900000,SF7BW125, -55/14.0,37,447,UpUnc,2026-07-14T22:31:24+08:00,"Dev Addr/Multicast Addr: 06f5800d
GwEUI: 24E124FFFEFAB29D
AppEUI: 24E124C0002A0001
Device EUI/Group Name: 24E124710E317752
Class Type: Class C
Immediately: -
Timestamp: 1964450495
Type: UpUnc
Adr: true
AdrAcKReq: false
Ack: false
Fcnt: 447
Port: 85
Modulation: LORA
Bandwidth: 125
SpreadFactor: 7
Bitrate: 0
CodeRate: 4/5
SNR: 14.0
RSSI: -55
Power: -
Payload(b64): A2cPAQRoewUAAQbLAAd9XQII5g8ACXMXJwp9AgALfREADH0RAA==
Payload(hex): 03670f0104687b05000106cb00077d5d0208e60f00097317270a7d02000b7d11000c7d1100
JSON: {""co2"":605,""hcho"":0.02,""humidity"":61.5,""light_level"":0,""pir"":1,""pm10"":17,""pm2_5"":17,""pressure"":1000.7,""temperature"":27.1,""tvoc"":15}
MIC: be6a93cb"
24E124710E317752,24E124FFFEFAB29D,472300000,SF7BW125, -52/10.2,37,446,UpUnc,2026-07-14T22:30:24+08:00,"Dev Addr/Multicast Addr: 06f5800d
GwEUI: 24E124FFFEFAB29D
AppEUI: 24E124C0002A0001
Device EUI/Group Name: 24E124710E317752
Class Type: Class C
Immediately: -
Timestamp: 1904446558
Type: UpUnc
Adr: true
AdrAcKReq: false
Ack: false
Fcnt: 446
Port: 85
Modulation: LORA
Bandwidth: 125
SpreadFactor: 7
Bitrate: 0
CodeRate: 4/5
SNR: 10.2
RSSI: -52
Power: -
Payload(b64): A2cPAQRoewUAAQbLAAd9XQII5g8ACXMXJwp9AQALfREADH0RAA==
Payload(hex): 03670f0104687b05000106cb00077d5d0208e60f00097317270a7d01000b7d11000c7d1100
JSON: {""co2"":605,""hcho"":0.01,""humidity"":61.5,""light_level"":0,""pir"":1,""pm10"":17,""pm2_5"":17,""pressure"":1000.7,""temperature"":27.1,""tvoc"":15}
MIC: 048a767f"
24E124710E317752,24E124FFFEFAB29D,472900000,SF7BW125, -51/8.0,37,445,UpUnc,2026-07-14T22:29:24+08:00,"Dev Addr/Multicast Addr: 06f5800d
GwEUI: 24E124FFFEFAB29D
AppEUI: 24E124C0002A0001
Device EUI/Group Name: 24E124710E317752
Class Type: Class C
Immediately: -
Timestamp: 1844442494
Type: UpUnc
Adr: true
AdrAcKReq: false
Ack: false
Fcnt: 445
Port: 85
Modulation: LORA
Bandwidth: 125
SpreadFactor: 7
Bitrate: 0
CodeRate: 4/5
SNR: 8.0
RSSI: -51
Power: -
Payload(b64): A2cQAQRoewUAAQbLAAd9XAII5g8ACXMWJwp9AQALfREADH0RAA==
Payload(hex): 0367100104687b05000106cb00077d5c0208e60f00097316270a7d01000b7d11000c7d1100
JSON: {""co2"":604,""hcho"":0.01,""humidity"":61.5,""light_level"":0,""pir"":1,""pm10"":17,""pm2_5"":17,""pressure"":1000.6,""temperature"":27.2,""tvoc"":15}
MIC: d25b9765"
24E124710E317752,24E124FFFEFAB29D,473300000,SF7BW125, -51/13.8,37,444,UpUnc,2026-07-14T22:28:24+08:00,"Dev Addr/Multicast Addr: 06f5800d
GwEUI: 24E124FFFEFAB29D
AppEUI: 24E124C0002A0001
Device EUI/Group Name: 24E124710E317752
Class Type: Class C
Immediately: -
Timestamp: 1784447328
Type: UpUnc
Adr: true
AdrAcKReq: false
Ack: false
Fcnt: 444
Port: 85
Modulation: LORA
Bandwidth: 125
SpreadFactor: 7
Bitrate: 0
CodeRate: 4/5
SNR: 13.8
RSSI: -51
Power: -
Payload(b64): A2cPAQRoewUAAQbLAAd9WgII5g8ACXMWJwp9AgALfQ8ADH0PAA==
Payload(hex): 03670f0104687b05000106cb00077d5a0208e60f00097316270a7d02000b7d0f000c7d0f00
JSON: {""co2"":602,""hcho"":0.02,""humidity"":61.5,""light_level"":0,""pir"":1,""pm10"":15,""pm2_5"":15,""pressure"":1000.6,""temperature"":27.1,""tvoc"":15}
MIC: 8fe342b2"
24E124710E317752,24E124FFFEFAB29D,471900000,SF7BW125, -55/13.5,37,443,UpUnc,2026-07-14T22:27:24+08:00,"Dev Addr/Multicast Addr: 06f5800d
GwEUI: 24E124FFFEFAB29D
AppEUI: 24E124C0002A0001
Device EUI/Group Name: 24E124710E317752
Class Type: Class C
Immediately: -
Timestamp: 1724451245
Type: UpUnc
Adr: true
AdrAcKReq: false
Ack: false
Fcnt: 443
Port: 85
Modulation: LORA
Bandwidth: 125
SpreadFactor: 7
Bitrate: 0
CodeRate: 4/5
SNR: 13.5
RSSI: -55
Power: -
Payload(b64): A2cPAQRoewUAAQbLAAd9XAII5g8ACXMWJwp9AgALfQ8ADH0PAA==
Payload(hex): 03670f0104687b05000106cb00077d5c0208e60f00097316270a7d02000b7d0f000c7d0f00
JSON: {""co2"":604,""hcho"":0.02,""humidity"":61.5,""light_level"":0,""pir"":1,""pm10"":15,""pm2_5"":15,""pressure"":1000.6,""temperature"":27.1,""tvoc"":15}
MIC: 162203c5"
24E124710E317752,24E124FFFEFAB29D,472500000,SF7BW125, -53/14.0,37,442,UpUnc,2026-07-14T22:26:24+08:00,"Dev Addr/Multicast Addr: 06f5800d
GwEUI: 24E124FFFEFAB29D
AppEUI: 24E124C0002A0001
Device EUI/Group Name: 24E124710E317752
Class Type: Class C
Immediately: -
Timestamp: 1664448190
Type: UpUnc
Adr: true
AdrAcKReq: false
Ack: false
Fcnt: 442
Port: 85
Modulation: LORA
Bandwidth: 125
SpreadFactor: 7
Bitrate: 0
CodeRate: 4/5
SNR: 14.0
RSSI: -53
Power: -
Payload(b64): A2cPAQRoewUAAQbLAAd9XQII5g8ACXMWJwp9AgALfQ8ADH0PAA==
Payload(hex): 03670f0104687b05000106cb00077d5d0208e60f00097316270a7d02000b7d0f000c7d0f00
JSON: {""co2"":605,""hcho"":0.02,""humidity"":61.5,""light_level"":0,""pir"":1,""pm10"":15,""pm2_5"":15,""pressure"":1000.6,""temperature"":27.1,""tvoc"":15}
MIC: 9ffbf741"
24E124710E317752,24E124FFFEFAB29D,472700000,SF7BW125, -52/14.0,37,441,UpUnc,2026-07-14T22:25:24+08:00,"Dev Addr/Multicast Addr: 06f5800d
GwEUI: 24E124FFFEFAB29D
AppEUI: 24E124C0002A0001
Device EUI/Group Name: 24E124710E317752
Class Type: Class C
Immediately: -
Timestamp: 1604447402
Type: UpUnc
Adr: true
AdrAcKReq: false
Ack: false
Fcnt: 441
Port: 85
Modulation: LORA
Bandwidth: 125
SpreadFactor: 7
Bitrate: 0
CodeRate: 4/5
SNR: 14.0
RSSI: -52
Power: -
Payload(b64): A2cQAQRoewUAAQbLAAd9XAII5g8ACXMWJwp9AQALfQ8ADH0PAA==
Payload(hex): 0367100104687b05000106cb00077d5c0208e60f00097316270a7d01000b7d0f000c7d0f00
JSON: {""co2"":604,""hcho"":0.01,""humidity"":61.5,""light_level"":0,""pir"":1,""pm10"":15,""pm2_5"":15,""pressure"":1000.6,""temperature"":27.2,""tvoc"":15}
MIC: 4da057a7"
24E124710E317752,24E124FFFEFAB29D,473300000,SF7BW125, -51/13.5,37,440,UpUnc,2026-07-14T22:24:24+08:00,"Dev Addr/Multicast Addr: 06f5800d
GwEUI: 24E124FFFEFAB29D
AppEUI: 24E124C0002A0001
Device EUI/Group Name: 24E124710E317752
Class Type: Class C
Immediately: -
Timestamp: 1544447140
Type: UpUnc
Adr: true
AdrAcKReq: false
Ack: false
Fcnt: 440
Port: 85
Modulation: LORA
Bandwidth: 125
SpreadFactor: 7
Bitrate: 0
CodeRate: 4/5
SNR: 13.5
RSSI: -51
Power: -
Payload(b64): A2cQAQRoewUAAQbLAAd9XgII5g8ACXMWJwp9AQALfQ8ADH0PAA==
Payload(hex): 0367100104687b05000106cb00077d5e0208e60f00097316270a7d01000b7d0f000c7d0f00
JSON: {""co2"":606,""hcho"":0.01,""humidity"":61.5,""light_level"":0,""pir"":1,""pm10"":15,""pm2_5"":15,""pressure"":1000.6,""temperature"":27.2,""tvoc"":15}
MIC: 2c9467de"
24E124710E317752,24E124FFFEFAB29D,472100000,SF7BW125, -53/13.8,37,439,UpUnc,2026-07-14T22:23:24+08:00,"Dev Addr/Multicast Addr: 06f5800d
GwEUI: 24E124FFFEFAB29D
AppEUI: 24E124C0002A0001
Device EUI/Group Name: 24E124710E317752
Class Type: Class C
Immediately: -
Timestamp: 1484451995
Type: UpUnc
Adr: true
AdrAcKReq: false
Ack: false
Fcnt: 439
Port: 85
Modulation: LORA
Bandwidth: 125
SpreadFactor: 7
Bitrate: 0
CodeRate: 4/5
SNR: 13.8
RSSI: -53
Power: -
Payload(b64): A2cPAQRoewUAAQbLAAd9WgII5g8ACXMWJwp9AgALfQ8ADH0PAA==
Payload(hex): 03670f0104687b05000106cb00077d5a0208e60f00097316270a7d02000b7d0f000c7d0f00
JSON: {""co2"":602,""hcho"":0.02,""humidity"":61.5,""light_level"":0,""pir"":1,""pm10"":15,""pm2_5"":15,""pressure"":1000.6,""temperature"":27.1,""tvoc"":15}
MIC: cb932a58"
24E124710E317752,24E124FFFEFAB29D,472300000,SF7BW125, -52/8.8,37,438,UpUnc,2026-07-14T22:22:24+08:00,"Dev Addr/Multicast Addr: 06f5800d
GwEUI: 24E124FFFEFAB29D
AppEUI: 24E124C0002A0001
Device EUI/Group Name: 24E124710E317752
Class Type: Class C
Immediately: -
Timestamp: 1424447031
Type: UpUnc
Adr: true
AdrAcKReq: false
Ack: false
Fcnt: 438
Port: 85
Modulation: LORA
Bandwidth: 125
SpreadFactor: 7
Bitrate: 0
CodeRate: 4/5
SNR: 8.8
RSSI: -52
Power: -
Payload(b64): A2cPAQRoewUAAQbLAAd9WgII5g8ACXMWJwp9AgALfREADH0RAA==
Payload(hex): 03670f0104687b05000106cb00077d5a0208e60f00097316270a7d02000b7d11000c7d1100
JSON: {""co2"":602,""hcho"":0.02,""humidity"":61.5,""light_level"":0,""pir"":1,""pm10"":17,""pm2_5"":17,""pressure"":1000.6,""temperature"":27.1,""tvoc"":15}
MIC: d5e45d2c"
24E124710E317752,24E124FFFEFAB29D,472700000,SF7BW125, -52/14.0,37,437,UpUnc,2026-07-14T22:21:24+08:00,"Dev Addr/Multicast Addr: 06f5800d
GwEUI: 24E124FFFEFAB29D
AppEUI: 24E124C0002A0001
Device EUI/Group Name: 24E124710E317752
Class Type: Class C
Immediately: -
Timestamp: 1364451863
Type: UpUnc
Adr: true
AdrAcKReq: false
Ack: false
Fcnt: 437
Port: 85
Modulation: LORA
Bandwidth: 125
SpreadFactor: 7
Bitrate: 0
CodeRate: 4/5
SNR: 14.0
RSSI: -52
Power: -
Payload(b64): A2cPAQRoewUAAQbLAAd9WQII5g8ACXMWJwp9AgALfREADH0RAA==
Payload(hex): 03670f0104687b05000106cb00077d590208e60f00097316270a7d02000b7d11000c7d1100
JSON: {""co2"":601,""hcho"":0.02,""humidity"":61.5,""light_level"":0,""pir"":1,""pm10"":17,""pm2_5"":17,""pressure"":1000.6,""temperature"":27.1,""tvoc"":15}
MIC: 6eb4e84d"
24E124710E317752,24E124FFFEFAB29D,473300000,SF7BW125, -51/14.2,37,436,UpUnc,2026-07-14T22:20:24+08:00,"Dev Addr/Multicast Addr: 06f5800d
GwEUI: 24E124FFFEFAB29D
AppEUI: 24E124C0002A0001
Device EUI/Group Name: 24E124710E317752
Class Type: Class C
Immediately: -
Timestamp: 1304446802
Type: UpUnc
Adr: true
AdrAcKReq: false
Ack: false
Fcnt: 436
Port: 85
Modulation: LORA
Bandwidth: 125
SpreadFactor: 7
Bitrate: 0
CodeRate: 4/5
SNR: 14.2
RSSI: -51
Power: -
Payload(b64): A2cPAQRoewUAAQbLAAd9WgII5g8ACXMWJwp9AQALfREADH0RAA==
Payload(hex): 03670f0104687b05000106cb00077d5a0208e60f00097316270a7d01000b7d11000c7d1100
JSON: {""co2"":602,""hcho"":0.01,""humidity"":61.5,""light_level"":0,""pir"":1,""pm10"":17,""pm2_5"":17,""pressure"":1000.6,""temperature"":27.1,""tvoc"":15}
MIC: 2d439145"
24E124710E317752,24E124FFFEFAB29D,471900000,SF7BW125, -55/13.5,37,435,UpUnc,2026-07-14T22:19:24+08:00,"Dev Addr/Multicast Addr: 06f5800d
GwEUI: 24E124FFFEFAB29D
AppEUI: 24E124C0002A0001
Device EUI/Group Name: 24E124710E317752
Class Type: Class C
Immediately: -
Timestamp: 1244450842
Type: UpUnc
Adr: true
AdrAcKReq: false
Ack: false
Fcnt: 435
Port: 85
Modulation: LORA
Bandwidth: 125
SpreadFactor: 7
Bitrate: 0
CodeRate: 4/5
SNR: 13.5
RSSI: -55
Power: -
Payload(b64): A2cPAQRoewUAAAbLAAd9WgII5g8ACXMVJwp9AgALfQ8ADH0PAA==
Payload(hex): 03670f0104687b05000006cb00077d5a0208e60f00097315270a7d02000b7d0f000c7d0f00
JSON: {""co2"":602,""hcho"":0.02,""humidity"":61.5,""light_level"":0,""pir"":0,""pm10"":15,""pm2_5"":15,""pressure"":1000.5,""temperature"":27.1,""tvoc"":15}
MIC: 04675fc8"
24E124710E317752,24E124FFFEFAB29D,502900000,SF7BW125, -/-,0,16,DnUnc,2026-07-14T22:18:32+08:00,"Dev Addr/Multicast Addr: 06f5800d
GwEUI: 24E124FFFEFAB29D
AppEUI: 24E124C0002A0001
Device EUI/Group Name: 24E124710E317752
Class Type: Class C
Immediately: false
Timestamp: 1193632786
Type: DnUnc
Adr: true
AdrAcKReq: false
Ack: false
Fcnt: 16
Port: -
Modulation: LORA
Bandwidth: 125
SpreadFactor: 7
Bitrate: 0
CodeRate: 4/5
SNR: -
RSSI: -
Power: 20
Payload(b64): 
Payload(hex): 
JSON: 
MIC: 7089d4f2"
24E124710E317752,24E124FFFEFAB29D,472900000,SF7BW125, -51/8.8,0,434,UpUnc,2026-07-14T22:18:32+08:00,"Dev Addr/Multicast Addr: 06f5800d
GwEUI: 24E124FFFEFAB29D
AppEUI: 24E124C0002A0001
Device EUI/Group Name: 24E124710E317752
Class Type: Class C
Immediately: -
Timestamp: 1192632786
Type: UpUnc
Adr: true
AdrAcKReq: false
Ack: false
Fcnt: 434
Port: 0
Modulation: LORA
Bandwidth: 125
SpreadFactor: 7
Bitrate: 0
CodeRate: 4/5
SNR: 8.8
RSSI: -51
Power: -
Payload(b64): 
Payload(hex): 
JSON: 
MIC: d48023e5"
24E124710E317752,24E124FFFEFAB29D,473300000,SF7BW125, -51/14.2,37,433,UpUnc,2026-07-14T22:18:24+08:00,"Dev Addr/Multicast Addr: 06f5800d
GwEUI: 24E124FFFEFAB29D
AppEUI: 24E124C0002A0001
Device EUI/Group Name: 24E124710E317752
Class Type: Class C
Immediately: -
Timestamp: 1184449785
Type: UpUnc
Adr: true
AdrAcKReq: false
Ack: false
Fcnt: 433
Port: 85
Modulation: LORA
Bandwidth: 125
SpreadFactor: 7
Bitrate: 0
CodeRate: 4/5
SNR: 14.2
RSSI: -51
Power: -
Payload(b64): A2cPAQRoegUAAQbLAAd9WQII5g8ACXMWJwp9AgALfQ8ADH0PAA==
Payload(hex): 03670f0104687a05000106cb00077d590208e60f00097316270a7d02000b7d0f000c7d0f00
JSON: {""co2"":601,""hcho"":0.02,""humidity"":61,""light_level"":0,""pir"":1,""pm10"":15,""pm2_5"":15,""pressure"":1000.6,""temperature"":27.1,""tvoc"":15}
MIC: 73109db5"
24E124710E317752,24E124FFFEFAB29D,472100000,SF7BW125, -53/13.5,37,432,UpUnc,2026-07-14T22:17:24+08:00,"Dev Addr/Multicast Addr: 06f5800d
GwEUI: 24E124FFFEFAB29D
AppEUI: 24E124C0002A0001
Device EUI/Group Name: 24E124710E317752
Class Type: Class C
Immediately: -
Timestamp: 1124447716
Type: UpUnc
Adr: true
AdrAcKReq: false
Ack: false
Fcnt: 432
Port: 85
Modulation: LORA
Bandwidth: 125
SpreadFactor: 7
Bitrate: 0
CodeRate: 4/5
SNR: 13.5
RSSI: -53
Power: -
Payload(b64): A2cPAQRoewUAAQbLAAd9XAII5g8ACXMWJwp9AgALfQ8ADH0PAA==
Payload(hex): 03670f0104687b05000106cb00077d5c0208e60f00097316270a7d02000b7d0f000c7d0f00
JSON: {""co2"":604,""hcho"":0.02,""humidity"":61.5,""light_level"":0,""pir"":1,""pm10"":15,""pm2_5"":15,""pressure"":1000.6,""temperature"":27.1,""tvoc"":15}
MIC: dcee76ca"
24E124710E317752,24E124FFFEFAB29D,472700000,SF7BW125, -52/14.8,37,431,UpUnc,2026-07-14T22:16:24+08:00,"Dev Addr/Multicast Addr: 06f5800d
GwEUI: 24E124FFFEFAB29D
AppEUI: 24E124C0002A0001
Device EUI/Group Name: 24E124710E317752
Class Type: Class C
Immediately: -
Timestamp: 1064452668
Type: UpUnc
Adr: true
AdrAcKReq: false
Ack: false
Fcnt: 431
Port: 85
Modulation: LORA
Bandwidth: 125
SpreadFactor: 7
Bitrate: 0
CodeRate: 4/5
SNR: 14.8
RSSI: -52
Power: -
Payload(b64): A2cPAQRoegUAAQbLAAd9WgII5g8ACXMWJwp9AgALfRAADH0QAA==
Payload(hex): 03670f0104687a05000106cb00077d5a0208e60f00097316270a7d02000b7d10000c7d1000
JSON: {""co2"":602,""hcho"":0.02,""humidity"":61,""light_level"":0,""pir"":1,""pm10"":16,""pm2_5"":16,""pressure"":1000.6,""temperature"":27.1,""tvoc"":15}
MIC: 1e77d48d"
24E124710E317752,24E124FFFEFAB29D,472900000,SF7BW125, -51/8.5,37,430,UpUnc,2026-07-14T22:15:24+08:00,"Dev Addr/Multicast Addr: 06f5800d
GwEUI: 24E124FFFEFAB29D
AppEUI: 24E124C0002A0001
Device EUI/Group Name: 24E124710E317752
Class Type: Class C
Immediately: -
Timestamp: 1004449598
Type: UpUnc
Adr: true
AdrAcKReq: false
Ack: false
Fcnt: 430
Port: 85
Modulation: LORA
Bandwidth: 125
SpreadFactor: 7
Bitrate: 0
CodeRate: 4/5
SNR: 8.5
RSSI: -51
Power: -
Payload(b64): A2cPAQRoegUAAQbLAAd9WwII5g8ACXMVJwp9AQALfRAADH0QAA==
Payload(hex): 03670f0104687a05000106cb00077d5b0208e60f00097315270a7d01000b7d10000c7d1000
JSON: {""co2"":603,""hcho"":0.01,""humidity"":61,""light_level"":0,""pir"":1,""pm10"":16,""pm2_5"":16,""pressure"":1000.5,""temperature"":27.1,""tvoc"":15}
MIC: eb1be049"
24E124710E317752,24E124FFFEFAB29D,471900000,SF7BW125, -55/14.0,37,429,UpUnc,2026-07-14T22:14:24+08:00,"Dev Addr/Multicast Addr: 06f5800d
GwEUI: 24E124FFFEFAB29D
AppEUI: 24E124C0002A0001
Device EUI/Group Name: 24E124710E317752
Class Type: Class C
Immediately: -
Timestamp: 944457704
Type: UpUnc
Adr: true
AdrAcKReq: false
Ack: false
Fcnt: 429
Port: 85
Modulation: LORA
Bandwidth: 125
SpreadFactor: 7
Bitrate: 0
CodeRate: 4/5
SNR: 14.0
RSSI: -55
Power: -
Payload(b64): A2cPAQRoegUAAQbLAAd9XwII5g8ACXMVJwp9AgALfRAADH0QAA==
Payload(hex): 03670f0104687a05000106cb00077d5f0208e60f00097315270a7d02000b7d10000c7d1000
JSON: {""co2"":607,""hcho"":0.02,""humidity"":61,""light_level"":0,""pir"":1,""pm10"":16,""pm2_5"":16,""pressure"":1000.5,""temperature"":27.1,""tvoc"":15}
MIC: 689f1e6c"
24E124710E317752,24E124FFFEFAB29D,472300000,SF7BW125, -53/8.5,37,428,UpUnc,2026-07-14T22:13:24+08:00,"Dev Addr/Multicast Addr: 06f5800d
GwEUI: 24E124FFFEFAB29D
AppEUI: 24E124C0002A0001
Device EUI/Group Name: 24E124710E317752
Class Type: Class C
Immediately: -
Timestamp: 884448434
Type: UpUnc
Adr: true
AdrAcKReq: false
Ack: false
Fcnt: 428
Port: 85
Modulation: LORA
Bandwidth: 125
SpreadFactor: 7
Bitrate: 0
CodeRate: 4/5
SNR: 8.5
RSSI: -53
Power: -
Payload(b64): A2cPAQRoegUAAQbLAAd9XgII5g8ACXMVJwp9AgALfRAADH0QAA==
Payload(hex): 03670f0104687a05000106cb00077d5e0208e60f00097315270a7d02000b7d10000c7d1000
JSON: {""co2"":606,""hcho"":0.02,""humidity"":61,""light_level"":0,""pir"":1,""pm10"":16,""pm2_5"":16,""pressure"":1000.5,""temperature"":27.1,""tvoc"":15}
MIC: 31eedf2d"
24E124710E317752,24E124FFFEFAB29D,472700000,SF7BW125, -52/13.8,37,427,UpUnc,2026-07-14T22:12:24+08:00,"Dev Addr/Multicast Addr: 06f5800d
GwEUI: 24E124FFFEFAB29D
AppEUI: 24E124C0002A0001
Device EUI/Group Name: 24E124710E317752
Class Type: Class C
Immediately: -
Timestamp: 824449414
Type: UpUnc
Adr: true
AdrAcKReq: false
Ack: false
Fcnt: 427
Port: 85
Modulation: LORA
Bandwidth: 125
SpreadFactor: 7
Bitrate: 0
CodeRate: 4/5
SNR: 13.8
RSSI: -52
Power: -
Payload(b64): A2cPAQRoegUAAQbLAAd9XgII5g8ACXMVJwp9AgALfRAADH0QAA==
Payload(hex): 03670f0104687a05000106cb00077d5e0208e60f00097315270a7d02000b7d10000c7d1000
JSON: {""co2"":606,""hcho"":0.02,""humidity"":61,""light_level"":0,""pir"":1,""pm10"":16,""pm2_5"":16,""pressure"":1000.5,""temperature"":27.1,""tvoc"":15}
MIC: 96db32ef"
24E124710E317752,24E124FFFEFAB29D,472900000,SF7BW125, -51/8.8,37,426,UpUnc,2026-07-14T22:11:24+08:00,"Dev Addr/Multicast Addr: 06f5800d
GwEUI: 24E124FFFEFAB29D
AppEUI: 24E124C0002A0001
Device EUI/Group Name: 24E124710E317752
Class Type: Class C
Immediately: -
Timestamp: 764454309
Type: UpUnc
Adr: true
AdrAcKReq: false
Ack: false
Fcnt: 426
Port: 85
Modulation: LORA
Bandwidth: 125
SpreadFactor: 7
Bitrate: 0
CodeRate: 4/5
SNR: 8.8
RSSI: -51
Power: -
Payload(b64): A2cPAQRoewUAAQbLAAd9YQII5g8ACXMVJwp9AgALfRAADH0QAA==
Payload(hex): 03670f0104687b05000106cb00077d610208e60f00097315270a7d02000b7d10000c7d1000
JSON: {""co2"":609,""hcho"":0.02,""humidity"":61.5,""light_level"":0,""pir"":1,""pm10"":16,""pm2_5"":16,""pressure"":1000.5,""temperature"":27.1,""tvoc"":15}
MIC: d30c2845"
24E124710E317752,24E124FFFEFAB29D,473300000,SF7BW125, -52/13.8,37,425,UpUnc,2026-07-14T22:10:24+08:00,"Dev Addr/Multicast Addr: 06f5800d
GwEUI: 24E124FFFEFAB29D
AppEUI: 24E124C0002A0001
Device EUI/Group Name: 24E124710E317752
Class Type: Class C
Immediately: -
Timestamp: 704451167
Type: UpUnc
Adr: true
AdrAcKReq: false
Ack: false
Fcnt: 425
Port: 85
Modulation: LORA
Bandwidth: 125
SpreadFactor: 7
Bitrate: 0
CodeRate: 4/5
SNR: 13.8
RSSI: -52
Power: -
Payload(b64): A2cPAQRoegUAAQbLAAd9ZAII5g8ACXMVJwp9AQALfREADH0RAA==
Payload(hex): 03670f0104687a05000106cb00077d640208e60f00097315270a7d01000b7d11000c7d1100
JSON: {""co2"":612,""hcho"":0.01,""humidity"":61,""light_level"":0,""pir"":1,""pm10"":17,""pm2_5"":17,""pressure"":1000.5,""temperature"":27.1,""tvoc"":15}
MIC: 812d1153"
24E124710E317752,24E124FFFEFAB29D,472100000,SF7BW125, -54/13.5,37,424,UpUnc,2026-07-14T22:09:24+08:00,"Dev Addr/Multicast Addr: 06f5800d
GwEUI: 24E124FFFEFAB29D
AppEUI: 24E124C0002A0001
Device EUI/Group Name: 24E124710E317752
Class Type: Class C
Immediately: -
Timestamp: 644455090
Type: UpUnc
Adr: true
AdrAcKReq: false
Ack: false
Fcnt: 424
Port: 85
Modulation: LORA
Bandwidth: 125
SpreadFactor: 7
Bitrate: 0
CodeRate: 4/5
SNR: 13.5
RSSI: -54
Power: -
Payload(b64): A2cPAQRoegUAAQbLAAd9YwII5g8ACXMUJwp9AgALfREADH0RAA==
Payload(hex): 03670f0104687a05000106cb00077d630208e60f00097314270a7d02000b7d11000c7d1100
JSON: {""co2"":611,""hcho"":0.02,""humidity"":61,""light_level"":0,""pir"":1,""pm10"":17,""pm2_5"":17,""pressure"":1000.4,""temperature"":27.1,""tvoc"":15}
MIC: 10a2cfb3"
24E124710E317752,24E124FFFEFAB29D,472700000,SF7BW125, -52/14.0,37,423,UpUnc,2026-07-14T22:08:24+08:00,"Dev Addr/Multicast Addr: 06f5800d
GwEUI: 24E124FFFEFAB29D
AppEUI: 24E124C0002A0001
Device EUI/Group Name: 24E124710E317752
Class Type: Class C
Immediately: -
Timestamp: 584452036
Type: UpUnc
Adr: true
AdrAcKReq: false
Ack: false
Fcnt: 423
Port: 85
Modulation: LORA
Bandwidth: 125
SpreadFactor: 7
Bitrate: 0
CodeRate: 4/5
SNR: 14.0
RSSI: -52
Power: -
Payload(b64): A2cPAQRoegUAAQbLAAd9YgII5g8ACXMUJwp9AQALfREADH0RAA==
Payload(hex): 03670f0104687a05000106cb00077d620208e60f00097314270a7d01000b7d11000c7d1100
JSON: {""co2"":610,""hcho"":0.01,""humidity"":61,""light_level"":0,""pir"":1,""pm10"":17,""pm2_5"":17,""pressure"":1000.4,""temperature"":27.1,""tvoc"":15}
MIC: 4f0e77ed"
24E124710E317752,24E124FFFEFAB29D,472900000,SF7BW125, -51/8.5,37,422,UpUnc,2026-07-14T22:07:24+08:00,"Dev Addr/Multicast Addr: 06f5800d
GwEUI: 24E124FFFEFAB29D
AppEUI: 24E124C0002A0001
Device EUI/Group Name: 24E124710E317752
Class Type: Class C
Immediately: -
Timestamp: 524447087
Type: UpUnc
Adr: true
AdrAcKReq: false
Ack: false
Fcnt: 422
Port: 85
Modulation: LORA
Bandwidth: 125
SpreadFactor: 7
Bitrate: 0
CodeRate: 4/5
SNR: 8.5
RSSI: -51
Power: -
Payload(b64): A2cPAQRoegUAAQbLAAd9YQII5g8ACXMVJwp9AgALfQ4ADH0OAA==
Payload(hex): 03670f0104687a05000106cb00077d610208e60f00097315270a7d02000b7d0e000c7d0e00
JSON: {""co2"":609,""hcho"":0.02,""humidity"":61,""light_level"":0,""pir"":1,""pm10"":14,""pm2_5"":14,""pressure"":1000.5,""temperature"":27.1,""tvoc"":15}
MIC: 59e5300d"
24E124710E317752,24E124FFFEFAB29D,473300000,SF7BW125, -52/14.0,37,421,UpUnc,2026-07-14T22:06:24+08:00,"Dev Addr/Multicast Addr: 06f5800d
GwEUI: 24E124FFFEFAB29D
AppEUI: 24E124C0002A0001
Device EUI/Group Name: 24E124710E317752
Class Type: Class C
Immediately: -
Timestamp: 464455909
Type: UpUnc
Adr: true
AdrAcKReq: false
Ack: false
Fcnt: 421
Port: 85
Modulation: LORA
Bandwidth: 125
SpreadFactor: 7
Bitrate: 0
CodeRate: 4/5
SNR: 14.0
RSSI: -52
Power: -
Payload(b64): A2cPAQRoegUAAQbLAAd9YgII5g8ACXMUJwp9AgALfQ4ADH0OAA==
Payload(hex): 03670f0104687a05000106cb00077d620208e60f00097314270a7d02000b7d0e000c7d0e00
JSON: {""co2"":610,""hcho"":0.02,""humidity"":61,""light_level"":0,""pir"":1,""pm10"":14,""pm2_5"":14,""pressure"":1000.4,""temperature"":27.1,""tvoc"":15}
MIC: c0d3b4ef"
24E124710E317752,24E124FFFEFAB29D,472300000,SF7BW125, -53/10.2,37,420,UpUnc,2026-07-14T22:05:24+08:00,"Dev Addr/Multicast Addr: 06f5800d
GwEUI: 24E124FFFEFAB29D
AppEUI: 24E124C0002A0001
Device EUI/Group Name: 24E124710E317752
Class Type: Class C
Immediately: -
Timestamp: 404450923
Type: UpUnc
Adr: true
AdrAcKReq: false
Ack: false
Fcnt: 420
Port: 85
Modulation: LORA
Bandwidth: 125
SpreadFactor: 7
Bitrate: 0
CodeRate: 4/5
SNR: 10.2
RSSI: -53
Power: -
Payload(b64): A2cPAQRoegUAAQbLAAd9ZAII5g8ACXMUJwp9AQALfQ4ADH0OAA==
Payload(hex): 03670f0104687a05000106cb00077d640208e60f00097314270a7d01000b7d0e000c7d0e00
JSON: {""co2"":612,""hcho"":0.01,""humidity"":61,""light_level"":0,""pir"":1,""pm10"":14,""pm2_5"":14,""pressure"":1000.4,""temperature"":27.1,""tvoc"":15}
MIC: 8885aedf"
24E124710E317752,24E124FFFEFAB29D,472700000,SF7BW125, -52/14.0,37,419,UpUnc,2026-07-14T22:04:24+08:00,"Dev Addr/Multicast Addr: 06f5800d
GwEUI: 24E124FFFEFAB29D
AppEUI: 24E124C0002A0001
Device EUI/Group Name: 24E124710E317752
Class Type: Class C
Immediately: -
Timestamp: 344456780
Type: UpUnc
Adr: true
AdrAcKReq: false
Ack: false
Fcnt: 419
Port: 85
Modulation: LORA
Bandwidth: 125
SpreadFactor: 7
Bitrate: 0
CodeRate: 4/5
SNR: 14.0
RSSI: -52
Power: -
Payload(b64): A2cPAQRoegUAAQbLAAd9ZAII5g8ACXMUJwp9AgALfQ4ADH0PAA==
Payload(hex): 03670f0104687a05000106cb00077d640208e60f00097314270a7d02000b7d0e000c7d0f00
JSON: {""co2"":612,""hcho"":0.02,""humidity"":61,""light_level"":0,""pir"":1,""pm10"":15,""pm2_5"":14,""pressure"":1000.4,""temperature"":27.1,""tvoc"":15}
MIC: 0d084e94"
24E124710E317752,24E124FFFEFAB29D,473100000,SF7BW125, -51/14.0,37,418,UpUnc,2026-07-14T22:03:24+08:00,"Dev Addr/Multicast Addr: 06f5800d
GwEUI: 24E124FFFEFAB29D
AppEUI: 24E124C0002A0001
Device EUI/Group Name: 24E124710E317752
Class Type: Class C
Immediately: -
Timestamp: 284450725
Type: UpUnc
Adr: true
AdrAcKReq: false
Ack: false
Fcnt: 418
Port: 85
Modulation: LORA
Bandwidth: 125
SpreadFactor: 7
Bitrate: 0
CodeRate: 4/5
SNR: 14.0
RSSI: -51
Power: -
Payload(b64): A2cPAQRoegUAAQbLAAd9ZgII5g8ACXMUJwp9AQALfQ4ADH0PAA==
Payload(hex): 03670f0104687a05000106cb00077d660208e60f00097314270a7d01000b7d0e000c7d0f00
JSON: {""co2"":614,""hcho"":0.01,""humidity"":61,""light_level"":0,""pir"":1,""pm10"":15,""pm2_5"":14,""pressure"":1000.4,""temperature"":27.1,""tvoc"":15}
MIC: a5aa6dd7"
24E124710E317752,24E124FFFEFAB29D,471900000,SF7BW125, -55/13.8,37,417,UpUnc,2026-07-14T22:02:24+08:00,"Dev Addr/Multicast Addr: 06f5800d
GwEUI: 24E124FFFEFAB29D
AppEUI: 24E124C0002A0001
Device EUI/Group Name: 24E124710E317752
Class Type: Class C
Immediately: -
Timestamp: 224452732
Type: UpUnc
Adr: true
AdrAcKReq: false
Ack: false
Fcnt: 417
Port: 85
Modulation: LORA
Bandwidth: 125
SpreadFactor: 7
Bitrate: 0
CodeRate: 4/5
SNR: 13.8
RSSI: -55
Power: -
Payload(b64): A2cPAQRoegUAAQbLAAd9ZgII5g8ACXMUJwp9AgALfQ4ADH0PAA==
Payload(hex): 03670f0104687a05000106cb00077d660208e60f00097314270a7d02000b7d0e000c7d0f00
JSON: {""co2"":614,""hcho"":0.02,""humidity"":61,""light_level"":0,""pir"":1,""pm10"":15,""pm2_5"":14,""pressure"":1000.4,""temperature"":27.1,""tvoc"":15}
MIC: 183f7bc9"
24E124710E317752,24E124FFFEFAB29D,472300000,SF7BW125, -53/10.2,37,416,UpUnc,2026-07-14T22:01:24+08:00,"Dev Addr/Multicast Addr: 06f5800d
GwEUI: 24E124FFFEFAB29D
AppEUI: 24E124C0002A0001
Device EUI/Group Name: 24E124710E317752
Class Type: Class C
Immediately: -
Timestamp: 164450584
Type: UpUnc
Adr: true
AdrAcKReq: false
Ack: false
Fcnt: 416
Port: 85
Modulation: LORA
Bandwidth: 125
SpreadFactor: 7
Bitrate: 0
CodeRate: 4/5
SNR: 10.2
RSSI: -53
Power: -
Payload(b64): A2cPAQRoegUAAQbLAAd9ZAII5g8ACXMUJwp9AgALfQ4ADH0OAA==
Payload(hex): 03670f0104687a05000106cb00077d640208e60f00097314270a7d02000b7d0e000c7d0e00
JSON: {""co2"":612,""hcho"":0.02,""humidity"":61,""light_level"":0,""pir"":1,""pm10"":14,""pm2_5"":14,""pressure"":1000.4,""temperature"":27.1,""tvoc"":15}
MIC: af724a6c"
24E124710E317752,24E124FFFEFAB29D,472500000,SF7BW125, -53/14.0,37,415,UpUnc,2026-07-14T22:00:24+08:00,"Dev Addr/Multicast Addr: 06f5800d
GwEUI: 24E124FFFEFAB29D
AppEUI: 24E124C0002A0001
Device EUI/Group Name: 24E124710E317752
Class Type: Class C
Immediately: -
Timestamp: 104454500
Type: UpUnc
Adr: true
AdrAcKReq: false
Ack: false
Fcnt: 415
Port: 85
Modulation: LORA
Bandwidth: 125
SpreadFactor: 7
Bitrate: 0
CodeRate: 4/5
SNR: 14.0
RSSI: -53
Power: -
Payload(b64): A2cPAQRoegUAAQbLAAd9ZgII5g8ACXMUJwp9AQALfQ4ADH0OAA==
Payload(hex): 03670f0104687a05000106cb00077d660208e60f00097314270a7d01000b7d0e000c7d0e00
JSON: {""co2"":614,""hcho"":0.01,""humidity"":61,""light_level"":0,""pir"":1,""pm10"":14,""pm2_5"":14,""pressure"":1000.4,""temperature"":27.1,""tvoc"":15}
MIC: 4954824f"
24E124710E317752,24E124FFFEFAB29D,472900000,SF7BW125, -51/9.5,37,414,UpUnc,2026-07-14T21:59:24+08:00,"Dev Addr/Multicast Addr: 06f5800d
GwEUI: 24E124FFFEFAB29D
AppEUI: 24E124C0002A0001
Device EUI/Group Name: 24E124710E317752
Class Type: Class C
Immediately: -
Timestamp: 44453466
Type: UpUnc
Adr: true
AdrAcKReq: false
Ack: false
Fcnt: 414
Port: 85
Modulation: LORA
Bandwidth: 125
SpreadFactor: 7
Bitrate: 0
CodeRate: 4/5
SNR: 9.5
RSSI: -51
Power: -
Payload(b64): A2cPAQRoegUAAQbLAAd9ZwII5g8ACXMUJwp9AgALfQ4ADH0OAA==
Payload(hex): 03670f0104687a05000106cb00077d670208e60f00097314270a7d02000b7d0e000c7d0e00
JSON: {""co2"":615,""hcho"":0.02,""humidity"":61,""light_level"":0,""pir"":1,""pm10"":14,""pm2_5"":14,""pressure"":1000.4,""temperature"":27.1,""tvoc"":15}
MIC: 8fa61f47"
24E124710E317752,24E124FFFEFAB29D,473300000,SF7BW125, -52/13.8,37,413,UpUnc,2026-07-14T21:58:24+08:00,"Dev Addr/Multicast Addr: 06f5800d
GwEUI: 24E124FFFEFAB29D
AppEUI: 24E124C0002A0001
Device EUI/Group Name: 24E124710E317752
Class Type: Class C
Immediately: -
Timestamp: 4279416689
Type: UpUnc
Adr: true
AdrAcKReq: false
Ack: false
Fcnt: 413
Port: 85
Modulation: LORA
Bandwidth: 125
SpreadFactor: 7
Bitrate: 0
CodeRate: 4/5
SNR: 13.8
RSSI: -52
Power: -
Payload(b64): A2cPAQRoegUAAQbLAAd9aQII5g8ACXMUJwp9AQALfRIADH0TAA==
Payload(hex): 03670f0104687a05000106cb00077d690208e60f00097314270a7d01000b7d12000c7d1300
JSON: {""co2"":617,""hcho"":0.01,""humidity"":61,""light_level"":0,""pir"":1,""pm10"":19,""pm2_5"":18,""pressure"":1000.4,""temperature"":27.1,""tvoc"":15}
MIC: 357bfb2b"
24E124710E317752,24E124FFFEFAB29D,472100000,SF7BW125, -54/13.8,37,412,UpUnc,2026-07-14T21:57:24+08:00,"Dev Addr/Multicast Addr: 06f5800d
GwEUI: 24E124FFFEFAB29D
AppEUI: 24E124C0002A0001
Device EUI/Group Name: 24E124710E317752
Class Type: Class C
Immediately: -
Timestamp: 4219420631
Type: UpUnc
Adr: true
AdrAcKReq: false
Ack: false
Fcnt: 412
Port: 85
Modulation: LORA
Bandwidth: 125
SpreadFactor: 7
Bitrate: 0
CodeRate: 4/5
SNR: 13.8
RSSI: -54
Power: -
Payload(b64): A2cPAQRoegUAAQbLAAd9aQII5g8ACXMUJwp9AgALfRIADH0TAA==
Payload(hex): 03670f0104687a05000106cb00077d690208e60f00097314270a7d02000b7d12000c7d1300
JSON: {""co2"":617,""hcho"":0.02,""humidity"":61,""light_level"":0,""pir"":1,""pm10"":19,""pm2_5"":18,""pressure"":1000.4,""temperature"":27.1,""tvoc"":15}
MIC: 74a0667d"
24E124710E317752,24E124FFFEFAB29D,472500000,SF7BW125, -53/14.0,37,411,UpUnc,2026-07-14T21:56:24+08:00,"Dev Addr/Multicast Addr: 06f5800d
GwEUI: 24E124FFFEFAB29D
AppEUI: 24E124C0002A0001
Device EUI/Group Name: 24E124710E317752
Class Type: Class C
Immediately: -
Timestamp: 4159417542
Type: UpUnc
Adr: true
AdrAcKReq: false
Ack: false
Fcnt: 411
Port: 85
Modulation: LORA
Bandwidth: 125
SpreadFactor: 7
Bitrate: 0
CodeRate: 4/5
SNR: 14.0
RSSI: -53
Power: -
Payload(b64): A2cPAQRoegUAAQbLAAd9agII5g8ACXMTJwp9AgALfRIADH0TAA==
Payload(hex): 03670f0104687a05000106cb00077d6a0208e60f00097313270a7d02000b7d12000c7d1300
JSON: {""co2"":618,""hcho"":0.02,""humidity"":61,""light_level"":0,""pir"":1,""pm10"":19,""pm2_5"":18,""pressure"":1000.3,""temperature"":27.1,""tvoc"":15}
MIC: 3be8bd72"
24E124710E317752,24E124FFFEFAB29D,473100000,SF7BW125, -51/13.5,37,410,UpUnc,2026-07-14T21:55:24+08:00,"Dev Addr/Multicast Addr: 06f5800d
GwEUI: 24E124FFFEFAB29D
AppEUI: 24E124C0002A0001
Device EUI/Group Name: 24E124710E317752
Class Type: Class C
Immediately: -
Timestamp: 4099420620
Type: UpUnc
Adr: true
AdrAcKReq: false
Ack: false
Fcnt: 410
Port: 85
Modulation: LORA
Bandwidth: 125
SpreadFactor: 7
Bitrate: 0
CodeRate: 4/5
SNR: 13.5
RSSI: -51
Power: -
Payload(b64): A2cPAQRoegUAAQbLAAd9awII5g8ACXMTJwp9AQALfQ8ADH0PAA==
Payload(hex): 03670f0104687a05000106cb00077d6b0208e60f00097313270a7d01000b7d0f000c7d0f00
JSON: {""co2"":619,""hcho"":0.01,""humidity"":61,""light_level"":0,""pir"":1,""pm10"":15,""pm2_5"":15,""pressure"":1000.3,""temperature"":27.1,""tvoc"":15}
MIC: 32773682"
24E124710E317752,24E124FFFEFAB29D,473300000,SF7BW125, -52/14.5,37,409,UpUnc,2026-07-14T21:54:24+08:00,"Dev Addr/Multicast Addr: 06f5800d
GwEUI: 24E124FFFEFAB29D
AppEUI: 24E124C0002A0001
Device EUI/Group Name: 24E124710E317752
Class Type: Class C
Immediately: -
Timestamp: 4039414445
Type: UpUnc
Adr: true
AdrAcKReq: false
Ack: false
Fcnt: 409
Port: 85
Modulation: LORA
Bandwidth: 125
SpreadFactor: 7
Bitrate: 0
CodeRate: 4/5
SNR: 14.5
RSSI: -52
Power: -
Payload(b64): A2cPAQRoegUAAQbLAAd9awII5g8ACXMUJwp9AgALfQ8ADH0PAA==
Payload(hex): 03670f0104687a05000106cb00077d6b0208e60f00097314270a7d02000b7d0f000c7d0f00
JSON: {""co2"":619,""hcho"":0.02,""humidity"":61,""light_level"":0,""pir"":1,""pm10"":15,""pm2_5"":15,""pressure"":1000.4,""temperature"":27.1,""tvoc"":15}
MIC: 5a5431f3"
24E124710E317752,24E124FFFEFAB29D,472100000,SF7BW125, -54/13.5,37,408,UpUnc,2026-07-14T21:53:24+08:00,"Dev Addr/Multicast Addr: 06f5800d
GwEUI: 24E124FFFEFAB29D
AppEUI: 24E124C0002A0001
Device EUI/Group Name: 24E124710E317752
Class Type: Class C
Immediately: -
Timestamp: 3979423665
Type: UpUnc
Adr: true
AdrAcKReq: false
Ack: false
Fcnt: 408
Port: 85
Modulation: LORA
Bandwidth: 125
SpreadFactor: 7
Bitrate: 0
CodeRate: 4/5
SNR: 13.5
RSSI: -54
Power: -
Payload(b64): A2cPAQRoegUAAQbLAAd9bAII5g8ACXMTJwp9AQALfQ8ADH0PAA==
Payload(hex): 03670f0104687a05000106cb00077d6c0208e60f00097313270a7d01000b7d0f000c7d0f00
JSON: {""co2"":620,""hcho"":0.01,""humidity"":61,""light_level"":0,""pir"":1,""pm10"":15,""pm2_5"":15,""pressure"":1000.3,""temperature"":27.1,""tvoc"":15}
MIC: 832695ce"
24E124710E317752,24E124FFFEFAB29D,502500000,SF7BW125, -/-,0,15,DnUnc,2026-07-14T21:53:11+08:00,"Dev Addr/Multicast Addr: 06f5800d
GwEUI: 24E124FFFEFAB29D
AppEUI: 24E124C0002A0001
Device EUI/Group Name: 24E124710E317752
Class Type: Class C
Immediately: false
Timestamp: 3967055403
Type: DnUnc
Adr: true
AdrAcKReq: false
Ack: false
Fcnt: 15
Port: -
Modulation: LORA
Bandwidth: 125
SpreadFactor: 7
Bitrate: 0
CodeRate: 4/5
SNR: -
RSSI: -
Power: 20
Payload(b64): 
Payload(hex): 
JSON: 
MIC: d8f5f45b"
24E124710E317752,24E124FFFEFAB29D,472500000,SF7BW125, -53/13.8,0,407,UpUnc,2026-07-14T21:53:10+08:00,"Dev Addr/Multicast Addr: 06f5800d
GwEUI: 24E124FFFEFAB29D
AppEUI: 24E124C0002A0001
Device EUI/Group Name: 24E124710E317752
Class Type: Class C
Immediately: -
Timestamp: 3966055403
Type: UpUnc
Adr: true
AdrAcKReq: false
Ack: false
Fcnt: 407
Port: 0
Modulation: LORA
Bandwidth: 125
SpreadFactor: 7
Bitrate: 0
CodeRate: 4/5
SNR: 13.8
RSSI: -53
Power: -
Payload(b64): 
Payload(hex): 
JSON: 
MIC: 91f99e9e"
24E124710E317752,24E124FFFEFAB29D,472900000,SF7BW125, -51/8.2,37,406,UpUnc,2026-07-14T21:52:24+08:00,"Dev Addr/Multicast Addr: 06f5800d
GwEUI: 24E124FFFEFAB29D
AppEUI: 24E124C0002A0001
Device EUI/Group Name: 24E124710E317752
Class Type: Class C
Immediately: -
Timestamp: 3919417322
Type: UpUnc
Adr: true
AdrAcKReq: false
Ack: false
Fcnt: 406
Port: 85
Modulation: LORA
Bandwidth: 125
SpreadFactor: 7
Bitrate: 0
CodeRate: 4/5
SNR: 8.2
RSSI: -51
Power: -
Payload(b64): A2cPAQRoegUAAQbLAAd9agII5g8ACXMUJwp9AgALfQ8ADH0PAA==
Payload(hex): 03670f0104687a05000106cb00077d6a0208e60f00097314270a7d02000b7d0f000c7d0f00
JSON: {""co2"":618,""hcho"":0.02,""humidity"":61,""light_level"":0,""pir"":1,""pm10"":15,""pm2_5"":15,""pressure"":1000.4,""temperature"":27.1,""tvoc"":15}
MIC: 69159e0c"
24E124710E317752,24E124FFFEFAB29D,473300000,SF7BW125, -52/13.8,37,405,UpUnc,2026-07-14T21:51:24+08:00,"Dev Addr/Multicast Addr: 06f5800d
GwEUI: 24E124FFFEFAB29D
AppEUI: 24E124C0002A0001
Device EUI/Group Name: 24E124710E317752
Class Type: Class C
Immediately: -
Timestamp: 3859416252
Type: UpUnc
Adr: true
AdrAcKReq: false
Ack: false
Fcnt: 405
Port: 85
Modulation: LORA
Bandwidth: 125
SpreadFactor: 7
Bitrate: 0
CodeRate: 4/5
SNR: 13.8
RSSI: -52
Power: -
Payload(b64): A2cPAQRoegUAAQbLAAd9agII5g8ACXMTJwp9AgALfQ8ADH0PAA==
Payload(hex): 03670f0104687a05000106cb00077d6a0208e60f00097313270a7d02000b7d0f000c7d0f00
JSON: {""co2"":618,""hcho"":0.02,""humidity"":61,""light_level"":0,""pir"":1,""pm10"":15,""pm2_5"":15,""pressure"":1000.3,""temperature"":27.1,""tvoc"":15}
MIC: 9d6acc63"
24E124710E317752,24E124FFFEFAB29D,472100000,SF7BW125, -54/13.5,37,404,UpUnc,2026-07-14T21:50:24+08:00,"Dev Addr/Multicast Addr: 06f5800d
GwEUI: 24E124FFFEFAB29D
AppEUI: 24E124C0002A0001
Device EUI/Group Name: 24E124710E317752
Class Type: Class C
Immediately: -
Timestamp: 3799423189
Type: UpUnc
Adr: true
AdrAcKReq: false
Ack: false
Fcnt: 404
Port: 85
Modulation: LORA
Bandwidth: 125
SpreadFactor: 7
Bitrate: 0
CodeRate: 4/5
SNR: 13.5
RSSI: -54
Power: -
Payload(b64): A2cPAQRoegUAAQbLAAd9bAII5g8ACXMTJwp9AQALfQ8ADH0PAA==
Payload(hex): 03670f0104687a05000106cb00077d6c0208e60f00097313270a7d01000b7d0f000c7d0f00
JSON: {""co2"":620,""hcho"":0.01,""humidity"":61,""light_level"":0,""pir"":1,""pm10"":15,""pm2_5"":15,""pressure"":1000.3,""temperature"":27.1,""tvoc"":15}
MIC: 9cb3694a"
24E124710E317752,24E124FFFEFAB29D,472500000,SF7BW125, -53/14.0,37,403,UpUnc,2026-07-14T21:49:24+08:00,"Dev Addr/Multicast Addr: 06f5800d
GwEUI: 24E124FFFEFAB29D
AppEUI: 24E124C0002A0001
Device EUI/Group Name: 24E124710E317752
Class Type: Class C
Immediately: -
Timestamp: 3739418223
Type: UpUnc
Adr: true
AdrAcKReq: false
Ack: false
Fcnt: 403
Port: 85
Modulation: LORA
Bandwidth: 125
SpreadFactor: 7
Bitrate: 0
CodeRate: 4/5
SNR: 14.0
RSSI: -53
Power: -
Payload(b64): A2cPAQRoegUAAQbLAAd9agII5g8ACXMTJwp9AgALfQ8ADH0PAA==
Payload(hex): 03670f0104687a05000106cb00077d6a0208e60f00097313270a7d02000b7d0f000c7d0f00
JSON: {""co2"":618,""hcho"":0.02,""humidity"":61,""light_level"":0,""pir"":1,""pm10"":15,""pm2_5"":15,""pressure"":1000.3,""temperature"":27.1,""tvoc"":15}
MIC: 784a5bc6"
24E124710E317752,24E124FFFEFAB29D,472900000,SF7BW125, -51/8.8,37,402,UpUnc,2026-07-14T21:48:24+08:00,"Dev Addr/Multicast Addr: 06f5800d
GwEUI: 24E124FFFEFAB29D
AppEUI: 24E124C0002A0001
Device EUI/Group Name: 24E124710E317752
Class Type: Class C
Immediately: -
Timestamp: 3679423187
Type: UpUnc
Adr: true
AdrAcKReq: false
Ack: false
Fcnt: 402
Port: 85
Modulation: LORA
Bandwidth: 125
SpreadFactor: 7
Bitrate: 0
CodeRate: 4/5
SNR: 8.8
RSSI: -51
Power: -
Payload(b64): A2cOAQRoegUAAAbLAAd9awII5g8ACXMTJwp9AQALfQ8ADH0PAA==
Payload(hex): 03670e0104687a05000006cb00077d6b0208e60f00097313270a7d01000b7d0f000c7d0f00
JSON: {""co2"":619,""hcho"":0.01,""humidity"":61,""light_level"":0,""pir"":0,""pm10"":15,""pm2_5"":15,""pressure"":1000.3,""temperature"":27,""tvoc"":15}
MIC: 8e3b3a97"
24E124710E317752,24E124FFFEFAB29D,473300000,SF7BW125, -52/14.2,37,401,UpUnc,2026-07-14T21:47:24+08:00,"Dev Addr/Multicast Addr: 06f5800d
GwEUI: 24E124FFFEFAB29D
AppEUI: 24E124C0002A0001
Device EUI/Group Name: 24E124710E317752
Class Type: Class C
Immediately: -
Timestamp: 3619419118
Type: UpUnc
Adr: true
AdrAcKReq: false
Ack: false
Fcnt: 401
Port: 85
Modulation: LORA
Bandwidth: 125
SpreadFactor: 7
Bitrate: 0
CodeRate: 4/5
SNR: 14.2
RSSI: -52
Power: -
Payload(b64): A2cOAQRoegUAAQbLAAd9bQII5g8ACXMTJwp9AQALfQ8ADH0PAA==
Payload(hex): 03670e0104687a05000106cb00077d6d0208e60f00097313270a7d01000b7d0f000c7d0f00
JSON: {""co2"":621,""hcho"":0.01,""humidity"":61,""light_level"":0,""pir"":1,""pm10"":15,""pm2_5"":15,""pressure"":1000.3,""temperature"":27,""tvoc"":15}
MIC: 0822476d"
24E124710E317752,24E124FFFEFAB29D,472100000,SF7BW125, -54/13.8,37,400,UpUnc,2026-07-14T21:46:24+08:00,"Dev Addr/Multicast Addr: 06f5800d
GwEUI: 24E124FFFEFAB29D
AppEUI: 24E124C0002A0001
Device EUI/Group Name: 24E124710E317752
Class Type: Class C
Immediately: -
Timestamp: 3559415929
Type: UpUnc
Adr: true
AdrAcKReq: false
Ack: false
Fcnt: 400
Port: 85
Modulation: LORA
Bandwidth: 125
SpreadFactor: 7
Bitrate: 0
CodeRate: 4/5
SNR: 13.8
RSSI: -54
Power: -
Payload(b64): A2cPAQRoegUAAQbLAAd9bwII5g8ACXMTJwp9AgALfQ8ADH0PAA==
Payload(hex): 03670f0104687a05000106cb00077d6f0208e60f00097313270a7d02000b7d0f000c7d0f00
JSON: {""co2"":623,""hcho"":0.02,""humidity"":61,""light_level"":0,""pir"":1,""pm10"":15,""pm2_5"":15,""pressure"":1000.3,""temperature"":27.1,""tvoc"":15}
MIC: 81cf38ae"
24E124710E317752,24E124FFFEFAB29D,472300000,SF7BW125, -53/10.5,37,399,UpUnc,2026-07-14T21:45:24+08:00,"Dev Addr/Multicast Addr: 06f5800d
GwEUI: 24E124FFFEFAB29D
AppEUI: 24E124C0002A0001
Device EUI/Group Name: 24E124710E317752
Class Type: Class C
Immediately: -
Timestamp: 3499424898
Type: UpUnc
Adr: true
AdrAcKReq: false
Ack: false
Fcnt: 399
Port: 85
Modulation: LORA
Bandwidth: 125
SpreadFactor: 7
Bitrate: 0
CodeRate: 4/5
SNR: 10.5
RSSI: -53
Power: -
Payload(b64): A2cPAQRoegUAAQbLAAd9bwII5g8ACXMSJwp9AQALfQ8ADH0PAA==
Payload(hex): 03670f0104687a05000106cb00077d6f0208e60f00097312270a7d01000b7d0f000c7d0f00
JSON: {""co2"":623,""hcho"":0.01,""humidity"":61,""light_level"":0,""pir"":1,""pm10"":15,""pm2_5"":15,""pressure"":1000.2,""temperature"":27.1,""tvoc"":15}
MIC: e67d0925"
24E124710E317752,24E124FFFEFAB29D,472700000,SF7BW125, -53/14.2,37,398,UpUnc,2026-07-14T21:44:24+08:00,"Dev Addr/Multicast Addr: 06f5800d
GwEUI: 24E124FFFEFAB29D
AppEUI: 24E124C0002A0001
Device EUI/Group Name: 24E124710E317752
Class Type: Class C
Immediately: -
Timestamp: 3439416804
Type: UpUnc
Adr: true
AdrAcKReq: false
Ack: false
Fcnt: 398
Port: 85
Modulation: LORA
Bandwidth: 125
SpreadFactor: 7
Bitrate: 0
CodeRate: 4/5
SNR: 14.2
RSSI: -53
Power: -
Payload(b64): A2cPAQRoeQUAAQbLAAd9bQII5g8ACXMSJwp9AQALfQ8ADH0PAA==
Payload(hex): 03670f0104687905000106cb00077d6d0208e60f00097312270a7d01000b7d0f000c7d0f00
JSON: {""co2"":621,""hcho"":0.01,""humidity"":60.5,""light_level"":0,""pir"":1,""pm10"":15,""pm2_5"":15,""pressure"":1000.2,""temperature"":27.1,""tvoc"":15}
MIC: b7916a0c"
24E124710E317752,24E124FFFEFAB29D,473300000,SF7BW125, -52/13.8,37,397,UpUnc,2026-07-14T21:43:24+08:00,"Dev Addr/Multicast Addr: 06f5800d
GwEUI: 24E124FFFEFAB29D
AppEUI: 24E124C0002A0001
Device EUI/Group Name: 24E124710E317752
Class Type: Class C
Immediately: -
Timestamp: 3379422869
Type: UpUnc
Adr: true
AdrAcKReq: false
Ack: false
Fcnt: 397
Port: 85
Modulation: LORA
Bandwidth: 125
SpreadFactor: 7
Bitrate: 0
CodeRate: 4/5
SNR: 13.8
RSSI: -52
Power: -
Payload(b64): A2cOAQRoeQUAAQbLAAd9bgII5g8ACXMSJwp9AQALfQ4ADH0OAA==
Payload(hex): 03670e0104687905000106cb00077d6e0208e60f00097312270a7d01000b7d0e000c7d0e00
JSON: {""co2"":622,""hcho"":0.01,""humidity"":60.5,""light_level"":0,""pir"":1,""pm10"":14,""pm2_5"":14,""pressure"":1000.2,""temperature"":27,""tvoc"":15}
MIC: f54ed483"
24E124710E317752,24E124FFFEFAB29D,472100000,SF7BW125, -54/14.0,37,396,UpUnc,2026-07-14T21:42:24+08:00,"Dev Addr/Multicast Addr: 06f5800d
GwEUI: 24E124FFFEFAB29D
AppEUI: 24E124C0002A0001
Device EUI/Group Name: 24E124710E317752
Class Type: Class C
Immediately: -
Timestamp: 3319418802
Type: UpUnc
Adr: true
AdrAcKReq: false
Ack: false
Fcnt: 396
Port: 85
Modulation: LORA
Bandwidth: 125
SpreadFactor: 7
Bitrate: 0
CodeRate: 4/5
SNR: 14.0
RSSI: -54
Power: -
Payload(b64): A2cOAQRoeQUAAQbLAAd9awII5g8ACXMSJwp9AQALfQ4ADH0OAA==
Payload(hex): 03670e0104687905000106cb00077d6b0208e60f00097312270a7d01000b7d0e000c7d0e00
JSON: {""co2"":619,""hcho"":0.01,""humidity"":60.5,""light_level"":0,""pir"":1,""pm10"":14,""pm2_5"":14,""pressure"":1000.2,""temperature"":27,""tvoc"":15}
MIC: 8bd5e006"
24E124710E317752,24E124FFFEFAB29D,472500000,SF7BW125, -53/13.8,37,395,UpUnc,2026-07-14T21:41:24+08:00,"Dev Addr/Multicast Addr: 06f5800d
GwEUI: 24E124FFFEFAB29D
AppEUI: 24E124C0002A0001
Device EUI/Group Name: 24E124710E317752
Class Type: Class C
Immediately: -
Timestamp: 3259423613
Type: UpUnc
Adr: true
AdrAcKReq: false
Ack: false
Fcnt: 395
Port: 85
Modulation: LORA
Bandwidth: 125
SpreadFactor: 7
Bitrate: 0
CodeRate: 4/5
SNR: 13.8
RSSI: -53
Power: -
Payload(b64): A2cOAQRoeQUAAQbLAAd9agII5g8ACXMRJwp9AgALfQ4ADH0OAA==
Payload(hex): 03670e0104687905000106cb00077d6a0208e60f00097311270a7d02000b7d0e000c7d0e00
JSON: {""co2"":618,""hcho"":0.02,""humidity"":60.5,""light_level"":0,""pir"":1,""pm10"":14,""pm2_5"":14,""pressure"":1000.1,""temperature"":27,""tvoc"":15}
MIC: 1e404388"
24E124710E317752,24E124FFFEFAB29D,472900000,SF7BW125, -52/8.8,37,394,UpUnc,2026-07-14T21:40:24+08:00,"Dev Addr/Multicast Addr: 06f5800d
GwEUI: 24E124FFFEFAB29D
AppEUI: 24E124C0002A0001
Device EUI/Group Name: 24E124710E317752
Class Type: Class C
Immediately: -
Timestamp: 3199421686
Type: UpUnc
Adr: true
AdrAcKReq: false
Ack: false
Fcnt: 394
Port: 85
Modulation: LORA
Bandwidth: 125
SpreadFactor: 7
Bitrate: 0
CodeRate: 4/5
SNR: 8.8
RSSI: -52
Power: -
Payload(b64): A2cOAQRoeQUAAQbLAAd9bQII5g8ACXMRJwp9AQALfQ0ADH0NAA==
Payload(hex): 03670e0104687905000106cb00077d6d0208e60f00097311270a7d01000b7d0d000c7d0d00
JSON: {""co2"":621,""hcho"":0.01,""humidity"":60.5,""light_level"":0,""pir"":1,""pm10"":13,""pm2_5"":13,""pressure"":1000.1,""temperature"":27,""tvoc"":15}
MIC: 7a2daaf2"
24E124710E317752,24E124FFFEFAB29D,473300000,SF7BW125, -52/14.5,37,393,UpUnc,2026-07-14T21:39:24+08:00,"Dev Addr/Multicast Addr: 06f5800d
GwEUI: 24E124FFFEFAB29D
AppEUI: 24E124C0002A0001
Device EUI/Group Name: 24E124710E317752
Class Type: Class C
Immediately: -
Timestamp: 3139417611
Type: UpUnc
Adr: true
AdrAcKReq: false
Ack: false
Fcnt: 393
Port: 85
Modulation: LORA
Bandwidth: 125
SpreadFactor: 7
Bitrate: 0
CodeRate: 4/5
SNR: 14.5
RSSI: -52
Power: -
Payload(b64): A2cOAQRoeQUAAQbLAAd9bQII5g8ACXMRJwp9AQALfQ0ADH0NAA==
Payload(hex): 03670e0104687905000106cb00077d6d0208e60f00097311270a7d01000b7d0d000c7d0d00
JSON: {""co2"":621,""hcho"":0.01,""humidity"":60.5,""light_level"":0,""pir"":1,""pm10"":13,""pm2_5"":13,""pressure"":1000.1,""temperature"":27,""tvoc"":15}
MIC: 23269fd6"
24E124710E317752,24E124FFFEFAB29D,471900000,SF7BW125, -55/14.2,37,392,UpUnc,2026-07-14T21:38:24+08:00,"Dev Addr/Multicast Addr: 06f5800d
GwEUI: 24E124FFFEFAB29D
AppEUI: 24E124C0002A0001
Device EUI/Group Name: 24E124710E317752
Class Type: Class C
Immediately: -
Timestamp: 3079423541
Type: UpUnc
Adr: true
AdrAcKReq: false
Ack: false
Fcnt: 392
Port: 85
Modulation: LORA
Bandwidth: 125
SpreadFactor: 7
Bitrate: 0
CodeRate: 4/5
SNR: 14.2
RSSI: -55
Power: -
Payload(b64): A2cOAQRoeQUAAQbLAAd9bgII5g8ACXMRJwp9AQALfQ0ADH0NAA==
Payload(hex): 03670e0104687905000106cb00077d6e0208e60f00097311270a7d01000b7d0d000c7d0d00
JSON: {""co2"":622,""hcho"":0.01,""humidity"":60.5,""light_level"":0,""pir"":1,""pm10"":13,""pm2_5"":13,""pressure"":1000.1,""temperature"":27,""tvoc"":15}
MIC: 4be6982a"
24E124710E317752,24E124FFFEFAB29D,472300000,SF7BW125, -53/11.0,37,391,UpUnc,2026-07-14T21:37:24+08:00,"Dev Addr/Multicast Addr: 06f5800d
GwEUI: 24E124FFFEFAB29D
AppEUI: 24E124C0002A0001
Device EUI/Group Name: 24E124710E317752
Class Type: Class C
Immediately: -
Timestamp: 3019419470
Type: UpUnc
Adr: true
AdrAcKReq: false
Ack: false
Fcnt: 391
Port: 85
Modulation: LORA
Bandwidth: 125
SpreadFactor: 7
Bitrate: 0
CodeRate: 4/5
SNR: 11.0
RSSI: -53
Power: -
Payload(b64): A2cOAQRoeQUAAQbLAAd9bwII5g8ACXMRJwp9AQALfQ4ADH0OAA==
Payload(hex): 03670e0104687905000106cb00077d6f0208e60f00097311270a7d01000b7d0e000c7d0e00
JSON: {""co2"":623,""hcho"":0.01,""humidity"":60.5,""light_level"":0,""pir"":1,""pm10"":14,""pm2_5"":14,""pressure"":1000.1,""temperature"":27,""tvoc"":15}
MIC: 5f0748df"
24E124710E317752,24E124FFFEFAB29D,472900000,SF7BW125, -52/8.5,37,390,UpUnc,2026-07-14T21:36:24+08:00,"Dev Addr/Multicast Addr: 06f5800d
GwEUI: 24E124FFFEFAB29D
AppEUI: 24E124C0002A0001
Device EUI/Group Name: 24E124710E317752
Class Type: Class C
Immediately: -
Timestamp: 2959426501
Type: UpUnc
Adr: true
AdrAcKReq: false
Ack: false
Fcnt: 390
Port: 85
Modulation: LORA
Bandwidth: 125
SpreadFactor: 7
Bitrate: 0
CodeRate: 4/5
SNR: 8.5
RSSI: -52
Power: -
Payload(b64): A2cOAQRoeQUAAQbLAAd9cgII5g8ACXMRJwp9AgALfQ4ADH0OAA==
Payload(hex): 03670e0104687905000106cb00077d720208e60f00097311270a7d02000b7d0e000c7d0e00
JSON: {""co2"":626,""hcho"":0.02,""humidity"":60.5,""light_level"":0,""pir"":1,""pm10"":14,""pm2_5"":14,""pressure"":1000.1,""temperature"":27,""tvoc"":15}
MIC: eb453c46"
24E124710E317752,24E124FFFEFAB29D,473300000,SF7BW125, -52/13.8,37,389,UpUnc,2026-07-14T21:35:24+08:00,"Dev Addr/Multicast Addr: 06f5800d
GwEUI: 24E124FFFEFAB29D
AppEUI: 24E124C0002A0001
Device EUI/Group Name: 24E124710E317752
Class Type: Class C
Immediately: -
Timestamp: 2899423248
Type: UpUnc
Adr: true
AdrAcKReq: false
Ack: false
Fcnt: 389
Port: 85
Modulation: LORA
Bandwidth: 125
SpreadFactor: 7
Bitrate: 0
CodeRate: 4/5
SNR: 13.8
RSSI: -52
Power: -
Payload(b64): A2cOAQRoeQUAAQbLAAd9dAII5g8ACXMRJwp9AQALfQ4ADH0OAA==
Payload(hex): 03670e0104687905000106cb00077d740208e60f00097311270a7d01000b7d0e000c7d0e00
JSON: {""co2"":628,""hcho"":0.01,""humidity"":60.5,""light_level"":0,""pir"":1,""pm10"":14,""pm2_5"":14,""pressure"":1000.1,""temperature"":27,""tvoc"":15}
MIC: a267c676"
24E124710E317752,24E124FFFEFAB29D,472100000,SF7BW125, -54/13.8,37,388,UpUnc,2026-07-14T21:34:24+08:00,"Dev Addr/Multicast Addr: 06f5800d
GwEUI: 24E124FFFEFAB29D
AppEUI: 24E124C0002A0001
Device EUI/Group Name: 24E124710E317752
Class Type: Class C
Immediately: -
Timestamp: 2839418187
Type: UpUnc
Adr: true
AdrAcKReq: false
Ack: false
Fcnt: 388
Port: 85
Modulation: LORA
Bandwidth: 125
SpreadFactor: 7
Bitrate: 0
CodeRate: 4/5
SNR: 13.8
RSSI: -54
Power: -
Payload(b64): A2cOAQRoeQUAAQbLAAd9dwII5g8ACXMRJwp9AQALfRAADH0QAA==
Payload(hex): 03670e0104687905000106cb00077d770208e60f00097311270a7d01000b7d10000c7d1000
JSON: {""co2"":631,""hcho"":0.01,""humidity"":60.5,""light_level"":0,""pir"":1,""pm10"":16,""pm2_5"":16,""pressure"":1000.1,""temperature"":27,""tvoc"":15}
MIC: 8dd40908"
24E124710E317752,24E124FFFEFAB29D,472500000,SF7BW125, -53/14.0,37,387,UpUnc,2026-07-14T21:33:24+08:00,"Dev Addr/Multicast Addr: 06f5800d
GwEUI: 24E124FFFEFAB29D
AppEUI: 24E124C0002A0001
Device EUI/Group Name: 24E124710E317752
Class Type: Class C
Immediately: -
Timestamp: 2779424172
Type: UpUnc
Adr: true
AdrAcKReq: false
Ack: false
Fcnt: 387
Port: 85
Modulation: LORA
Bandwidth: 125
SpreadFactor: 7
Bitrate: 0
CodeRate: 4/5
SNR: 14.0
RSSI: -53
Power: -
Payload(b64): A2cOAQRoeQUAAQbLAAd9dQII5g8ACXMRJwp9AQALfRAADH0QAA==
Payload(hex): 03670e0104687905000106cb00077d750208e60f00097311270a7d01000b7d10000c7d1000
JSON: {""co2"":629,""hcho"":0.01,""humidity"":60.5,""light_level"":0,""pir"":1,""pm10"":16,""pm2_5"":16,""pressure"":1000.1,""temperature"":27,""tvoc"":15}
MIC: 1eae6553"
24E124710E317752,24E124FFFEFAB29D,472700000,SF7BW125, -52/14.0,37,386,UpUnc,2026-07-14T21:32:24+08:00,"Dev Addr/Multicast Addr: 06f5800d
GwEUI: 24E124FFFEFAB29D
AppEUI: 24E124C0002A0001
Device EUI/Group Name: 24E124710E317752
Class Type: Class C
Immediately: -
Timestamp: 2719420182
Type: UpUnc
Adr: true
AdrAcKReq: false
Ack: false
Fcnt: 386
Port: 85
Modulation: LORA
Bandwidth: 125
SpreadFactor: 7
Bitrate: 0
CodeRate: 4/5
SNR: 14.0
RSSI: -52
Power: -
Payload(b64): A2cOAQRoeQUAAQbLAAd9eAII5g8ACXMQJwp9AQALfRAADH0QAA==
Payload(hex): 03670e0104687905000106cb00077d780208e60f00097310270a7d01000b7d10000c7d1000
JSON: {""co2"":632,""hcho"":0.01,""humidity"":60.5,""light_level"":0,""pir"":1,""pm10"":16,""pm2_5"":16,""pressure"":1000,""temperature"":27,""tvoc"":15}
MIC: 9e4fff79"
24E124710E317752,24E124FFFEFAB29D,473300000,SF7BW125, -52/13.8,37,385,UpUnc,2026-07-14T21:31:24+08:00,"Dev Addr/Multicast Addr: 06f5800d
GwEUI: 24E124FFFEFAB29D
AppEUI: 24E124C0002A0001
Device EUI/Group Name: 24E124710E317752
Class Type: Class C
Immediately: -
Timestamp: 2659427000
Type: UpUnc
Adr: true
AdrAcKReq: false
Ack: false
Fcnt: 385
Port: 85
Modulation: LORA
Bandwidth: 125
SpreadFactor: 7
Bitrate: 0
CodeRate: 4/5
SNR: 13.8
RSSI: -52
Power: -
Payload(b64): A2cOAQRoeQUAAQbLAAd9dgII5g8ACXMQJwp9AgALfQwADH0MAA==
Payload(hex): 03670e0104687905000106cb00077d760208e60f00097310270a7d02000b7d0c000c7d0c00
JSON: {""co2"":630,""hcho"":0.02,""humidity"":60.5,""light_level"":0,""pir"":1,""pm10"":12,""pm2_5"":12,""pressure"":1000,""temperature"":27,""tvoc"":15}
MIC: ae815826"
24E124710E317752,24E124FFFEFAB29D,471900000,SF7BW125, -55/14.0,37,384,UpUnc,2026-07-14T21:30:24+08:00,"Dev Addr/Multicast Addr: 06f5800d
GwEUI: 24E124FFFEFAB29D
AppEUI: 24E124C0002A0001
Device EUI/Group Name: 24E124710E317752
Class Type: Class C
Immediately: -
Timestamp: 2599422087
Type: UpUnc
Adr: true
AdrAcKReq: false
Ack: false
Fcnt: 384
Port: 85
Modulation: LORA
Bandwidth: 125
SpreadFactor: 7
Bitrate: 0
CodeRate: 4/5
SNR: 14.0
RSSI: -55
Power: -
Payload(b64): A2cOAQRoeQUAAQbLAAd9dAII5g8ACXMQJwp9AQALfQwADH0MAA==
Payload(hex): 03670e0104687905000106cb00077d740208e60f00097310270a7d01000b7d0c000c7d0c00
JSON: {""co2"":628,""hcho"":0.01,""humidity"":60.5,""light_level"":0,""pir"":1,""pm10"":12,""pm2_5"":12,""pressure"":1000,""temperature"":27,""tvoc"":15}
MIC: 52596c30"
24E124710E317752,24E124FFFEFAB29D,472300000,SF7BW125, -53/11.2,37,383,UpUnc,2026-07-14T21:29:24+08:00,"Dev Addr/Multicast Addr: 06f5800d
GwEUI: 24E124FFFEFAB29D
AppEUI: 24E124C0002A0001
Device EUI/Group Name: 24E124710E317752
Class Type: Class C
Immediately: -
Timestamp: 2539422856
Type: UpUnc
Adr: true
AdrAcKReq: false
Ack: false
Fcnt: 383
Port: 85
Modulation: LORA
Bandwidth: 125
SpreadFactor: 7
Bitrate: 0
CodeRate: 4/5
SNR: 11.2
RSSI: -53
Power: -
Payload(b64): A2cOAQRoeQUAAQbLAAd9cwII5g8ACXMPJwp9AQALfQwADH0MAA==
Payload(hex): 03670e0104687905000106cb00077d730208e60f0009730f270a7d01000b7d0c000c7d0c00
JSON: {""co2"":627,""hcho"":0.01,""humidity"":60.5,""light_level"":0,""pir"":1,""pm10"":12,""pm2_5"":12,""pressure"":999.9,""temperature"":27,""tvoc"":15}
MIC: eff4b4e7"
24E124710E317752,24E124FFFEFAB29D,472700000,SF7BW125, -53/14.0,37,382,UpUnc,2026-07-14T21:28:24+08:00,"Dev Addr/Multicast Addr: 06f5800d
GwEUI: 24E124FFFEFAB29D
AppEUI: 24E124C0002A0001
Device EUI/Group Name: 24E124710E317752
Class Type: Class C
Immediately: -
Timestamp: 2479425904
Type: UpUnc
Adr: true
AdrAcKReq: false
Ack: false
Fcnt: 382
Port: 85
Modulation: LORA
Bandwidth: 125
SpreadFactor: 7
Bitrate: 0
CodeRate: 4/5
SNR: 14.0
RSSI: -53
Power: -
Payload(b64): A2cOAQRoeQUAAQbLAAd9cgII5g8ACXMQJwp9AQALfREADH0RAA==
Payload(hex): 03670e0104687905000106cb00077d720208e60f00097310270a7d01000b7d11000c7d1100
JSON: {""co2"":626,""hcho"":0.01,""humidity"":60.5,""light_level"":0,""pir"":1,""pm10"":17,""pm2_5"":17,""pressure"":1000,""temperature"":27,""tvoc"":15}
MIC: 90f10e6c"
24E124710E317752,24E124FFFEFAB29D,473300000,SF7BW125, -52/14.0,37,381,UpUnc,2026-07-14T21:27:24+08:00,"Dev Addr/Multicast Addr: 06f5800d
GwEUI: 24E124FFFEFAB29D
AppEUI: 24E124C0002A0001
Device EUI/Group Name: 24E124710E317752
Class Type: Class C
Immediately: -
Timestamp: 2419422753
Type: UpUnc
Adr: true
AdrAcKReq: false
Ack: false
Fcnt: 381
Port: 85
Modulation: LORA
Bandwidth: 125
SpreadFactor: 7
Bitrate: 0
CodeRate: 4/5
SNR: 14.0
RSSI: -52
Power: -
Payload(b64): A2cOAQRoeQUAAQbLAAd9cgII5g8ACXMQJwp9AQALfREADH0RAA==
Payload(hex): 03670e0104687905000106cb00077d720208e60f00097310270a7d01000b7d11000c7d1100
JSON: {""co2"":626,""hcho"":0.01,""humidity"":60.5,""light_level"":0,""pir"":1,""pm10"":17,""pm2_5"":17,""pressure"":1000,""temperature"":27,""tvoc"":15}
MIC: 3b185b73"
24E124710E317752,24E124FFFEFAB29D,471900000,SF7BW125, -55/14.0,37,380,UpUnc,2026-07-14T21:26:24+08:00,"Dev Addr/Multicast Addr: 06f5800d
GwEUI: 24E124FFFEFAB29D
AppEUI: 24E124C0002A0001
Device EUI/Group Name: 24E124710E317752
Class Type: Class C
Immediately: -
Timestamp: 2359428803
Type: UpUnc
Adr: true
AdrAcKReq: false
Ack: false
Fcnt: 380
Port: 85
Modulation: LORA
Bandwidth: 125
SpreadFactor: 7
Bitrate: 0
CodeRate: 4/5
SNR: 14.0
RSSI: -55
Power: -
Payload(b64): A2cOAQRoeQUAAQbLAAd9bwII5g8ACXMPJwp9AgALfREADH0RAA==
Payload(hex): 03670e0104687905000106cb00077d6f0208e60f0009730f270a7d02000b7d11000c7d1100
JSON: {""co2"":623,""hcho"":0.02,""humidity"":60.5,""light_level"":0,""pir"":1,""pm10"":17,""pm2_5"":17,""pressure"":999.9,""temperature"":27,""tvoc"":15}
MIC: 4c06be19"
24E124710E317752,24E124FFFEFAB29D,472300000,SF7BW125, -53/10.0,37,379,UpUnc,2026-07-14T21:25:24+08:00,"Dev Addr/Multicast Addr: 06f5800d
GwEUI: 24E124FFFEFAB29D
AppEUI: 24E124C0002A0001
Device EUI/Group Name: 24E124710E317752
Class Type: Class C
Immediately: -
Timestamp: 2299423709
Type: UpUnc
Adr: true
AdrAcKReq: false
Ack: false
Fcnt: 379
Port: 85
Modulation: LORA
Bandwidth: 125
SpreadFactor: 7
Bitrate: 0
CodeRate: 4/5
SNR: 10.0
RSSI: -53
Power: -
Payload(b64): A2cOAQRoeQUAAQbLAAd9cAII5g8ACXMPJwp9AQALfQwADH0MAA==
Payload(hex): 03670e0104687905000106cb00077d700208e60f0009730f270a7d01000b7d0c000c7d0c00
JSON: {""co2"":624,""hcho"":0.01,""humidity"":60.5,""light_level"":0,""pir"":1,""pm10"":12,""pm2_5"":12,""pressure"":999.9,""temperature"":27,""tvoc"":15}
MIC: 7b44d861"
24E124710E317752,24E124FFFEFAB29D,472900000,SF7BW125, -51/9.0,37,378,UpUnc,2026-07-14T21:24:24+08:00,"Dev Addr/Multicast Addr: 06f5800d
GwEUI: 24E124FFFEFAB29D
AppEUI: 24E124C0002A0001
Device EUI/Group Name: 24E124710E317752
Class Type: Class C
Immediately: -
Timestamp: 2239429644
Type: UpUnc
Adr: true
AdrAcKReq: false
Ack: false
Fcnt: 378
Port: 85
Modulation: LORA
Bandwidth: 125
SpreadFactor: 7
Bitrate: 0
CodeRate: 4/5
SNR: 9.0
RSSI: -51
Power: -
Payload(b64): A2cOAQRoeQUAAQbLAAd9bAII5g8ACXMPJwp9AQALfQwADH0MAA==
Payload(hex): 03670e0104687905000106cb00077d6c0208e60f0009730f270a7d01000b7d0c000c7d0c00
JSON: {""co2"":620,""hcho"":0.01,""humidity"":60.5,""light_level"":0,""pir"":1,""pm10"":12,""pm2_5"":12,""pressure"":999.9,""temperature"":27,""tvoc"":15}
MIC: 6d2911ed"
24E124710E317752,24E124FFFEFAB29D,473300000,SF7BW125, -51/13.5,37,377,UpUnc,2026-07-14T21:23:24+08:00,"Dev Addr/Multicast Addr: 06f5800d
GwEUI: 24E124FFFEFAB29D
AppEUI: 24E124C0002A0001
Device EUI/Group Name: 24E124710E317752
Class Type: Class C
Immediately: -
Timestamp: 2179426630
Type: UpUnc
Adr: true
AdrAcKReq: false
Ack: false
Fcnt: 377
Port: 85
Modulation: LORA
Bandwidth: 125
SpreadFactor: 7
Bitrate: 0
CodeRate: 4/5
SNR: 13.5
RSSI: -51
Power: -
Payload(b64): A2cOAQRoeQUAAQbLAAd9bwII5g8ACXMOJwp9AQALfQwADH0MAA==
Payload(hex): 03670e0104687905000106cb00077d6f0208e60f0009730e270a7d01000b7d0c000c7d0c00
JSON: {""co2"":623,""hcho"":0.01,""humidity"":60.5,""light_level"":0,""pir"":1,""pm10"":12,""pm2_5"":12,""pressure"":999.8,""temperature"":27,""tvoc"":15}
MIC: c02b1b83"
24E124710E317752,24E124FFFEFAB29D,502700000,SF7BW125, -/-,0,14,DnUnc,2026-07-14T21:23:15+08:00,"Dev Addr/Multicast Addr: 06f5800d
GwEUI: 24E124FFFEFAB29D
AppEUI: 24E124C0002A0001
Device EUI/Group Name: 24E124710E317752
Class Type: Class C
Immediately: false
Timestamp: 2171492599
Type: DnUnc
Adr: true
AdrAcKReq: false
Ack: false
Fcnt: 14
Port: -
Modulation: LORA
Bandwidth: 125
SpreadFactor: 7
Bitrate: 0
CodeRate: 4/5
SNR: -
RSSI: -
Power: 20
Payload(b64): 
Payload(hex): 
JSON: 
MIC: 67f8a718"
24E124710E317752,24E124FFFEFAB29D,472700000,SF7BW125, -52/14.0,0,376,UpUnc,2026-07-14T21:23:15+08:00,"Dev Addr/Multicast Addr: 06f5800d
GwEUI: 24E124FFFEFAB29D
AppEUI: 24E124C0002A0001
Device EUI/Group Name: 24E124710E317752
Class Type: Class C
Immediately: -
Timestamp: 2170492599
Type: UpUnc
Adr: true
AdrAcKReq: false
Ack: false
Fcnt: 376
Port: 0
Modulation: LORA
Bandwidth: 125
SpreadFactor: 7
Bitrate: 0
CodeRate: 4/5
SNR: 14.0
RSSI: -52
Power: -
Payload(b64): 
Payload(hex): 
JSON: 
MIC: df54b9ac"
24E124710E317752,24E124FFFEFAB29D,472900000,SF7BW125, -51/8.0,37,375,UpUnc,2026-07-14T21:22:24+08:00,"Dev Addr/Multicast Addr: 06f5800d
GwEUI: 24E124FFFEFAB29D
AppEUI: 24E124C0002A0001
Device EUI/Group Name: 24E124710E317752
Class Type: Class C
Immediately: -
Timestamp: 2119426433
Type: UpUnc
Adr: true
AdrAcKReq: false
Ack: false
Fcnt: 375
Port: 85
Modulation: LORA
Bandwidth: 125
SpreadFactor: 7
Bitrate: 0
CodeRate: 4/5
SNR: 8.0
RSSI: -51
Power: -
Payload(b64): A2cOAQRoeQUAAQbLAAd9bAII5g8ACXMOJwp9AQALfQ0ADH0NAA==
Payload(hex): 03670e0104687905000106cb00077d6c0208e60f0009730e270a7d01000b7d0d000c7d0d00
JSON: {""co2"":620,""hcho"":0.01,""humidity"":60.5,""light_level"":0,""pir"":1,""pm10"":13,""pm2_5"":13,""pressure"":999.8,""temperature"":27,""tvoc"":15}
MIC: 7fc25e96"
24E124710E317752,24E124FFFEFAB29D,473300000,SF7BW125, -52/14.2,37,374,UpUnc,2026-07-14T21:21:24+08:00,"Dev Addr/Multicast Addr: 06f5800d
GwEUI: 24E124FFFEFAB29D
AppEUI: 24E124C0002A0001
Device EUI/Group Name: 24E124710E317752
Class Type: Class C
Immediately: -
Timestamp: 2059428464
Type: UpUnc
Adr: true
AdrAcKReq: false
Ack: false
Fcnt: 374
Port: 85
Modulation: LORA
Bandwidth: 125
SpreadFactor: 7
Bitrate: 0
CodeRate: 4/5
SNR: 14.2
RSSI: -52
Power: -
Payload(b64): A2cOAQRoeQUAAQbLAAd9awII5g8ACXMOJwp9AgALfQ0ADH0NAA==
Payload(hex): 03670e0104687905000106cb00077d6b0208e60f0009730e270a7d02000b7d0d000c7d0d00
JSON: {""co2"":619,""hcho"":0.02,""humidity"":60.5,""light_level"":0,""pir"":1,""pm10"":13,""pm2_5"":13,""pressure"":999.8,""temperature"":27,""tvoc"":15}
MIC: c7216d84"
24E124710E317752,24E124FFFEFAB29D,472100000,SF7BW125, -54/13.8,37,373,UpUnc,2026-07-14T21:20:24+08:00,"Dev Addr/Multicast Addr: 06f5800d
GwEUI: 24E124FFFEFAB29D
AppEUI: 24E124C0002A0001
Device EUI/Group Name: 24E124710E317752
Class Type: Class C
Immediately: -
Timestamp: 1999429429
Type: UpUnc
Adr: true
AdrAcKReq: false
Ack: false
Fcnt: 373
Port: 85
Modulation: LORA
Bandwidth: 125
SpreadFactor: 7
Bitrate: 0
CodeRate: 4/5
SNR: 13.8
RSSI: -54
Power: -
Payload(b64): A2cOAQRoeQUAAQbLAAd9bwII5g8ACXMOJwp9AgALfQ0ADH0NAA==
Payload(hex): 03670e0104687905000106cb00077d6f0208e60f0009730e270a7d02000b7d0d000c7d0d00
JSON: {""co2"":623,""hcho"":0.02,""humidity"":60.5,""light_level"":0,""pir"":1,""pm10"":13,""pm2_5"":13,""pressure"":999.8,""temperature"":27,""tvoc"":15}
MIC: 6a586c2a"
24E124710E317752,24E124FFFEFAB29D,472500000,SF7BW125, -53/13.8,37,372,UpUnc,2026-07-14T21:19:24+08:00,"Dev Addr/Multicast Addr: 06f5800d
GwEUI: 24E124FFFEFAB29D
AppEUI: 24E124C0002A0001
Device EUI/Group Name: 24E124710E317752
Class Type: Class C
Immediately: -
Timestamp: 1939423351
Type: UpUnc
Adr: true
AdrAcKReq: false
Ack: false
Fcnt: 372
Port: 85
Modulation: LORA
Bandwidth: 125
SpreadFactor: 7
Bitrate: 0
CodeRate: 4/5
SNR: 13.8
RSSI: -53
Power: -
Payload(b64): A2cOAQRoeQUAAQbLAAd9bgII5g8ACXMNJwp9AQALfQ0ADH0PAA==
Payload(hex): 03670e0104687905000106cb00077d6e0208e60f0009730d270a7d01000b7d0d000c7d0f00
JSON: {""co2"":622,""hcho"":0.01,""humidity"":60.5,""light_level"":0,""pir"":1,""pm10"":15,""pm2_5"":13,""pressure"":999.7,""temperature"":27,""tvoc"":15}
MIC: 466e7d0c"
24E124710E317752,24E124FFFEFAB29D,472900000,SF7BW125, -51/8.0,37,371,UpUnc,2026-07-14T21:18:24+08:00,"Dev Addr/Multicast Addr: 06f5800d
GwEUI: 24E124FFFEFAB29D
AppEUI: 24E124C0002A0001
Device EUI/Group Name: 24E124710E317752
Class Type: Class C
Immediately: -
Timestamp: 1879424308
Type: UpUnc
Adr: true
AdrAcKReq: false
Ack: false
Fcnt: 371
Port: 85
Modulation: LORA
Bandwidth: 125
SpreadFactor: 7
Bitrate: 0
CodeRate: 4/5
SNR: 8.0
RSSI: -51
Power: -
Payload(b64): A2cOAQRoeQUAAAbLAAd9bgII5g8ACXMNJwp9AQALfQ0ADH0PAA==
Payload(hex): 03670e0104687905000006cb00077d6e0208e60f0009730d270a7d01000b7d0d000c7d0f00
JSON: {""co2"":622,""hcho"":0.01,""humidity"":60.5,""light_level"":0,""pir"":0,""pm10"":15,""pm2_5"":13,""pressure"":999.7,""temperature"":27,""tvoc"":15}
MIC: 9380658f"
24E124710E317752,24E124FFFEFAB29D,471900000,SF7BW125, -55/14.0,37,370,UpUnc,2026-07-14T21:17:24+08:00,"Dev Addr/Multicast Addr: 06f5800d
GwEUI: 24E124FFFEFAB29D
AppEUI: 24E124C0002A0001
Device EUI/Group Name: 24E124710E317752
Class Type: Class C
Immediately: -
Timestamp: 1819430245
Type: UpUnc
Adr: true
AdrAcKReq: false
Ack: false
Fcnt: 370
Port: 85
Modulation: LORA
Bandwidth: 125
SpreadFactor: 7
Bitrate: 0
CodeRate: 4/5
SNR: 14.0
RSSI: -55
Power: -
Payload(b64): A2cOAQRoeQUAAQbLAAd9bgII5g8ACXMNJwp9AgALfQ0ADH0PAA==
Payload(hex): 03670e0104687905000106cb00077d6e0208e60f0009730d270a7d02000b7d0d000c7d0f00
JSON: {""co2"":622,""hcho"":0.02,""humidity"":60.5,""light_level"":0,""pir"":1,""pm10"":15,""pm2_5"":13,""pressure"":999.7,""temperature"":27,""tvoc"":15}
MIC: 6f0319e5"
24E124710E317752,24E124FFFEFAB29D,472300000,SF7BW125, -53/11.5,37,369,UpUnc,2026-07-14T21:16:24+08:00,"Dev Addr/Multicast Addr: 06f5800d
GwEUI: 24E124FFFEFAB29D
AppEUI: 24E124C0002A0001
Device EUI/Group Name: 24E124710E317752
Class Type: Class C
Immediately: -
Timestamp: 1759426191
Type: UpUnc
Adr: true
AdrAcKReq: false
Ack: false
Fcnt: 369
Port: 85
Modulation: LORA
Bandwidth: 125
SpreadFactor: 7
Bitrate: 0
CodeRate: 4/5
SNR: 11.5
RSSI: -53
Power: -
Payload(b64): A2cNAQRoeQUAAQbLAAd9bwII5g8ACXMNJwp9AgALfREADH0RAA==
Payload(hex): 03670d0104687905000106cb00077d6f0208e60f0009730d270a7d02000b7d11000c7d1100
JSON: {""co2"":623,""hcho"":0.02,""humidity"":60.5,""light_level"":0,""pir"":1,""pm10"":17,""pm2_5"":17,""pressure"":999.7,""temperature"":26.9,""tvoc"":15}
MIC: 470828b4"
24E124710E317752,24E124FFFEFAB29D,472500000,SF7BW125, -53/13.8,37,368,UpUnc,2026-07-14T21:15:24+08:00,"Dev Addr/Multicast Addr: 06f5800d
GwEUI: 24E124FFFEFAB29D
AppEUI: 24E124C0002A0001
Device EUI/Group Name: 24E124710E317752
Class Type: Class C
Immediately: -
Timestamp: 1699423104
Type: UpUnc
Adr: true
AdrAcKReq: false
Ack: false
Fcnt: 368
Port: 85
Modulation: LORA
Bandwidth: 125
SpreadFactor: 7
Bitrate: 0
CodeRate: 4/5
SNR: 13.8
RSSI: -53
Power: -
Payload(b64): A2cOAQRoeQUAAAbLAAd9cgII5g8ACXMMJwp9AgALfREADH0RAA==
Payload(hex): 03670e0104687905000006cb00077d720208e60f0009730c270a7d02000b7d11000c7d1100
JSON: {""co2"":626,""hcho"":0.02,""humidity"":60.5,""light_level"":0,""pir"":0,""pm10"":17,""pm2_5"":17,""pressure"":999.6,""temperature"":27,""tvoc"":15}
MIC: 44782a34"
24E124710E317752,24E124FFFEFAB29D,472900000,SF7BW125, -51/8.2,37,367,UpUnc,2026-07-14T21:14:24+08:00,"Dev Addr/Multicast Addr: 06f5800d
GwEUI: 24E124FFFEFAB29D
AppEUI: 24E124C0002A0001
Device EUI/Group Name: 24E124710E317752
Class Type: Class C
Immediately: -
Timestamp: 1639429062
Type: UpUnc
Adr: true
AdrAcKReq: false
Ack: false
Fcnt: 367
Port: 85
Modulation: LORA
Bandwidth: 125
SpreadFactor: 7
Bitrate: 0
CodeRate: 4/5
SNR: 8.2
RSSI: -51
Power: -
Payload(b64): A2cNAQRoeQUAAQbLAAd9cgII5g8ACXMMJwp9AQALfREADH0RAA==
Payload(hex): 03670d0104687905000106cb00077d720208e60f0009730c270a7d01000b7d11000c7d1100
JSON: {""co2"":626,""hcho"":0.01,""humidity"":60.5,""light_level"":0,""pir"":1,""pm10"":17,""pm2_5"":17,""pressure"":999.6,""temperature"":26.9,""tvoc"":15}
MIC: a5ad52c5"
24E124710E317752,24E124FFFEFAB29D,473300000,SF7BW125, -52/14.0,37,366,UpUnc,2026-07-14T21:13:24+08:00,"Dev Addr/Multicast Addr: 06f5800d
GwEUI: 24E124FFFEFAB29D
AppEUI: 24E124C0002A0001
Device EUI/Group Name: 24E124710E317752
Class Type: Class C
Immediately: -
Timestamp: 1579428109
Type: UpUnc
Adr: true
AdrAcKReq: false
Ack: false
Fcnt: 366
Port: 85
Modulation: LORA
Bandwidth: 125
SpreadFactor: 7
Bitrate: 0
CodeRate: 4/5
SNR: 14.0
RSSI: -52
Power: -
Payload(b64): A2cNAQRoeQUAAQbLAAd9cAII5g8ACXMMJwp9AgALfQwADH0MAA==
Payload(hex): 03670d0104687905000106cb00077d700208e60f0009730c270a7d02000b7d0c000c7d0c00
JSON: {""co2"":624,""hcho"":0.02,""humidity"":60.5,""light_level"":0,""pir"":1,""pm10"":12,""pm2_5"":12,""pressure"":999.6,""temperature"":26.9,""tvoc"":15}
MIC: 1a1c36c8"
24E124710E317752,24E124FFFEFAB29D,472300000,SF7BW125, -53/11.5,37,365,UpUnc,2026-07-14T21:12:24+08:00,"Dev Addr/Multicast Addr: 06f5800d
GwEUI: 24E124FFFEFAB29D
AppEUI: 24E124C0002A0001
Device EUI/Group Name: 24E124710E317752
Class Type: Class C
Immediately: -
Timestamp: 1519428942
Type: UpUnc
Adr: true
AdrAcKReq: false
Ack: false
Fcnt: 365
Port: 85
Modulation: LORA
Bandwidth: 125
SpreadFactor: 7
Bitrate: 0
CodeRate: 4/5
SNR: 11.5
RSSI: -53
Power: -
Payload(b64): A2cNAQRoeQUAAQbLAAd9cgII5g8ACXMNJwp9AgALfQwADH0MAA==
Payload(hex): 03670d0104687905000106cb00077d720208e60f0009730d270a7d02000b7d0c000c7d0c00
JSON: {""co2"":626,""hcho"":0.02,""humidity"":60.5,""light_level"":0,""pir"":1,""pm10"":12,""pm2_5"":12,""pressure"":999.7,""temperature"":26.9,""tvoc"":15}
MIC: 0091e1dd"
24E124710E317752,24E124FFFEFAB29D,472700000,SF7BW125, -53/14.0,37,364,UpUnc,2026-07-14T21:11:24+08:00,"Dev Addr/Multicast Addr: 06f5800d
GwEUI: 24E124FFFEFAB29D
AppEUI: 24E124C0002A0001
Device EUI/Group Name: 24E124710E317752
Class Type: Class C
Immediately: -
Timestamp: 1459443153
Type: UpUnc
Adr: true
AdrAcKReq: false
Ack: false
Fcnt: 364
Port: 85
Modulation: LORA
Bandwidth: 125
SpreadFactor: 7
Bitrate: 0
CodeRate: 4/5
SNR: 14.0
RSSI: -53
Power: -
Payload(b64): A2cNAQRoeQUAAQbLAAd9cgII5g8ACXMMJwp9AgALfQwADH0MAA==
Payload(hex): 03670d0104687905000106cb00077d720208e60f0009730c270a7d02000b7d0c000c7d0c00
JSON: {""co2"":626,""hcho"":0.02,""humidity"":60.5,""light_level"":0,""pir"":1,""pm10"":12,""pm2_5"":12,""pressure"":999.6,""temperature"":26.9,""tvoc"":15}
MIC: a9e36636"
24E124710E317752,24E124FFFEFAB29D,473100000,SF7BW125, -51/14.0,37,363,UpUnc,2026-07-14T21:10:24+08:00,"Dev Addr/Multicast Addr: 06f5800d
GwEUI: 24E124FFFEFAB29D
AppEUI: 24E124C0002A0001
Device EUI/Group Name: 24E124710E317752
Class Type: Class C
Immediately: -
Timestamp: 1399427796
Type: UpUnc
Adr: true
AdrAcKReq: false
Ack: false
Fcnt: 363
Port: 85
Modulation: LORA
Bandwidth: 125
SpreadFactor: 7
Bitrate: 0
CodeRate: 4/5
SNR: 14.0
RSSI: -51
Power: -
Payload(b64): A2cNAQRoeQUAAQbLAAd9dgII5g8ACXMMJwp9AgALfQ8ADH0PAA==
Payload(hex): 03670d0104687905000106cb00077d760208e60f0009730c270a7d02000b7d0f000c7d0f00
JSON: {""co2"":630,""hcho"":0.02,""humidity"":60.5,""light_level"":0,""pir"":1,""pm10"":15,""pm2_5"":15,""pressure"":999.6,""temperature"":26.9,""tvoc"":15}
MIC: 1aa9d6c0"
24E124710E317752,24E124FFFEFAB29D,471900000,SF7BW125, -55/14.0,37,362,UpUnc,2026-07-14T21:09:24+08:00,"Dev Addr/Multicast Addr: 06f5800d
GwEUI: 24E124FFFEFAB29D
AppEUI: 24E124C0002A0001
Device EUI/Group Name: 24E124710E317752
Class Type: Class C
Immediately: -
Timestamp: 1339442683
Type: UpUnc
Adr: true
AdrAcKReq: false
Ack: false
Fcnt: 362
Port: 85
Modulation: LORA
Bandwidth: 125
SpreadFactor: 7
Bitrate: 0
CodeRate: 4/5
SNR: 14.0
RSSI: -55
Power: -
Payload(b64): A2cNAQRoeQUAAQbLAAd9dwII5g8ACXMMJwp9AQALfQ8ADH0PAA==
Payload(hex): 03670d0104687905000106cb00077d770208e60f0009730c270a7d01000b7d0f000c7d0f00
JSON: {""co2"":631,""hcho"":0.01,""humidity"":60.5,""light_level"":0,""pir"":1,""pm10"":15,""pm2_5"":15,""pressure"":999.6,""temperature"":26.9,""tvoc"":15}
MIC: dbaba354"
24E124710E317752,24E124FFFEFAB29D,472100000,SF7BW125, -54/13.8,37,361,UpUnc,2026-07-14T21:08:24+08:00,"Dev Addr/Multicast Addr: 06f5800d
GwEUI: 24E124FFFEFAB29D
AppEUI: 24E124C0002A0001
Device EUI/Group Name: 24E124710E317752
Class Type: Class C
Immediately: -
Timestamp: 1279438569
Type: UpUnc
Adr: true
AdrAcKReq: false
Ack: false
Fcnt: 361
Port: 85
Modulation: LORA
Bandwidth: 125
SpreadFactor: 7
Bitrate: 0
CodeRate: 4/5
SNR: 13.8
RSSI: -54
Power: -
Payload(b64): A2cNAQRoeQUAAQbLAAd9eQII5g8ACXMMJwp9AgALfQ8ADH0PAA==
Payload(hex): 03670d0104687905000106cb00077d790208e60f0009730c270a7d02000b7d0f000c7d0f00
JSON: {""co2"":633,""hcho"":0.02,""humidity"":60.5,""light_level"":0,""pir"":1,""pm10"":15,""pm2_5"":15,""pressure"":999.6,""temperature"":26.9,""tvoc"":15}
MIC: cec22695"
24E124710E317752,24E124FFFEFAB29D,472700000,SF7BW125, -53/14.0,37,360,UpUnc,2026-07-14T21:07:24+08:00,"Dev Addr/Multicast Addr: 06f5800d
GwEUI: 24E124FFFEFAB29D
AppEUI: 24E124C0002A0001
Device EUI/Group Name: 24E124710E317752
Class Type: Class C
Immediately: -
Timestamp: 1219428531
Type: UpUnc
Adr: true
AdrAcKReq: false
Ack: false
Fcnt: 360
Port: 85
Modulation: LORA
Bandwidth: 125
SpreadFactor: 7
Bitrate: 0
CodeRate: 4/5
SNR: 14.0
RSSI: -53
Power: -
Payload(b64): A2cNAQRoeQUAAQbLAAd9egII5g8ACXMMJwp9AgALfQ4ADH0OAA==
Payload(hex): 03670d0104687905000106cb00077d7a0208e60f0009730c270a7d02000b7d0e000c7d0e00
JSON: {""co2"":634,""hcho"":0.02,""humidity"":60.5,""light_level"":0,""pir"":1,""pm10"":14,""pm2_5"":14,""pressure"":999.6,""temperature"":26.9,""tvoc"":15}
MIC: cc57cf14"
24E124710E317752,24E124FFFEFAB29D,472900000,SF7BW125, -51/8.8,37,359,UpUnc,2026-07-14T21:06:24+08:00,"Dev Addr/Multicast Addr: 06f5800d
GwEUI: 24E124FFFEFAB29D
AppEUI: 24E124C0002A0001
Device EUI/Group Name: 24E124710E317752
Class Type: Class C
Immediately: -
Timestamp: 1159432554
Type: UpUnc
Adr: true
AdrAcKReq: false
Ack: false
Fcnt: 359
Port: 85
Modulation: LORA
Bandwidth: 125
SpreadFactor: 7
Bitrate: 0
CodeRate: 4/5
SNR: 8.8
RSSI: -51
Power: -
Payload(b64): A2cNAQRoeQUAAQbLAAd9egII5g8ACXMMJwp9AgALfQ4ADH0OAA==
Payload(hex): 03670d0104687905000106cb00077d7a0208e60f0009730c270a7d02000b7d0e000c7d0e00
JSON: {""co2"":634,""hcho"":0.02,""humidity"":60.5,""light_level"":0,""pir"":1,""pm10"":14,""pm2_5"":14,""pressure"":999.6,""temperature"":26.9,""tvoc"":15}
MIC: f9afb0f4"
24E124710E317752,24E124FFFEFAB29D,473300000,SF7BW125, -52/14.0,37,358,UpUnc,2026-07-14T21:05:24+08:00,"Dev Addr/Multicast Addr: 06f5800d
GwEUI: 24E124FFFEFAB29D
AppEUI: 24E124C0002A0001
Device EUI/Group Name: 24E124710E317752
Class Type: Class C
Immediately: -
Timestamp: 1099431622
Type: UpUnc
Adr: true
AdrAcKReq: false
Ack: false
Fcnt: 358
Port: 85
Modulation: LORA
Bandwidth: 125
SpreadFactor: 7
Bitrate: 0
CodeRate: 4/5
SNR: 14.0
RSSI: -52
Power: -
Payload(b64): A2cNAQRoeQUAAQbLAAd9ewII5g8ACXMLJwp9AgALfQ4ADH0OAA==
Payload(hex): 03670d0104687905000106cb00077d7b0208e60f0009730b270a7d02000b7d0e000c7d0e00
JSON: {""co2"":635,""hcho"":0.02,""humidity"":60.5,""light_level"":0,""pir"":1,""pm10"":14,""pm2_5"":14,""pressure"":999.5,""temperature"":26.9,""tvoc"":15}
MIC: 5fbe0882"
24E124710E317752,24E124FFFEFAB29D,472100000,SF7BW125, -54/13.5,37,357,UpUnc,2026-07-14T21:04:24+08:00,"Dev Addr/Multicast Addr: 06f5800d
GwEUI: 24E124FFFEFAB29D
AppEUI: 24E124C0002A0001
Device EUI/Group Name: 24E124710E317752
Class Type: Class C
Immediately: -
Timestamp: 1039435422
Type: UpUnc
Adr: true
AdrAcKReq: false
Ack: false
Fcnt: 357
Port: 85
Modulation: LORA
Bandwidth: 125
SpreadFactor: 7
Bitrate: 0
CodeRate: 4/5
SNR: 13.5
RSSI: -54
Power: -
Payload(b64): A2cNAQRoeQUAAQbLAAd9eQII5g8ACXMLJwp9AQALfQ0ADH0NAA==
Payload(hex): 03670d0104687905000106cb00077d790208e60f0009730b270a7d01000b7d0d000c7d0d00
JSON: {""co2"":633,""hcho"":0.01,""humidity"":60.5,""light_level"":0,""pir"":1,""pm10"":13,""pm2_5"":13,""pressure"":999.5,""temperature"":26.9,""tvoc"":15}
MIC: 23fe2e1f"
24E124710E317752,24E124FFFEFAB29D,472700000,SF7BW125, -53/14.0,37,356,UpUnc,2026-07-14T21:03:24+08:00,"Dev Addr/Multicast Addr: 06f5800d
GwEUI: 24E124FFFEFAB29D
AppEUI: 24E124C0002A0001
Device EUI/Group Name: 24E124710E317752
Class Type: Class C
Immediately: -
Timestamp: 979433270
Type: UpUnc
Adr: true
AdrAcKReq: false
Ack: false
Fcnt: 356
Port: 85
Modulation: LORA
Bandwidth: 125
SpreadFactor: 7
Bitrate: 0
CodeRate: 4/5
SNR: 14.0
RSSI: -53
Power: -
Payload(b64): A2cNAQRoeQUAAQbLAAd9ewII5g8ACXMLJwp9AgALfQ0ADH0NAA==
Payload(hex): 03670d0104687905000106cb00077d7b0208e60f0009730b270a7d02000b7d0d000c7d0d00
JSON: {""co2"":635,""hcho"":0.02,""humidity"":60.5,""light_level"":0,""pir"":1,""pm10"":13,""pm2_5"":13,""pressure"":999.5,""temperature"":26.9,""tvoc"":15}
MIC: d1396b6b"
24E124710E317752,24E124FFFEFAB29D,473100000,SF7BW125, -51/13.8,37,355,UpUnc,2026-07-14T21:02:24+08:00,"Dev Addr/Multicast Addr: 06f5800d
GwEUI: 24E124FFFEFAB29D
AppEUI: 24E124C0002A0001
Device EUI/Group Name: 24E124710E317752
Class Type: Class C
Immediately: -
Timestamp: 919433309
Type: UpUnc
Adr: true
AdrAcKReq: false
Ack: false
Fcnt: 355
Port: 85
Modulation: LORA
Bandwidth: 125
SpreadFactor: 7
Bitrate: 0
CodeRate: 4/5
SNR: 13.8
RSSI: -51
Power: -
Payload(b64): A2cNAQRoeQUAAQbLAAd9egII5g8ACXMLJwp9AgALfQ0ADH0NAA==
Payload(hex): 03670d0104687905000106cb00077d7a0208e60f0009730b270a7d02000b7d0d000c7d0d00
JSON: {""co2"":634,""hcho"":0.02,""humidity"":60.5,""light_level"":0,""pir"":1,""pm10"":13,""pm2_5"":13,""pressure"":999.5,""temperature"":26.9,""tvoc"":15}
MIC: 08da803a"
24E124710E317752,24E124FFFEFAB29D,473300000,SF7BW125, -51/13.5,37,354,UpUnc,2026-07-14T21:01:24+08:00,"Dev Addr/Multicast Addr: 06f5800d
GwEUI: 24E124FFFEFAB29D
AppEUI: 24E124C0002A0001
Device EUI/Group Name: 24E124710E317752
Class Type: Class C
Immediately: -
Timestamp: 859431161
Type: UpUnc
Adr: true
AdrAcKReq: false
Ack: false
Fcnt: 354
Port: 85
Modulation: LORA
Bandwidth: 125
SpreadFactor: 7
Bitrate: 0
CodeRate: 4/5
SNR: 13.5
RSSI: -51
Power: -
Payload(b64): A2cNAQRoeAUAAQbLAAd9ewII5g8ACXMLJwp9AgALfQwADH0MAA==
Payload(hex): 03670d0104687805000106cb00077d7b0208e60f0009730b270a7d02000b7d0c000c7d0c00
JSON: {""co2"":635,""hcho"":0.02,""humidity"":60,""light_level"":0,""pir"":1,""pm10"":12,""pm2_5"":12,""pressure"":999.5,""temperature"":26.9,""tvoc"":15}
MIC: 377fe587"
24E124710E317752,24E124FFFEFAB29D,472300000,SF7BW125, -53/11.0,37,353,UpUnc,2026-07-14T21:00:24+08:00,"Dev Addr/Multicast Addr: 06f5800d
GwEUI: 24E124FFFEFAB29D
AppEUI: 24E124C0002A0001
Device EUI/Group Name: 24E124710E317752
Class Type: Class C
Immediately: -
Timestamp: 799436099
Type: UpUnc
Adr: true
AdrAcKReq: false
Ack: false
Fcnt: 353
Port: 85
Modulation: LORA
Bandwidth: 125
SpreadFactor: 7
Bitrate: 0
CodeRate: 4/5
SNR: 11.0
RSSI: -53
Power: -
Payload(b64): A2cNAQRoeAUAAQbLAAd9fAII5g8ACXMKJwp9AgALfQwADH0MAA==
Payload(hex): 03670d0104687805000106cb00077d7c0208e60f0009730a270a7d02000b7d0c000c7d0c00
JSON: {""co2"":636,""hcho"":0.02,""humidity"":60,""light_level"":0,""pir"":1,""pm10"":12,""pm2_5"":12,""pressure"":999.4,""temperature"":26.9,""tvoc"":15}
MIC: a1ac586d"
24E124710E317752,24E124FFFEFAB29D,472700000,SF7BW125, -53/13.8,37,352,UpUnc,2026-07-14T20:59:24+08:00,"Dev Addr/Multicast Addr: 06f5800d
GwEUI: 24E124FFFEFAB29D
AppEUI: 24E124C0002A0001
Device EUI/Group Name: 24E124710E317752
Class Type: Class C
Immediately: -
Timestamp: 739431341
Type: UpUnc
Adr: true
AdrAcKReq: false
Ack: false
Fcnt: 352
Port: 85
Modulation: LORA
Bandwidth: 125
SpreadFactor: 7
Bitrate: 0
CodeRate: 4/5
SNR: 13.8
RSSI: -53
Power: -
Payload(b64): A2cNAQRoeAUAAQbLAAd9ewII5g8ACXMKJwp9AQALfQwADH0MAA==
Payload(hex): 03670d0104687805000106cb00077d7b0208e60f0009730a270a7d01000b7d0c000c7d0c00
JSON: {""co2"":635,""hcho"":0.01,""humidity"":60,""light_level"":0,""pir"":1,""pm10"":12,""pm2_5"":12,""pressure"":999.4,""temperature"":26.9,""tvoc"":15}
MIC: 8ca5bc1d"
24E124710E317752,24E124FFFEFAB29D,472900000,SF7BW125, -51/10.0,37,351,UpUnc,2026-07-14T20:58:24+08:00,"Dev Addr/Multicast Addr: 06f5800d
GwEUI: 24E124FFFEFAB29D
AppEUI: 24E124C0002A0001
Device EUI/Group Name: 24E124710E317752
Class Type: Class C
Immediately: -
Timestamp: 679433981
Type: UpUnc
Adr: true
AdrAcKReq: false
Ack: false
Fcnt: 351
Port: 85
Modulation: LORA
Bandwidth: 125
SpreadFactor: 7
Bitrate: 0
CodeRate: 4/5
SNR: 10.0
RSSI: -51
Power: -
Payload(b64): A2cNAQRoeAUAAQbLAAd9fAII5g8ACXMKJwp9AgALfQ8ADH0PAA==
Payload(hex): 03670d0104687805000106cb00077d7c0208e60f0009730a270a7d02000b7d0f000c7d0f00
JSON: {""co2"":636,""hcho"":0.02,""humidity"":60,""light_level"":0,""pir"":1,""pm10"":15,""pm2_5"":15,""pressure"":999.4,""temperature"":26.9,""tvoc"":15}
MIC: b3c5fa1e"
24E124710E317752,24E124FFFEFAB29D,473300000,SF7BW125, -52/13.5,37,350,UpUnc,2026-07-14T20:57:24+08:00,"Dev Addr/Multicast Addr: 06f5800d
GwEUI: 24E124FFFEFAB29D
AppEUI: 24E124C0002A0001
Device EUI/Group Name: 24E124710E317752
Class Type: Class C
Immediately: -
Timestamp: 619429911
Type: UpUnc
Adr: true
AdrAcKReq: false
Ack: false
Fcnt: 350
Port: 85
Modulation: LORA
Bandwidth: 125
SpreadFactor: 7
Bitrate: 0
CodeRate: 4/5
SNR: 13.5
RSSI: -52
Power: -
Payload(b64): A2cNAQRoeAUAAQbLAAd9fQII5g8ACXMKJwp9AgALfQ8ADH0PAA==
Payload(hex): 03670d0104687805000106cb00077d7d0208e60f0009730a270a7d02000b7d0f000c7d0f00
JSON: {""co2"":637,""hcho"":0.02,""humidity"":60,""light_level"":0,""pir"":1,""pm10"":15,""pm2_5"":15,""pressure"":999.4,""temperature"":26.9,""tvoc"":15}
MIC: 46a1fa68"
24E124710E317752,24E124FFFEFAB29D,472100000,SF7BW125, -54/13.8,37,349,UpUnc,2026-07-14T20:56:24+08:00,"Dev Addr/Multicast Addr: 06f5800d
GwEUI: 24E124FFFEFAB29D
AppEUI: 24E124C0002A0001
Device EUI/Group Name: 24E124710E317752
Class Type: Class C
Immediately: -
Timestamp: 559435861
Type: UpUnc
Adr: true
AdrAcKReq: false
Ack: false
Fcnt: 349
Port: 85
Modulation: LORA
Bandwidth: 125
SpreadFactor: 7
Bitrate: 0
CodeRate: 4/5
SNR: 13.8
RSSI: -54
Power: -
Payload(b64): A2cNAQRoeAUAAQbLAAd9gAII5g8ACXMKJwp9AgALfQ8ADH0PAA==
Payload(hex): 03670d0104687805000106cb00077d800208e60f0009730a270a7d02000b7d0f000c7d0f00
JSON: {""co2"":640,""hcho"":0.02,""humidity"":60,""light_level"":0,""pir"":1,""pm10"":15,""pm2_5"":15,""pressure"":999.4,""temperature"":26.9,""tvoc"":15}
MIC: 8d64d715"
24E124710E317752,24E124FFFEFAB29D,472500000,SF7BW125, -53/13.5,37,348,UpUnc,2026-07-14T20:55:24+08:00,"Dev Addr/Multicast Addr: 06f5800d
GwEUI: 24E124FFFEFAB29D
AppEUI: 24E124C0002A0001
Device EUI/Group Name: 24E124710E317752
Class Type: Class C
Immediately: -
Timestamp: 499433782
Type: UpUnc
Adr: true
AdrAcKReq: false
Ack: false
Fcnt: 348
Port: 85
Modulation: LORA
Bandwidth: 125
SpreadFactor: 7
Bitrate: 0
CodeRate: 4/5
SNR: 13.5
RSSI: -53
Power: -
Payload(b64): A2cNAQRoeAUAAQbLAAd9gAII5g8ACXMKJwp9AgALfQ0ADH0NAA==
Payload(hex): 03670d0104687805000106cb00077d800208e60f0009730a270a7d02000b7d0d000c7d0d00
JSON: {""co2"":640,""hcho"":0.02,""humidity"":60,""light_level"":0,""pir"":1,""pm10"":13,""pm2_5"":13,""pressure"":999.4,""temperature"":26.9,""tvoc"":15}
MIC: ec1dbbf5"
24E124710E317752,24E124FFFEFAB29D,472900000,SF7BW125, -52/8.8,37,347,UpUnc,2026-07-14T20:54:24+08:00,"Dev Addr/Multicast Addr: 06f5800d
GwEUI: 24E124FFFEFAB29D
AppEUI: 24E124C0002A0001
Device EUI/Group Name: 24E124710E317752
Class Type: Class C
Immediately: -
Timestamp: 439434755
Type: UpUnc
Adr: true
AdrAcKReq: false
Ack: false
Fcnt: 347
Port: 85
Modulation: LORA
Bandwidth: 125
SpreadFactor: 7
Bitrate: 0
CodeRate: 4/5
SNR: 8.8
RSSI: -52
Power: -
Payload(b64): A2cNAQRoeAUAAQbLAAd9fwII5g8ACXMJJwp9AQALfQ0ADH0NAA==
Payload(hex): 03670d0104687805000106cb00077d7f0208e60f00097309270a7d01000b7d0d000c7d0d00
JSON: {""co2"":639,""hcho"":0.01,""humidity"":60,""light_level"":0,""pir"":1,""pm10"":13,""pm2_5"":13,""pressure"":999.3,""temperature"":26.9,""tvoc"":15}
MIC: d8d9249f"
24E124710E317752,24E124FFFEFAB29D,471900000,SF7BW125, -55/13.8,37,346,UpUnc,2026-07-14T20:53:24+08:00,"Dev Addr/Multicast Addr: 06f5800d
GwEUI: 24E124FFFEFAB29D
AppEUI: 24E124C0002A0001
Device EUI/Group Name: 24E124710E317752
Class Type: Class C
Immediately: -
Timestamp: 379433678
Type: UpUnc
Adr: true
AdrAcKReq: false
Ack: false
Fcnt: 346
Port: 85
Modulation: LORA
Bandwidth: 125
SpreadFactor: 7
Bitrate: 0
CodeRate: 4/5
SNR: 13.8
RSSI: -55
Power: -
Payload(b64): A2cNAQRoeAUAAQbLAAd9gAII5g8ACXMKJwp9AgALfQ0ADH0NAA==
Payload(hex): 03670d0104687805000106cb00077d800208e60f0009730a270a7d02000b7d0d000c7d0d00
JSON: {""co2"":640,""hcho"":0.02,""humidity"":60,""light_level"":0,""pir"":1,""pm10"":13,""pm2_5"":13,""pressure"":999.4,""temperature"":26.9,""tvoc"":15}
MIC: dc7e13ef"
24E124710E317752,24E124FFFEFAB29D,501900000,SF7BW125, -/-,0,13,DnUnc,2026-07-14T20:53:13+08:00,"Dev Addr/Multicast Addr: 06f5800d
GwEUI: 24E124FFFEFAB29D
AppEUI: 24E124C0002A0001
Device EUI/Group Name: 24E124710E317752
Class Type: Class C
Immediately: false
Timestamp: 368806761
Type: DnUnc
Adr: true
AdrAcKReq: false
Ack: false
Fcnt: 13
Port: -
Modulation: LORA
Bandwidth: 125
SpreadFactor: 7
Bitrate: 0
CodeRate: 4/5
SNR: -
RSSI: -
Power: 20
Payload(b64): 
Payload(hex): 
JSON: 
MIC: 589d4dc2"
24E124710E317752,24E124FFFEFAB29D,471900000,SF7BW125, -55/14.0,0,345,UpUnc,2026-07-14T20:53:12+08:00,"Dev Addr/Multicast Addr: 06f5800d
GwEUI: 24E124FFFEFAB29D
AppEUI: 24E124C0002A0001
Device EUI/Group Name: 24E124710E317752
Class Type: Class C
Immediately: -
Timestamp: 367806761
Type: UpUnc
Adr: true
AdrAcKReq: false
Ack: false
Fcnt: 345
Port: 0
Modulation: LORA
Bandwidth: 125
SpreadFactor: 7
Bitrate: 0
CodeRate: 4/5
SNR: 14.0
RSSI: -55
Power: -
Payload(b64): 
Payload(hex): 
JSON: 
MIC: 71053c7a"
24E124710E317752,24E124FFFEFAB29D,472300000,SF7BW125, -53/10.8,37,344,UpUnc,2026-07-14T20:52:24+08:00,"Dev Addr/Multicast Addr: 06f5800d
GwEUI: 24E124FFFEFAB29D
AppEUI: 24E124C0002A0001
Device EUI/Group Name: 24E124710E317752
Class Type: Class C
Immediately: -
Timestamp: 319432610
Type: UpUnc
Adr: true
AdrAcKReq: false
Ack: false
Fcnt: 344
Port: 85
Modulation: LORA
Bandwidth: 125
SpreadFactor: 7
Bitrate: 0
CodeRate: 4/5
SNR: 10.8
RSSI: -53
Power: -
Payload(b64): A2cNAQRoeAUAAQbLAAd9gAII5g8ACXMJJwp9AQALfQ8ADH0PAA==
Payload(hex): 03670d0104687805000106cb00077d800208e60f00097309270a7d01000b7d0f000c7d0f00
JSON: {""co2"":640,""hcho"":0.01,""humidity"":60,""light_level"":0,""pir"":1,""pm10"":15,""pm2_5"":15,""pressure"":999.3,""temperature"":26.9,""tvoc"":15}
MIC: 04ab69bd"
24E124710E317752,24E124FFFEFAB29D,472700000,SF7BW125, -53/14.0,37,343,UpUnc,2026-07-14T20:51:24+08:00,"Dev Addr/Multicast Addr: 06f5800d
GwEUI: 24E124FFFEFAB29D
AppEUI: 24E124C0002A0001
Device EUI/Group Name: 24E124710E317752
Class Type: Class C
Immediately: -
Timestamp: 259434544
Type: UpUnc
Adr: true
AdrAcKReq: false
Ack: false
Fcnt: 343
Port: 85
Modulation: LORA
Bandwidth: 125
SpreadFactor: 7
Bitrate: 0
CodeRate: 4/5
SNR: 14.0
RSSI: -53
Power: -
Payload(b64): A2cNAQRoeAUAAQbLAAd9ggII5g8ACXMIJwp9AgALfQ8ADH0PAA==
Payload(hex): 03670d0104687805000106cb00077d820208e60f00097308270a7d02000b7d0f000c7d0f00
JSON: {""co2"":642,""hcho"":0.02,""humidity"":60,""light_level"":0,""pir"":1,""pm10"":15,""pm2_5"":15,""pressure"":999.2,""temperature"":26.9,""tvoc"":15}
MIC: b64e31dc"
24E124710E317752,24E124FFFEFAB29D,473300000,SF7BW125, -52/14.0,37,342,UpUnc,2026-07-14T20:50:24+08:00,"Dev Addr/Multicast Addr: 06f5800d
GwEUI: 24E124FFFEFAB29D
AppEUI: 24E124C0002A0001
Device EUI/Group Name: 24E124710E317752
Class Type: Class C
Immediately: -
Timestamp: 199434590
Type: UpUnc
Adr: true
AdrAcKReq: false
Ack: false
Fcnt: 342
Port: 85
Modulation: LORA
Bandwidth: 125
SpreadFactor: 7
Bitrate: 0
CodeRate: 4/5
SNR: 14.0
RSSI: -52
Power: -
Payload(b64): A2cNAQRoeAUAAQbLAAd9hQII5g8ACXMIJwp9AgALfQ8ADH0PAA==
Payload(hex): 03670d0104687805000106cb00077d850208e60f00097308270a7d02000b7d0f000c7d0f00
JSON: {""co2"":645,""hcho"":0.02,""humidity"":60,""light_level"":0,""pir"":1,""pm10"":15,""pm2_5"":15,""pressure"":999.2,""temperature"":26.9,""tvoc"":15}
MIC: 4dfb4087"
24E124710E317752,24E124FFFEFAB29D,471900000,SF7BW125, -55/13.8,37,341,UpUnc,2026-07-14T20:49:24+08:00,"Dev Addr/Multicast Addr: 06f5800d
GwEUI: 24E124FFFEFAB29D
AppEUI: 24E124C0002A0001
Device EUI/Group Name: 24E124710E317752
Class Type: Class C
Immediately: -
Timestamp: 139437437
Type: UpUnc
Adr: true
AdrAcKReq: false
Ack: false
Fcnt: 341
Port: 85
Modulation: LORA
Bandwidth: 125
SpreadFactor: 7
Bitrate: 0
CodeRate: 4/5
SNR: 13.8
RSSI: -55
Power: -
Payload(b64): A2cNAQRoeAUAAQbLAAd9hAII5g8ACXMJJwp9AQALfQ0ADH0NAA==
Payload(hex): 03670d0104687805000106cb00077d840208e60f00097309270a7d01000b7d0d000c7d0d00
JSON: {""co2"":644,""hcho"":0.01,""humidity"":60,""light_level"":0,""pir"":1,""pm10"":13,""pm2_5"":13,""pressure"":999.3,""temperature"":26.9,""tvoc"":15}
MIC: a1fd68ef"
24E124710E317752,24E124FFFEFAB29D,472500000,SF7BW125, -53/14.0,37,340,UpUnc,2026-07-14T20:48:24+08:00,"Dev Addr/Multicast Addr: 06f5800d
GwEUI: 24E124FFFEFAB29D
AppEUI: 24E124C0002A0001
Device EUI/Group Name: 24E124710E317752
Class Type: Class C
Immediately: -
Timestamp: 79441372
Type: UpUnc
Adr: true
AdrAcKReq: false
Ack: false
Fcnt: 340
Port: 85
Modulation: LORA
Bandwidth: 125
SpreadFactor: 7
Bitrate: 0
CodeRate: 4/5
SNR: 14.0
RSSI: -53
Power: -
Payload(b64): A2cMAQRoeAUAAQbLAAd9hQII5g8ACXMIJwp9AgALfQ0ADH0NAA==
Payload(hex): 03670c0104687805000106cb00077d850208e60f00097308270a7d02000b7d0d000c7d0d00
JSON: {""co2"":645,""hcho"":0.02,""humidity"":60,""light_level"":0,""pir"":1,""pm10"":13,""pm2_5"":13,""pressure"":999.2,""temperature"":26.8,""tvoc"":15}
MIC: 4e10fa40"
24E124710E317752,24E124FFFEFAB29D,472700000,SF7BW125, -53/14.0,37,339,UpUnc,2026-07-14T20:47:24+08:00,"Dev Addr/Multicast Addr: 06f5800d
GwEUI: 24E124FFFEFAB29D
AppEUI: 24E124C0002A0001
Device EUI/Group Name: 24E124710E317752
Class Type: Class C
Immediately: -
Timestamp: 19432500
Type: UpUnc
Adr: true
AdrAcKReq: false
Ack: false
Fcnt: 339
Port: 85
Modulation: LORA
Bandwidth: 125
SpreadFactor: 7
Bitrate: 0
CodeRate: 4/5
SNR: 14.0
RSSI: -53
Power: -
Payload(b64): A2cNAQRoeAUAAQbLAAd9hAII5g8ACXMIJwp9AQALfQ0ADH0NAA==
Payload(hex): 03670d0104687805000106cb00077d840208e60f00097308270a7d01000b7d0d000c7d0d00
JSON: {""co2"":644,""hcho"":0.01,""humidity"":60,""light_level"":0,""pir"":1,""pm10"":13,""pm2_5"":13,""pressure"":999.2,""temperature"":26.9,""tvoc"":15}
MIC: 891f96ac"
24E124710E317752,24E124FFFEFAB29D,473100000,SF7BW125, -51/14.2,37,338,UpUnc,2026-07-14T20:46:24+08:00,"Dev Addr/Multicast Addr: 06f5800d
GwEUI: 24E124FFFEFAB29D
AppEUI: 24E124C0002A0001
Device EUI/Group Name: 24E124710E317752
Class Type: Class C
Immediately: -
Timestamp: 4254404549
Type: UpUnc
Adr: true
AdrAcKReq: false
Ack: false
Fcnt: 338
Port: 85
Modulation: LORA
Bandwidth: 125
SpreadFactor: 7
Bitrate: 0
CodeRate: 4/5
SNR: 14.2
RSSI: -51
Power: -
Payload(b64): A2cMAQRoeAUAAQbLAAd9gQII5g8ACXMIJwp9AgALfQ8ADH0PAA==
Payload(hex): 03670c0104687805000106cb00077d810208e60f00097308270a7d02000b7d0f000c7d0f00
JSON: {""co2"":641,""hcho"":0.02,""humidity"":60,""light_level"":0,""pir"":1,""pm10"":15,""pm2_5"":15,""pressure"":999.2,""temperature"":26.8,""tvoc"":15}
MIC: 125cee00"
24E124710E317752,24E124FFFEFAB29D,472100000,SF7BW125, -54/13.2,37,337,UpUnc,2026-07-14T20:45:24+08:00,"Dev Addr/Multicast Addr: 06f5800d
GwEUI: 24E124FFFEFAB29D
AppEUI: 24E124C0002A0001
Device EUI/Group Name: 24E124710E317752
Class Type: Class C
Immediately: -
Timestamp: 4194399614
Type: UpUnc
Adr: true
AdrAcKReq: false
Ack: false
Fcnt: 337
Port: 85
Modulation: LORA
Bandwidth: 125
SpreadFactor: 7
Bitrate: 0
CodeRate: 4/5
SNR: 13.2
RSSI: -54
Power: -
Payload(b64): A2cMAQRoeAUAAQbLAAd9gQII5g8ACXMIJwp9AgALfQ8ADH0PAA==
Payload(hex): 03670c0104687805000106cb00077d810208e60f00097308270a7d02000b7d0f000c7d0f00
JSON: {""co2"":641,""hcho"":0.02,""humidity"":60,""light_level"":0,""pir"":1,""pm10"":15,""pm2_5"":15,""pressure"":999.2,""temperature"":26.8,""tvoc"":15}
MIC: 9dbf0cc0"
24E124710E317752,24E124FFFEFAB29D,472500000,SF7BW125, -53/14.0,37,336,UpUnc,2026-07-14T20:44:24+08:00,"Dev Addr/Multicast Addr: 06f5800d
GwEUI: 24E124FFFEFAB29D
AppEUI: 24E124C0002A0001
Device EUI/Group Name: 24E124710E317752
Class Type: Class C
Immediately: -
Timestamp: 4134406466
Type: UpUnc
Adr: true
AdrAcKReq: false
Ack: false
Fcnt: 336
Port: 85
Modulation: LORA
Bandwidth: 125
SpreadFactor: 7
Bitrate: 0
CodeRate: 4/5
SNR: 14.0
RSSI: -53
Power: -
Payload(b64): A2cMAQRoeAUAAQbLAAd9hAII5g8ACXMIJwp9AQALfQ8ADH0PAA==
Payload(hex): 03670c0104687805000106cb00077d840208e60f00097308270a7d01000b7d0f000c7d0f00
JSON: {""co2"":644,""hcho"":0.01,""humidity"":60,""light_level"":0,""pir"":1,""pm10"":15,""pm2_5"":15,""pressure"":999.2,""temperature"":26.8,""tvoc"":15}
MIC: 54bb060f"
24E124710E317752,24E124FFFEFAB29D,472900000,SF7BW125, -51/8.5,37,335,UpUnc,2026-07-14T20:43:24+08:00,"Dev Addr/Multicast Addr: 06f5800d
GwEUI: 24E124FFFEFAB29D
AppEUI: 24E124C0002A0001
Device EUI/Group Name: 24E124710E317752
Class Type: Class C
Immediately: -
Timestamp: 4074403378
Type: UpUnc
Adr: true
AdrAcKReq: false
Ack: false
Fcnt: 335
Port: 85
Modulation: LORA
Bandwidth: 125
SpreadFactor: 7
Bitrate: 0
CodeRate: 4/5
SNR: 8.5
RSSI: -51
Power: -
Payload(b64): A2cMAQRoeAUAAQbLAAd9ggII5g8ACXMIJwp9AgALfQwADH0MAA==
Payload(hex): 03670c0104687805000106cb00077d820208e60f00097308270a7d02000b7d0c000c7d0c00
JSON: {""co2"":642,""hcho"":0.02,""humidity"":60,""light_level"":0,""pir"":1,""pm10"":12,""pm2_5"":12,""pressure"":999.2,""temperature"":26.8,""tvoc"":15}
MIC: be4c5d5e"
24E124710E317752,24E124FFFEFAB29D,473100000,SF7BW125, -51/14.0,37,334,UpUnc,2026-07-14T20:42:24+08:00,"Dev Addr/Multicast Addr: 06f5800d
GwEUI: 24E124FFFEFAB29D
AppEUI: 24E124C0002A0001
Device EUI/Group Name: 24E124710E317752
Class Type: Class C
Immediately: -
Timestamp: 4014399303
Type: UpUnc
Adr: true
AdrAcKReq: false
Ack: false
Fcnt: 334
Port: 85
Modulation: LORA
Bandwidth: 125
SpreadFactor: 7
Bitrate: 0
CodeRate: 4/5
SNR: 14.0
RSSI: -51
Power: -
Payload(b64): A2cMAQRoeAUAAQbLAAd9hAII5g8ACXMHJwp9AQALfQwADH0MAA==
Payload(hex): 03670c0104687805000106cb00077d840208e60f00097307270a7d01000b7d0c000c7d0c00
JSON: {""co2"":644,""hcho"":0.01,""humidity"":60,""light_level"":0,""pir"":1,""pm10"":12,""pm2_5"":12,""pressure"":999.1,""temperature"":26.8,""tvoc"":15}
MIC: b5c0268b"
24E124710E317752,24E124FFFEFAB29D,472100000,SF7BW125, -54/13.8,37,333,UpUnc,2026-07-14T20:41:24+08:00,"Dev Addr/Multicast Addr: 06f5800d
GwEUI: 24E124FFFEFAB29D
AppEUI: 24E124C0002A0001
Device EUI/Group Name: 24E124710E317752
Class Type: Class C
Immediately: -
Timestamp: 3954405251
Type: UpUnc
Adr: true
AdrAcKReq: false
Ack: false
Fcnt: 333
Port: 85
Modulation: LORA
Bandwidth: 125
SpreadFactor: 7
Bitrate: 0
CodeRate: 4/5
SNR: 13.8
RSSI: -54
Power: -
Payload(b64): A2cMAQRoeAUAAQbLAAd9hgII5g8ACXMHJwp9AgALfQwADH0MAA==
Payload(hex): 03670c0104687805000106cb00077d860208e60f00097307270a7d02000b7d0c000c7d0c00
JSON: {""co2"":646,""hcho"":0.02,""humidity"":60,""light_level"":0,""pir"":1,""pm10"":12,""pm2_5"":12,""pressure"":999.1,""temperature"":26.8,""tvoc"":15}
MIC: a5fe8cfc"
24E124710E317752,24E124FFFEFAB29D,472500000,SF7BW125, -53/13.8,37,332,UpUnc,2026-07-14T20:40:24+08:00,"Dev Addr/Multicast Addr: 06f5800d
GwEUI: 24E124FFFEFAB29D
AppEUI: 24E124C0002A0001
Device EUI/Group Name: 24E124710E317752
Class Type: Class C
Immediately: -
Timestamp: 3894400261
Type: UpUnc
Adr: true
AdrAcKReq: false
Ack: false
Fcnt: 332
Port: 85
Modulation: LORA
Bandwidth: 125
SpreadFactor: 7
Bitrate: 0
CodeRate: 4/5
SNR: 13.8
RSSI: -53
Power: -
Payload(b64): A2cMAQRoeAUAAQbLAAd9hQII5g8ACXMHJwp9AgALfQ4ADH0OAA==
Payload(hex): 03670c0104687805000106cb00077d850208e60f00097307270a7d02000b7d0e000c7d0e00
JSON: {""co2"":645,""hcho"":0.02,""humidity"":60,""light_level"":0,""pir"":1,""pm10"":14,""pm2_5"":14,""pressure"":999.1,""temperature"":26.8,""tvoc"":15}
MIC: 858e7c90"
24E124710E317752,24E124FFFEFAB29D,472900000,SF7BW125, -51/8.5,37,331,UpUnc,2026-07-14T20:39:24+08:00,"Dev Addr/Multicast Addr: 06f5800d
GwEUI: 24E124FFFEFAB29D
AppEUI: 24E124C0002A0001
Device EUI/Group Name: 24E124710E317752
Class Type: Class C
Immediately: -
Timestamp: 3834407424
Type: UpUnc
Adr: true
AdrAcKReq: false
Ack: false
Fcnt: 331
Port: 85
Modulation: LORA
Bandwidth: 125
SpreadFactor: 7
Bitrate: 0
CodeRate: 4/5
SNR: 8.5
RSSI: -51
Power: -
Payload(b64): A2cMAQRoeAUAAQbLAAd9hgII5g8ACXMHJwp9AQALfQ4ADH0OAA==
Payload(hex): 03670c0104687805000106cb00077d860208e60f00097307270a7d01000b7d0e000c7d0e00
JSON: {""co2"":646,""hcho"":0.01,""humidity"":60,""light_level"":0,""pir"":1,""pm10"":14,""pm2_5"":14,""pressure"":999.1,""temperature"":26.8,""tvoc"":15}
MIC: 1f339dbd"
24E124710E317752,24E124FFFEFAB29D,473100000,SF7BW125, -51/13.8,37,330,UpUnc,2026-07-14T20:38:24+08:00,"Dev Addr/Multicast Addr: 06f5800d
GwEUI: 24E124FFFEFAB29D
AppEUI: 24E124C0002A0001
Device EUI/Group Name: 24E124710E317752
Class Type: Class C
Immediately: -
Timestamp: 3774403173
Type: UpUnc
Adr: true
AdrAcKReq: false
Ack: false
Fcnt: 330
Port: 85
Modulation: LORA
Bandwidth: 125
SpreadFactor: 7
Bitrate: 0
CodeRate: 4/5
SNR: 13.8
RSSI: -51
Power: -
Payload(b64): A2cMAQRoeAUAAQbLAAd9hQII5g8ACXMIJwp9AgALfQ4ADH0OAA==
Payload(hex): 03670c0104687805000106cb00077d850208e60f00097308270a7d02000b7d0e000c7d0e00
JSON: {""co2"":645,""hcho"":0.02,""humidity"":60,""light_level"":0,""pir"":1,""pm10"":14,""pm2_5"":14,""pressure"":999.2,""temperature"":26.8,""tvoc"":15}
MIC: 208357a8"
24E124710E317752,24E124FFFEFAB29D,471900000,SF7BW125, -55/13.8,37,329,UpUnc,2026-07-14T20:37:24+08:00,"Dev Addr/Multicast Addr: 06f5800d
GwEUI: 24E124FFFEFAB29D
AppEUI: 24E124C0002A0001
Device EUI/Group Name: 24E124710E317752
Class Type: Class C
Immediately: -
Timestamp: 3714403127
Type: UpUnc
Adr: true
AdrAcKReq: false
Ack: false
Fcnt: 329
Port: 85
Modulation: LORA
Bandwidth: 125
SpreadFactor: 7
Bitrate: 0
CodeRate: 4/5
SNR: 13.8
RSSI: -55
Power: -
Payload(b64): A2cMAQRoeAUAAAbLAAd9hwII5g8ACXMHJwp9AQALfQ0ADH0NAA==
Payload(hex): 03670c0104687805000006cb00077d870208e60f00097307270a7d01000b7d0d000c7d0d00
JSON: {""co2"":647,""hcho"":0.01,""humidity"":60,""light_level"":0,""pir"":0,""pm10"":13,""pm2_5"":13,""pressure"":999.1,""temperature"":26.8,""tvoc"":15}
MIC: e0242ef3"
24E124710E317752,24E124FFFEFAB29D,472500000,SF7BW125, -53/13.8,37,328,UpUnc,2026-07-14T20:36:24+08:00,"Dev Addr/Multicast Addr: 06f5800d
GwEUI: 24E124FFFEFAB29D
AppEUI: 24E124C0002A0001
Device EUI/Group Name: 24E124710E317752
Class Type: Class C
Immediately: -
Timestamp: 3654408001
Type: UpUnc
Adr: true
AdrAcKReq: false
Ack: false
Fcnt: 328
Port: 85
Modulation: LORA
Bandwidth: 125
SpreadFactor: 7
Bitrate: 0
CodeRate: 4/5
SNR: 13.8
RSSI: -53
Power: -
Payload(b64): A2cMAQRoeAUAAQbLAAd9hQII5g8ACXMHJwp9AgALfQ0ADH0NAA==
Payload(hex): 03670c0104687805000106cb00077d850208e60f00097307270a7d02000b7d0d000c7d0d00
JSON: {""co2"":645,""hcho"":0.02,""humidity"":60,""light_level"":0,""pir"":1,""pm10"":13,""pm2_5"":13,""pressure"":999.1,""temperature"":26.8,""tvoc"":15}
MIC: b5575a13"
24E124710E317752,24E124FFFEFAB29D,472900000,SF7BW125, -52/8.8,37,327,UpUnc,2026-07-14T20:35:24+08:00,"Dev Addr/Multicast Addr: 06f5800d
GwEUI: 24E124FFFEFAB29D
AppEUI: 24E124C0002A0001
Device EUI/Group Name: 24E124710E317752
Class Type: Class C
Immediately: -
Timestamp: 3594404017
Type: UpUnc
Adr: true
AdrAcKReq: false
Ack: false
Fcnt: 327
Port: 85
Modulation: LORA
Bandwidth: 125
SpreadFactor: 7
Bitrate: 0
CodeRate: 4/5
SNR: 8.8
RSSI: -52
Power: -
Payload(b64): A2cMAQRoeAUAAQbLAAd9hgII5g8ACXMHJwp9AgALfQ0ADH0NAA==
Payload(hex): 03670c0104687805000106cb00077d860208e60f00097307270a7d02000b7d0d000c7d0d00
JSON: {""co2"":646,""hcho"":0.02,""humidity"":60,""light_level"":0,""pir"":1,""pm10"":13,""pm2_5"":13,""pressure"":999.1,""temperature"":26.8,""tvoc"":15}
MIC: 94a2db0b"
24E124710E317752,24E124FFFEFAB29D,473300000,SF7BW125, -52/13.0,37,326,UpUnc,2026-07-14T20:34:24+08:00,"Dev Addr/Multicast Addr: 06f5800d
GwEUI: 24E124FFFEFAB29D
AppEUI: 24E124C0002A0001
Device EUI/Group Name: 24E124710E317752
Class Type: Class C
Immediately: -
Timestamp: 3534399898
Type: UpUnc
Adr: true
AdrAcKReq: false
Ack: false
Fcnt: 326
Port: 85
Modulation: LORA
Bandwidth: 125
SpreadFactor: 7
Bitrate: 0
CodeRate: 4/5
SNR: 13.0
RSSI: -52
Power: -
Payload(b64): A2cMAQRoeAUAAQbLAAd9iAII5g8ACXMHJwp9AQALfQ4ADH0OAA==
Payload(hex): 03670c0104687805000106cb00077d880208e60f00097307270a7d01000b7d0e000c7d0e00
JSON: {""co2"":648,""hcho"":0.01,""humidity"":60,""light_level"":0,""pir"":1,""pm10"":14,""pm2_5"":14,""pressure"":999.1,""temperature"":26.8,""tvoc"":15}
MIC: 65840a79"
24E124710E317752,24E124FFFEFAB29D,471900000,SF7BW125, -55/14.0,37,325,UpUnc,2026-07-14T20:33:24+08:00,"Dev Addr/Multicast Addr: 06f5800d
GwEUI: 24E124FFFEFAB29D
AppEUI: 24E124C0002A0001
Device EUI/Group Name: 24E124710E317752
Class Type: Class C
Immediately: -
Timestamp: 3474405774
Type: UpUnc
Adr: true
AdrAcKReq: false
Ack: false
Fcnt: 325
Port: 85
Modulation: LORA
Bandwidth: 125
SpreadFactor: 7
Bitrate: 0
CodeRate: 4/5
SNR: 14.0
RSSI: -55
Power: -
Payload(b64): A2cMAQRodwUAAQbLAAd9iQII5g8ACXMHJwp9AgALfQ4ADH0OAA==
Payload(hex): 03670c0104687705000106cb00077d890208e60f00097307270a7d02000b7d0e000c7d0e00
JSON: {""co2"":649,""hcho"":0.02,""humidity"":59.5,""light_level"":0,""pir"":1,""pm10"":14,""pm2_5"":14,""pressure"":999.1,""temperature"":26.8,""tvoc"":15}
MIC: 427f53ed"
24E124710E317752,24E124FFFEFAB29D,472500000,SF7BW125, -53/13.5,37,324,UpUnc,2026-07-14T20:32:24+08:00,"Dev Addr/Multicast Addr: 06f5800d
GwEUI: 24E124FFFEFAB29D
AppEUI: 24E124C0002A0001
Device EUI/Group Name: 24E124710E317752
Class Type: Class C
Immediately: -
Timestamp: 3414402688
Type: UpUnc
Adr: true
AdrAcKReq: false
Ack: false
Fcnt: 324
Port: 85
Modulation: LORA
Bandwidth: 125
SpreadFactor: 7
Bitrate: 0
CodeRate: 4/5
SNR: 13.5
RSSI: -53
Power: -
Payload(b64): A2cMAQRodwUAAQbLAAd9iQII5g8ACXMHJwp9AQALfQ4ADH0OAA==
Payload(hex): 03670c0104687705000106cb00077d890208e60f00097307270a7d01000b7d0e000c7d0e00
JSON: {""co2"":649,""hcho"":0.01,""humidity"":59.5,""light_level"":0,""pir"":1,""pm10"":14,""pm2_5"":14,""pressure"":999.1,""temperature"":26.8,""tvoc"":15}
MIC: 3afb4619"
24E124710E317752,24E124FFFEFAB29D,472700000,SF7BW125, -53/14.2,37,323,UpUnc,2026-07-14T20:31:24+08:00,"Dev Addr/Multicast Addr: 06f5800d
GwEUI: 24E124FFFEFAB29D
AppEUI: 24E124C0002A0001
Device EUI/Group Name: 24E124710E317752
Class Type: Class C
Immediately: -
Timestamp: 3354399668
Type: UpUnc
Adr: true
AdrAcKReq: false
Ack: false
Fcnt: 323
Port: 85
Modulation: LORA
Bandwidth: 125
SpreadFactor: 7
Bitrate: 0
CodeRate: 4/5
SNR: 14.2
RSSI: -53
Power: -
Payload(b64): A2cMAQRodwUAAQbLAAd9hgII5g8ACXMHJwp9AgALfQ4ADH0OAA==
Payload(hex): 03670c0104687705000106cb00077d860208e60f00097307270a7d02000b7d0e000c7d0e00
JSON: {""co2"":646,""hcho"":0.02,""humidity"":59.5,""light_level"":0,""pir"":1,""pm10"":14,""pm2_5"":14,""pressure"":999.1,""temperature"":26.8,""tvoc"":15}
MIC: a09c17a5"
24E124710E317752,24E124FFFEFAB29D,473300000,SF7BW125, -52/14.2,37,322,UpUnc,2026-07-14T20:30:24+08:00,"Dev Addr/Multicast Addr: 06f5800d
GwEUI: 24E124FFFEFAB29D
AppEUI: 24E124C0002A0001
Device EUI/Group Name: 24E124710E317752
Class Type: Class C
Immediately: -
Timestamp: 3294404608
Type: UpUnc
Adr: true
AdrAcKReq: false
Ack: false
Fcnt: 322
Port: 85
Modulation: LORA
Bandwidth: 125
SpreadFactor: 7
Bitrate: 0
CodeRate: 4/5
SNR: 14.2
RSSI: -52
Power: -
Payload(b64): A2cMAQRodwUAAQbLAAd9hgII5g8ACXMHJwp9AgALfQ4ADH0OAA==
Payload(hex): 03670c0104687705000106cb00077d860208e60f00097307270a7d02000b7d0e000c7d0e00
JSON: {""co2"":646,""hcho"":0.02,""humidity"":59.5,""light_level"":0,""pir"":1,""pm10"":14,""pm2_5"":14,""pressure"":999.1,""temperature"":26.8,""tvoc"":15}
MIC: 8ec1a2c4"
24E124710E317752,24E124FFFEFAB29D,471900000,SF7BW125, -55/14.0,37,321,UpUnc,2026-07-14T20:29:24+08:00,"Dev Addr/Multicast Addr: 06f5800d
GwEUI: 24E124FFFEFAB29D
AppEUI: 24E124C0002A0001
Device EUI/Group Name: 24E124710E317752
Class Type: Class C
Immediately: -
Timestamp: 3234418611
Type: UpUnc
Adr: true
AdrAcKReq: false
Ack: false
Fcnt: 321
Port: 85
Modulation: LORA
Bandwidth: 125
SpreadFactor: 7
Bitrate: 0
CodeRate: 4/5
SNR: 14.0
RSSI: -55
Power: -
Payload(b64): A2cMAQRodwUAAQbLAAd9iAII5g8ACXMHJwp9AQALfQ4ADH0OAA==
Payload(hex): 03670c0104687705000106cb00077d880208e60f00097307270a7d01000b7d0e000c7d0e00
JSON: {""co2"":648,""hcho"":0.01,""humidity"":59.5,""light_level"":0,""pir"":1,""pm10"":14,""pm2_5"":14,""pressure"":999.1,""temperature"":26.8,""tvoc"":15}
MIC: 0f4d2ab6"
24E124710E317752,24E124FFFEFAB29D,472500000,SF7BW125, -53/14.0,37,320,UpUnc,2026-07-14T20:28:24+08:00,"Dev Addr/Multicast Addr: 06f5800d
GwEUI: 24E124FFFEFAB29D
AppEUI: 24E124C0002A0001
Device EUI/Group Name: 24E124710E317752
Class Type: Class C
Immediately: -
Timestamp: 3174411450
Type: UpUnc
Adr: true
AdrAcKReq: false
Ack: false
Fcnt: 320
Port: 85
Modulation: LORA
Bandwidth: 125
SpreadFactor: 7
Bitrate: 0
CodeRate: 4/5
SNR: 14.0
RSSI: -53
Power: -
Payload(b64): A2cMAQRodwUAAQbLAAd9hwII5g8ACXMGJwp9AgALfQ8ADH0PAA==
Payload(hex): 03670c0104687705000106cb00077d870208e60f00097306270a7d02000b7d0f000c7d0f00
JSON: {""co2"":647,""hcho"":0.02,""humidity"":59.5,""light_level"":0,""pir"":1,""pm10"":15,""pm2_5"":15,""pressure"":999,""temperature"":26.8,""tvoc"":15}
MIC: 824defa6"
24E124710E317752,24E124FFFEFAB29D,503300000,SF7BW125, -/-,0,12,DnUnc,2026-07-14T20:27:57+08:00,"Dev Addr/Multicast Addr: 06f5800d
GwEUI: 24E124FFFEFAB29D
AppEUI: 24E124C0002A0001
Device EUI/Group Name: 24E124710E317752
Class Type: Class C
Immediately: false
Timestamp: 3148321565
Type: DnUnc
Adr: true
AdrAcKReq: false
Ack: false
Fcnt: 12
Port: -
Modulation: LORA
Bandwidth: 125
SpreadFactor: 7
Bitrate: 0
CodeRate: 4/5
SNR: -
RSSI: -
Power: 20
Payload(b64): 
Payload(hex): 
JSON: 
MIC: f7337494"
24E124710E317752,24E124FFFEFAB29D,473300000,SF7BW125, -52/13.8,0,319,UpUnc,2026-07-14T20:27:57+08:00,"Dev Addr/Multicast Addr: 06f5800d
GwEUI: 24E124FFFEFAB29D
AppEUI: 24E124C0002A0001
Device EUI/Group Name: 24E124710E317752
Class Type: Class C
Immediately: -
Timestamp: 3147321565
Type: UpUnc
Adr: true
AdrAcKReq: false
Ack: false
Fcnt: 319
Port: 0
Modulation: LORA
Bandwidth: 125
SpreadFactor: 7
Bitrate: 0
CodeRate: 4/5
SNR: 13.8
RSSI: -52
Power: -
Payload(b64): 
Payload(hex): 
JSON: 
MIC: 8f578711"
24E124710E317752,24E124FFFEFAB29D,472300000,SF7BW125, -52/10.8,37,318,UpUnc,2026-07-14T20:27:24+08:00,"Dev Addr/Multicast Addr: 06f5800d
GwEUI: 24E124FFFEFAB29D
AppEUI: 24E124C0002A0001
Device EUI/Group Name: 24E124710E317752
Class Type: Class C
Immediately: -
Timestamp: 3114425441
Type: UpUnc
Adr: true
AdrAcKReq: false
Ack: false
Fcnt: 318
Port: 85
Modulation: LORA
Bandwidth: 125
SpreadFactor: 7
Bitrate: 0
CodeRate: 4/5
SNR: 10.8
RSSI: -52
Power: -
Payload(b64): A2cMAQRodwUAAQbLAAd9hgII5g8ACXMGJwp9AQALfQ8ADH0PAA==
Payload(hex): 03670c0104687705000106cb00077d860208e60f00097306270a7d01000b7d0f000c7d0f00
JSON: {""co2"":646,""hcho"":0.01,""humidity"":59.5,""light_level"":0,""pir"":1,""pm10"":15,""pm2_5"":15,""pressure"":999,""temperature"":26.8,""tvoc"":15}
MIC: bc1317e2"
24E124710E317752,24E124FFFEFAB29D,472500000,SF7BW125, -53/14.0,37,317,UpUnc,2026-07-14T20:26:24+08:00,"Dev Addr/Multicast Addr: 06f5800d
GwEUI: 24E124FFFEFAB29D
AppEUI: 24E124C0002A0001
Device EUI/Group Name: 24E124710E317752
Class Type: Class C
Immediately: -
Timestamp: 3054406406
Type: UpUnc
Adr: true
AdrAcKReq: false
Ack: false
Fcnt: 317
Port: 85
Modulation: LORA
Bandwidth: 125
SpreadFactor: 7
Bitrate: 0
CodeRate: 4/5
SNR: 14.0
RSSI: -53
Power: -
Payload(b64): A2cMAQRodwUAAQbLAAd9hgII5g8ACXMGJwp9AgALfQ8ADH0PAA==
Payload(hex): 03670c0104687705000106cb00077d860208e60f00097306270a7d02000b7d0f000c7d0f00
JSON: {""co2"":646,""hcho"":0.02,""humidity"":59.5,""light_level"":0,""pir"":1,""pm10"":15,""pm2_5"":15,""pressure"":999,""temperature"":26.8,""tvoc"":15}
MIC: 84139b20"
24E124710E317752,24E124FFFEFAB29D,472900000,SF7BW125, -51/8.5,37,316,UpUnc,2026-07-14T20:25:24+08:00,"Dev Addr/Multicast Addr: 06f5800d
GwEUI: 24E124FFFEFAB29D
AppEUI: 24E124C0002A0001
Device EUI/Group Name: 24E124710E317752
Class Type: Class C
Immediately: -
Timestamp: 2994406283
Type: UpUnc
Adr: true
AdrAcKReq: false
Ack: false
Fcnt: 316
Port: 85
Modulation: LORA
Bandwidth: 125
SpreadFactor: 7
Bitrate: 0
CodeRate: 4/5
SNR: 8.5
RSSI: -51
Power: -
Payload(b64): A2cMAQRodwUAAQbLAAd9iAII5g8ACXMGJwp9AgALfQ8ADH0PAA==
Payload(hex): 03670c0104687705000106cb00077d880208e60f00097306270a7d02000b7d0f000c7d0f00
JSON: {""co2"":648,""hcho"":0.02,""humidity"":59.5,""light_level"":0,""pir"":1,""pm10"":15,""pm2_5"":15,""pressure"":999,""temperature"":26.8,""tvoc"":15}
MIC: dc47f889"
24E124710E317752,24E124FFFEFAB29D,473300000,SF7BW125, -52/14.5,37,315,UpUnc,2026-07-14T20:24:24+08:00,"Dev Addr/Multicast Addr: 06f5800d
GwEUI: 24E124FFFEFAB29D
AppEUI: 24E124C0002A0001
Device EUI/Group Name: 24E124710E317752
Class Type: Class C
Immediately: -
Timestamp: 2934409243
Type: UpUnc
Adr: true
AdrAcKReq: false
Ack: false
Fcnt: 315
Port: 85
Modulation: LORA
Bandwidth: 125
SpreadFactor: 7
Bitrate: 0
CodeRate: 4/5
SNR: 14.5
RSSI: -52
Power: -
Payload(b64): A2cMAQRodwUAAQbLAAd9hwII5g8ACXMGJwp9AQALfQ8ADH0PAA==
Payload(hex): 03670c0104687705000106cb00077d870208e60f00097306270a7d01000b7d0f000c7d0f00
JSON: {""co2"":647,""hcho"":0.01,""humidity"":59.5,""light_level"":0,""pir"":1,""pm10"":15,""pm2_5"":15,""pressure"":999,""temperature"":26.8,""tvoc"":15}
MIC: 1f80862c"
24E124710E317752,24E124FFFEFAB29D,472300000,SF7BW125, -52/10.5,37,314,UpUnc,2026-07-14T20:23:24+08:00,"Dev Addr/Multicast Addr: 06f5800d
GwEUI: 24E124FFFEFAB29D
AppEUI: 24E124C0002A0001
Device EUI/Group Name: 24E124710E317752
Class Type: Class C
Immediately: -
Timestamp: 2874405198
Type: UpUnc
Adr: true
AdrAcKReq: false
Ack: false
Fcnt: 314
Port: 85
Modulation: LORA
Bandwidth: 125
SpreadFactor: 7
Bitrate: 0
CodeRate: 4/5
SNR: 10.5
RSSI: -52
Power: -
Payload(b64): A2cMAQRodwUAAQbLAAd9iAII5g8ACXMGJwp9AgALfQ8ADH0PAA==
Payload(hex): 03670c0104687705000106cb00077d880208e60f00097306270a7d02000b7d0f000c7d0f00
JSON: {""co2"":648,""hcho"":0.02,""humidity"":59.5,""light_level"":0,""pir"":1,""pm10"":15,""pm2_5"":15,""pressure"":999,""temperature"":26.8,""tvoc"":15}
MIC: 62bbaa98"
24E124710E317752,24E124FFFEFAB29D,472700000,SF7BW125, -53/13.5,37,313,UpUnc,2026-07-14T20:22:24+08:00,"Dev Addr/Multicast Addr: 06f5800d
GwEUI: 24E124FFFEFAB29D
AppEUI: 24E124C0002A0001
Device EUI/Group Name: 24E124710E317752
Class Type: Class C
Immediately: -
Timestamp: 2814410130
Type: UpUnc
Adr: true
AdrAcKReq: false
Ack: false
Fcnt: 313
Port: 85
Modulation: LORA
Bandwidth: 125
SpreadFactor: 7
Bitrate: 0
CodeRate: 4/5
SNR: 13.5
RSSI: -53
Power: -
Payload(b64): A2cMAQRodwUAAQbLAAd9hwII5g8ACXMGJwp9AQALfQwADH0MAA==
Payload(hex): 03670c0104687705000106cb00077d870208e60f00097306270a7d01000b7d0c000c7d0c00
JSON: {""co2"":647,""hcho"":0.01,""humidity"":59.5,""light_level"":0,""pir"":1,""pm10"":12,""pm2_5"":12,""pressure"":999,""temperature"":26.8,""tvoc"":15}
MIC: 66be6495"
24E124710E317752,24E124FFFEFAB29D,473100000,SF7BW125, -51/14.0,37,312,UpUnc,2026-07-14T20:21:24+08:00,"Dev Addr/Multicast Addr: 06f5800d
GwEUI: 24E124FFFEFAB29D
AppEUI: 24E124C0002A0001
Device EUI/Group Name: 24E124710E317752
Class Type: Class C
Immediately: -
Timestamp: 2754406077
Type: UpUnc
Adr: true
AdrAcKReq: false
Ack: false
Fcnt: 312
Port: 85
Modulation: LORA
Bandwidth: 125
SpreadFactor: 7
Bitrate: 0
CodeRate: 4/5
SNR: 14.0
RSSI: -51
Power: -
Payload(b64): A2cLAQRodwUAAQbLAAd9iQII5g8ACXMGJwp9AgALfQwADH0MAA==
Payload(hex): 03670b0104687705000106cb00077d890208e60f00097306270a7d02000b7d0c000c7d0c00
JSON: {""co2"":649,""hcho"":0.02,""humidity"":59.5,""light_level"":0,""pir"":1,""pm10"":12,""pm2_5"":12,""pressure"":999,""temperature"":26.7,""tvoc"":15}
MIC: dc9ce56c"
24E124710E317752,24E124FFFEFAB29D,473300000,SF7BW125, -52/13.5,37,311,UpUnc,2026-07-14T20:20:24+08:00,"Dev Addr/Multicast Addr: 06f5800d
GwEUI: 24E124FFFEFAB29D
AppEUI: 24E124C0002A0001
Device EUI/Group Name: 24E124710E317752
Class Type: Class C
Immediately: -
Timestamp: 2694404043
Type: UpUnc
Adr: true
AdrAcKReq: false
Ack: false
Fcnt: 311
Port: 85
Modulation: LORA
Bandwidth: 125
SpreadFactor: 7
Bitrate: 0
CodeRate: 4/5
SNR: 13.5
RSSI: -52
Power: -
Payload(b64): A2cMAQRodwUAAQbLAAd9hwII5g8ACXMGJwp9AQALfQwADH0MAA==
Payload(hex): 03670c0104687705000106cb00077d870208e60f00097306270a7d01000b7d0c000c7d0c00
JSON: {""co2"":647,""hcho"":0.01,""humidity"":59.5,""light_level"":0,""pir"":1,""pm10"":12,""pm2_5"":12,""pressure"":999,""temperature"":26.8,""tvoc"":15}
MIC: 324890a1"
24E124710E317752,24E124FFFEFAB29D,472300000,SF7BW125, -53/10.5,37,310,UpUnc,2026-07-14T20:19:24+08:00,"Dev Addr/Multicast Addr: 06f5800d
GwEUI: 24E124FFFEFAB29D
AppEUI: 24E124C0002A0001
Device EUI/Group Name: 24E124710E317752
Class Type: Class C
Immediately: -
Timestamp: 2634408133
Type: UpUnc
Adr: true
AdrAcKReq: false
Ack: false
Fcnt: 310
Port: 85
Modulation: LORA
Bandwidth: 125
SpreadFactor: 7
Bitrate: 0
CodeRate: 4/5
SNR: 10.5
RSSI: -53
Power: -
Payload(b64): A2cMAQRodwUAAQbLAAd9iAII5g8ACXMFJwp9AQALfRIADH0TAA==
Payload(hex): 03670c0104687705000106cb00077d880208e60f00097305270a7d01000b7d12000c7d1300
JSON: {""co2"":648,""hcho"":0.01,""humidity"":59.5,""light_level"":0,""pir"":1,""pm10"":19,""pm2_5"":18,""pressure"":998.9,""temperature"":26.8,""tvoc"":15}
MIC: 4b9a5bde"
24E124710E317752,24E124FFFEFAB29D,472500000,SF7BW125, -53/14.2,37,309,UpUnc,2026-07-14T20:18:24+08:00,"Dev Addr/Multicast Addr: 06f5800d
GwEUI: 24E124FFFEFAB29D
AppEUI: 24E124C0002A0001
Device EUI/Group Name: 24E124710E317752
Class Type: Class C
Immediately: -
Timestamp: 2574407985
Type: UpUnc
Adr: true
AdrAcKReq: false
Ack: false
Fcnt: 309
Port: 85
Modulation: LORA
Bandwidth: 125
SpreadFactor: 7
Bitrate: 0
CodeRate: 4/5
SNR: 14.2
RSSI: -53
Power: -
Payload(b64): A2cMAQRodwUAAQbLAAd9iQII5g8ACXMFJwp9AgALfRIADH0TAA==
Payload(hex): 03670c0104687705000106cb00077d890208e60f00097305270a7d02000b7d12000c7d1300
JSON: {""co2"":649,""hcho"":0.02,""humidity"":59.5,""light_level"":0,""pir"":1,""pm10"":19,""pm2_5"":18,""pressure"":998.9,""temperature"":26.8,""tvoc"":15}
MIC: 6b254101"
24E124710E317752,24E124FFFEFAB29D,473100000,SF7BW125, -51/14.0,37,308,UpUnc,2026-07-14T20:17:24+08:00,"Dev Addr/Multicast Addr: 06f5800d
GwEUI: 24E124FFFEFAB29D
AppEUI: 24E124C0002A0001
Device EUI/Group Name: 24E124710E317752
Class Type: Class C
Immediately: -
Timestamp: 2514410004
Type: UpUnc
Adr: true
AdrAcKReq: false
Ack: false
Fcnt: 308
Port: 85
Modulation: LORA
Bandwidth: 125
SpreadFactor: 7
Bitrate: 0
CodeRate: 4/5
SNR: 14.0
RSSI: -51
Power: -
Payload(b64): A2cLAQRodwUAAQbLAAd9jQII5g8ACXMFJwp9AQALfRIADH0TAA==
Payload(hex): 03670b0104687705000106cb00077d8d0208e60f00097305270a7d01000b7d12000c7d1300
JSON: {""co2"":653,""hcho"":0.01,""humidity"":59.5,""light_level"":0,""pir"":1,""pm10"":19,""pm2_5"":18,""pressure"":998.9,""temperature"":26.7,""tvoc"":15}
MIC: 5ee956e3"
24E124710E317752,24E124FFFEFAB29D,473300000,SF7BW125, -52/13.8,37,307,UpUnc,2026-07-14T20:16:24+08:00,"Dev Addr/Multicast Addr: 06f5800d
GwEUI: 24E124FFFEFAB29D
AppEUI: 24E124C0002A0001
Device EUI/Group Name: 24E124710E317752
Class Type: Class C
Immediately: -
Timestamp: 2454411789
Type: UpUnc
Adr: true
AdrAcKReq: false
Ack: false
Fcnt: 307
Port: 85
Modulation: LORA
Bandwidth: 125
SpreadFactor: 7
Bitrate: 0
CodeRate: 4/5
SNR: 13.8
RSSI: -52
Power: -
Payload(b64): A2cLAQRodwUAAQbLAAd9jQII5g8ACXMGJwp9AgALfQ0ADH0NAA==
Payload(hex): 03670b0104687705000106cb00077d8d0208e60f00097306270a7d02000b7d0d000c7d0d00
JSON: {""co2"":653,""hcho"":0.02,""humidity"":59.5,""light_level"":0,""pir"":1,""pm10"":13,""pm2_5"":13,""pressure"":999,""temperature"":26.7,""tvoc"":15}
MIC: 835a43e7"
24E124710E317752,24E124FFFEFAB29D,472100000,SF7BW125, -53/14.2,37,306,UpUnc,2026-07-14T20:15:24+08:00,"Dev Addr/Multicast Addr: 06f5800d
GwEUI: 24E124FFFEFAB29D
AppEUI: 24E124C0002A0001
Device EUI/Group Name: 24E124710E317752
Class Type: Class C
Immediately: -
Timestamp: 2394407720
Type: UpUnc
Adr: true
AdrAcKReq: false
Ack: false
Fcnt: 306
Port: 85
Modulation: LORA
Bandwidth: 125
SpreadFactor: 7
Bitrate: 0
CodeRate: 4/5
SNR: 14.2
RSSI: -53
Power: -
Payload(b64): A2cLAQRodwUAAQbLAAd9jQII5g8ACXMFJwp9AQALfQ0ADH0NAA==
Payload(hex): 03670b0104687705000106cb00077d8d0208e60f00097305270a7d01000b7d0d000c7d0d00
JSON: {""co2"":653,""hcho"":0.01,""humidity"":59.5,""light_level"":0,""pir"":1,""pm10"":13,""pm2_5"":13,""pressure"":998.9,""temperature"":26.7,""tvoc"":15}
MIC: 5ea0a596"
24E124710E317752,24E124FFFEFAB29D,472700000,SF7BW125, -52/13.5,37,305,UpUnc,2026-07-14T20:14:24+08:00,"Dev Addr/Multicast Addr: 06f5800d
GwEUI: 24E124FFFEFAB29D
AppEUI: 24E124C0002A0001
Device EUI/Group Name: 24E124710E317752
Class Type: Class C
Immediately: -
Timestamp: 2334403664
Type: UpUnc
Adr: true
AdrAcKReq: false
Ack: false
Fcnt: 305
Port: 85
Modulation: LORA
Bandwidth: 125
SpreadFactor: 7
Bitrate: 0
CodeRate: 4/5
SNR: 13.5
RSSI: -52
Power: -
Payload(b64): A2cLAQRodwUAAQbLAAd9iwII5g8ACXMFJwp9AQALfQ0ADH0NAA==
Payload(hex): 03670b0104687705000106cb00077d8b0208e60f00097305270a7d01000b7d0d000c7d0d00
JSON: {""co2"":651,""hcho"":0.01,""humidity"":59.5,""light_level"":0,""pir"":1,""pm10"":13,""pm2_5"":13,""pressure"":998.9,""temperature"":26.7,""tvoc"":15}
MIC: 27c11912"
24E124710E317752,24E124FFFEFAB29D,472900000,SF7BW125, -51/8.5,37,304,UpUnc,2026-07-14T20:13:24+08:00,"Dev Addr/Multicast Addr: 06f5800d
GwEUI: 24E124FFFEFAB29D
AppEUI: 24E124C0002A0001
Device EUI/Group Name: 24E124710E317752
Class Type: Class C
Immediately: -
Timestamp: 2274411723
Type: UpUnc
Adr: true
AdrAcKReq: false
Ack: false
Fcnt: 304
Port: 85
Modulation: LORA
Bandwidth: 125
SpreadFactor: 7
Bitrate: 0
CodeRate: 4/5
SNR: 8.5
RSSI: -51
Power: -
Payload(b64): A2cLAQRodwUAAQbLAAd9igII5g8ACXMFJwp9AgALfQ8ADH0PAA==
Payload(hex): 03670b0104687705000106cb00077d8a0208e60f00097305270a7d02000b7d0f000c7d0f00
JSON: {""co2"":650,""hcho"":0.02,""humidity"":59.5,""light_level"":0,""pir"":1,""pm10"":15,""pm2_5"":15,""pressure"":998.9,""temperature"":26.7,""tvoc"":15}
MIC: 58f8bcf6"
24E124710E317752,24E124FFFEFAB29D,473300000,SF7BW125, -52/14.0,37,303,UpUnc,2026-07-14T20:12:24+08:00,"Dev Addr/Multicast Addr: 06f5800d
GwEUI: 24E124FFFEFAB29D
AppEUI: 24E124C0002A0001
Device EUI/Group Name: 24E124710E317752
Class Type: Class C
Immediately: -
Timestamp: 2214406557
Type: UpUnc
Adr: true
AdrAcKReq: false
Ack: false
Fcnt: 303
Port: 85
Modulation: LORA
Bandwidth: 125
SpreadFactor: 7
Bitrate: 0
CodeRate: 4/5
SNR: 14.0
RSSI: -52
Power: -
Payload(b64): A2cLAQRodwUAAQbLAAd9iwII5g8ACXMFJwp9AQALfQ8ADH0PAA==
Payload(hex): 03670b0104687705000106cb00077d8b0208e60f00097305270a7d01000b7d0f000c7d0f00
JSON: {""co2"":651,""hcho"":0.01,""humidity"":59.5,""light_level"":0,""pir"":1,""pm10"":15,""pm2_5"":15,""pressure"":998.9,""temperature"":26.7,""tvoc"":15}
MIC: d6947d81"
24E124710E317752,24E124FFFEFAB29D,472300000,SF7BW125, -53/11.2,37,302,UpUnc,2026-07-14T20:11:24+08:00,"Dev Addr/Multicast Addr: 06f5800d
GwEUI: 24E124FFFEFAB29D
AppEUI: 24E124C0002A0001
Device EUI/Group Name: 24E124710E317752
Class Type: Class C
Immediately: -
Timestamp: 2154412490
Type: UpUnc
Adr: true
AdrAcKReq: false
Ack: false
Fcnt: 302
Port: 85
Modulation: LORA
Bandwidth: 125
SpreadFactor: 7
Bitrate: 0
CodeRate: 4/5
SNR: 11.2
RSSI: -53
Power: -
Payload(b64): A2cLAQRodwUAAQbLAAd9iQII5g8ACXMFJwp9AgALfQ8ADH0PAA==
Payload(hex): 03670b0104687705000106cb00077d890208e60f00097305270a7d02000b7d0f000c7d0f00
JSON: {""co2"":649,""hcho"":0.02,""humidity"":59.5,""light_level"":0,""pir"":1,""pm10"":15,""pm2_5"":15,""pressure"":998.9,""temperature"":26.7,""tvoc"":15}
MIC: 25434f0b"
24E124710E317752,24E124FFFEFAB29D,472500000,SF7BW125, -53/13.5,37,301,UpUnc,2026-07-14T20:10:24+08:00,"Dev Addr/Multicast Addr: 06f5800d
GwEUI: 24E124FFFEFAB29D
AppEUI: 24E124C0002A0001
Device EUI/Group Name: 24E124710E317752
Class Type: Class C
Immediately: -
Timestamp: 2094407477
Type: UpUnc
Adr: true
AdrAcKReq: false
Ack: false
Fcnt: 301
Port: 85
Modulation: LORA
Bandwidth: 125
SpreadFactor: 7
Bitrate: 0
CodeRate: 4/5
SNR: 13.5
RSSI: -53
Power: -
Payload(b64): A2cLAQRodwUAAQbLAAd9igII5g8ACXMEJwp9AQALfQ0ADH0OAA==
Payload(hex): 03670b0104687705000106cb00077d8a0208e60f00097304270a7d01000b7d0d000c7d0e00
JSON: {""co2"":650,""hcho"":0.01,""humidity"":59.5,""light_level"":0,""pir"":1,""pm10"":14,""pm2_5"":13,""pressure"":998.8,""temperature"":26.7,""tvoc"":15}
MIC: 26e341bb"
24E124710E317752,24E124FFFEFAB29D,473100000,SF7BW125, -51/14.0,37,300,UpUnc,2026-07-14T20:09:24+08:00,"Dev Addr/Multicast Addr: 06f5800d
GwEUI: 24E124FFFEFAB29D
AppEUI: 24E124C0002A0001
Device EUI/Group Name: 24E124710E317752
Class Type: Class C
Immediately: -
Timestamp: 2034414383
Type: UpUnc
Adr: true
AdrAcKReq: false
Ack: false
Fcnt: 300
Port: 85
Modulation: LORA
Bandwidth: 125
SpreadFactor: 7
Bitrate: 0
CodeRate: 4/5
SNR: 14.0
RSSI: -51
Power: -
Payload(b64): A2cLAQRodwUAAQbLAAd9jAII5g8ACXMEJwp9AQALfQ0ADH0OAA==
Payload(hex): 03670b0104687705000106cb00077d8c0208e60f00097304270a7d01000b7d0d000c7d0e00
JSON: {""co2"":652,""hcho"":0.01,""humidity"":59.5,""light_level"":0,""pir"":1,""pm10"":14,""pm2_5"":13,""pressure"":998.8,""temperature"":26.7,""tvoc"":15}
MIC: faa9841e"
24E124710E317752,24E124FFFEFAB29D,471900000,SF7BW125, -55/14.0,37,299,UpUnc,2026-07-14T20:08:24+08:00,"Dev Addr/Multicast Addr: 06f5800d
GwEUI: 24E124FFFEFAB29D
AppEUI: 24E124C0002A0001
Device EUI/Group Name: 24E124710E317752
Class Type: Class C
Immediately: -
Timestamp: 1974413336
Type: UpUnc
Adr: true
AdrAcKReq: false
Ack: false
Fcnt: 299
Port: 85
Modulation: LORA
Bandwidth: 125
SpreadFactor: 7
Bitrate: 0
CodeRate: 4/5
SNR: 14.0
RSSI: -55
Power: -
Payload(b64): A2cLAQRodwUAAQbLAAd9igII5g8ACXMEJwp9AgALfQ0ADH0OAA==
Payload(hex): 03670b0104687705000106cb00077d8a0208e60f00097304270a7d02000b7d0d000c7d0e00
JSON: {""co2"":650,""hcho"":0.02,""humidity"":59.5,""light_level"":0,""pir"":1,""pm10"":14,""pm2_5"":13,""pressure"":998.8,""temperature"":26.7,""tvoc"":15}
MIC: 39a1eeac"
24E124710E317752,24E124FFFEFAB29D,472300000,SF7BW125, -53/9.8,37,298,UpUnc,2026-07-14T20:07:24+08:00,"Dev Addr/Multicast Addr: 06f5800d
GwEUI: 24E124FFFEFAB29D
AppEUI: 24E124C0002A0001
Device EUI/Group Name: 24E124710E317752
Class Type: Class C
Immediately: -
Timestamp: 1914409559
Type: UpUnc
Adr: true
AdrAcKReq: false
Ack: false
Fcnt: 298
Port: 85
Modulation: LORA
Bandwidth: 125
SpreadFactor: 7
Bitrate: 0
CodeRate: 4/5
SNR: 9.8
RSSI: -53
Power: -
Payload(b64): A2cLAQRodwUAAQbLAAd9igII5g8ACXMEJwp9AQALfQwADH0MAA==
Payload(hex): 03670b0104687705000106cb00077d8a0208e60f00097304270a7d01000b7d0c000c7d0c00
JSON: {""co2"":650,""hcho"":0.01,""humidity"":59.5,""light_level"":0,""pir"":1,""pm10"":12,""pm2_5"":12,""pressure"":998.8,""temperature"":26.7,""tvoc"":15}
MIC: 62df393d"
24E124710E317752,24E124FFFEFAB29D,472700000,SF7BW125, -53/13.8,37,297,UpUnc,2026-07-14T20:06:24+08:00,"Dev Addr/Multicast Addr: 06f5800d
GwEUI: 24E124FFFEFAB29D
AppEUI: 24E124C0002A0001
Device EUI/Group Name: 24E124710E317752
Class Type: Class C
Immediately: -
Timestamp: 1854415293
Type: UpUnc
Adr: true
AdrAcKReq: false
Ack: false
Fcnt: 297
Port: 85
Modulation: LORA
Bandwidth: 125
SpreadFactor: 7
Bitrate: 0
CodeRate: 4/5
SNR: 13.8
RSSI: -53
Power: -
Payload(b64): A2cLAQRodwUAAQbLAAd9iQII5g8ACXMEJwp9AgALfQwADH0MAA==
Payload(hex): 03670b0104687705000106cb00077d890208e60f00097304270a7d02000b7d0c000c7d0c00
JSON: {""co2"":649,""hcho"":0.02,""humidity"":59.5,""light_level"":0,""pir"":1,""pm10"":12,""pm2_5"":12,""pressure"":998.8,""temperature"":26.7,""tvoc"":15}
MIC: ca40cdff"
24E124710E317752,24E124FFFEFAB29D,472900000,SF7BW125, -51/8.8,37,296,UpUnc,2026-07-14T20:05:24+08:00,"Dev Addr/Multicast Addr: 06f5800d
GwEUI: 24E124FFFEFAB29D
AppEUI: 24E124C0002A0001
Device EUI/Group Name: 24E124710E317752
Class Type: Class C
Immediately: -
Timestamp: 1794409153
Type: UpUnc
Adr: true
AdrAcKReq: false
Ack: false
Fcnt: 296
Port: 85
Modulation: LORA
Bandwidth: 125
SpreadFactor: 7
Bitrate: 0
CodeRate: 4/5
SNR: 8.8
RSSI: -51
Power: -
Payload(b64): A2cLAQRodwUAAQbLAAd9jgII5g8ACXMEJwp9AQALfQwADH0MAA==
Payload(hex): 03670b0104687705000106cb00077d8e0208e60f00097304270a7d01000b7d0c000c7d0c00
JSON: {""co2"":654,""hcho"":0.01,""humidity"":59.5,""light_level"":0,""pir"":1,""pm10"":12,""pm2_5"":12,""pressure"":998.8,""temperature"":26.7,""tvoc"":15}
MIC: 0d0fc131"
24E124710E317752,24E124FFFEFAB29D,473300000,SF7BW125, -51/13.8,37,295,UpUnc,2026-07-14T20:04:24+08:00,"Dev Addr/Multicast Addr: 06f5800d
GwEUI: 24E124FFFEFAB29D
AppEUI: 24E124C0002A0001
Device EUI/Group Name: 24E124710E317752
Class Type: Class C
Immediately: -
Timestamp: 1734406082
Type: UpUnc
Adr: true
AdrAcKReq: false
Ack: false
Fcnt: 295
Port: 85
Modulation: LORA
Bandwidth: 125
SpreadFactor: 7
Bitrate: 0
CodeRate: 4/5
SNR: 13.8
RSSI: -51
Power: -
Payload(b64): A2cLAQRodwUAAQbLAAd9jQII5g8ACXMEJwp9AQALfQsADH0LAA==
Payload(hex): 03670b0104687705000106cb00077d8d0208e60f00097304270a7d01000b7d0b000c7d0b00
JSON: {""co2"":653,""hcho"":0.01,""humidity"":59.5,""light_level"":0,""pir"":1,""pm10"":11,""pm2_5"":11,""pressure"":998.8,""temperature"":26.7,""tvoc"":15}
MIC: 0fac7cfd"
24E124710E317752,24E124FFFEFAB29D,472300000,SF7BW125, -53/9.5,37,294,UpUnc,2026-07-14T20:03:24+08:00,"Dev Addr/Multicast Addr: 06f5800d
GwEUI: 24E124FFFEFAB29D
AppEUI: 24E124C0002A0001
Device EUI/Group Name: 24E124710E317752
Class Type: Class C
Immediately: -
Timestamp: 1674412034
Type: UpUnc
Adr: true
AdrAcKReq: false
Ack: false
Fcnt: 294
Port: 85
Modulation: LORA
Bandwidth: 125
SpreadFactor: 7
Bitrate: 0
CodeRate: 4/5
SNR: 9.5
RSSI: -53
Power: -
Payload(b64): A2cLAQRodwUAAQbLAAd9jAII5g8ACXMDJwp9AgALfQsADH0LAA==
Payload(hex): 03670b0104687705000106cb00077d8c0208e60f00097303270a7d02000b7d0b000c7d0b00
JSON: {""co2"":652,""hcho"":0.02,""humidity"":59.5,""light_level"":0,""pir"":1,""pm10"":11,""pm2_5"":11,""pressure"":998.7,""temperature"":26.7,""tvoc"":15}
MIC: 4376ec10"
24E124710E317752,24E124FFFEFAB29D,472500000,SF7BW125, -53/14.0,37,293,UpUnc,2026-07-14T20:02:24+08:00,"Dev Addr/Multicast Addr: 06f5800d
GwEUI: 24E124FFFEFAB29D
AppEUI: 24E124C0002A0001
Device EUI/Group Name: 24E124710E317752
Class Type: Class C
Immediately: -
Timestamp: 1614407946
Type: UpUnc
Adr: true
AdrAcKReq: false
Ack: false
Fcnt: 293
Port: 85
Modulation: LORA
Bandwidth: 125
SpreadFactor: 7
Bitrate: 0
CodeRate: 4/5
SNR: 14.0
RSSI: -53
Power: -
Payload(b64): A2cLAQRodwUAAQbLAAd9kQII5g8ACXMDJwp9AQALfQsADH0LAA==
Payload(hex): 03670b0104687705000106cb00077d910208e60f00097303270a7d01000b7d0b000c7d0b00
JSON: {""co2"":657,""hcho"":0.01,""humidity"":59.5,""light_level"":0,""pir"":1,""pm10"":11,""pm2_5"":11,""pressure"":998.7,""temperature"":26.7,""tvoc"":15}
MIC: 09093234"
24E124710E317752,24E124FFFEFAB29D,472900000,SF7BW125, -51/8.8,37,292,UpUnc,2026-07-14T20:01:24+08:00,"Dev Addr/Multicast Addr: 06f5800d
GwEUI: 24E124FFFEFAB29D
AppEUI: 24E124C0002A0001
Device EUI/Group Name: 24E124710E317752
Class Type: Class C
Immediately: -
Timestamp: 1554415899
Type: UpUnc
Adr: true
AdrAcKReq: false
Ack: false
Fcnt: 292
Port: 85
Modulation: LORA
Bandwidth: 125
SpreadFactor: 7
Bitrate: 0
CodeRate: 4/5
SNR: 8.8
RSSI: -51
Power: -
Payload(b64): A2cLAQRodwUAAQbLAAd9lAII5g8ACXMCJwp9AgALfQ4ADH0OAA==
Payload(hex): 03670b0104687705000106cb00077d940208e60f00097302270a7d02000b7d0e000c7d0e00
JSON: {""co2"":660,""hcho"":0.02,""humidity"":59.5,""light_level"":0,""pir"":1,""pm10"":14,""pm2_5"":14,""pressure"":998.6,""temperature"":26.7,""tvoc"":15}
MIC: aac8b783"
24E124710E317752,24E124FFFEFAB29D,473300000,SF7BW125, -51/14.0,37,291,UpUnc,2026-07-14T20:00:24+08:00,"Dev Addr/Multicast Addr: 06f5800d
GwEUI: 24E124FFFEFAB29D
AppEUI: 24E124C0002A0001
Device EUI/Group Name: 24E124710E317752
Class Type: Class C
Immediately: -
Timestamp: 1494407015
Type: UpUnc
Adr: true
AdrAcKReq: false
Ack: false
Fcnt: 291
Port: 85
Modulation: LORA
Bandwidth: 125
SpreadFactor: 7
Bitrate: 0
CodeRate: 4/5
SNR: 14.0
RSSI: -51
Power: -
Payload(b64): A2cLAQRodwUAAQbLAAd9lQII5g8ACXMCJwp9AgALfQ4ADH0OAA==
Payload(hex): 03670b0104687705000106cb00077d950208e60f00097302270a7d02000b7d0e000c7d0e00
JSON: {""co2"":661,""hcho"":0.02,""humidity"":59.5,""light_level"":0,""pir"":1,""pm10"":14,""pm2_5"":14,""pressure"":998.6,""temperature"":26.7,""tvoc"":15}
MIC: ab7ba5a3"
24E124710E317752,24E124FFFEFAB29D,472300000,SF7BW125, -52/10.0,37,290,UpUnc,2026-07-14T19:59:24+08:00,"Dev Addr/Multicast Addr: 06f5800d
GwEUI: 24E124FFFEFAB29D
AppEUI: 24E124C0002A0001
Device EUI/Group Name: 24E124710E317752
Class Type: Class C
Immediately: -
Timestamp: 1434412797
Type: UpUnc
Adr: true
AdrAcKReq: false
Ack: false
Fcnt: 290
Port: 85
Modulation: LORA
Bandwidth: 125
SpreadFactor: 7
Bitrate: 0
CodeRate: 4/5
SNR: 10.0
RSSI: -52
Power: -
Payload(b64): A2cLAQRodwUAAQbLAAd9lAII5g8ACXMCJwp9AQALfQ4ADH0OAA==
Payload(hex): 03670b0104687705000106cb00077d940208e60f00097302270a7d01000b7d0e000c7d0e00
JSON: {""co2"":660,""hcho"":0.01,""humidity"":59.5,""light_level"":0,""pir"":1,""pm10"":14,""pm2_5"":14,""pressure"":998.6,""temperature"":26.7,""tvoc"":15}
MIC: 03a9c452"
24E124710E317752,24E124FFFEFAB29D,472700000,SF7BW125, -52/14.2,37,289,UpUnc,2026-07-14T19:58:24+08:00,"Dev Addr/Multicast Addr: 06f5800d
GwEUI: 24E124FFFEFAB29D
AppEUI: 24E124C0002A0001
Device EUI/Group Name: 24E124710E317752
Class Type: Class C
Immediately: -
Timestamp: 1374407853
Type: UpUnc
Adr: true
AdrAcKReq: false
Ack: false
Fcnt: 289
Port: 85
Modulation: LORA
Bandwidth: 125
SpreadFactor: 7
Bitrate: 0
CodeRate: 4/5
SNR: 14.2
RSSI: -52
Power: -
Payload(b64): A2cLAQRodwUAAQbLAAd9kgII5g8ACXMCJwp9AgALfQ0ADH0NAA==
Payload(hex): 03670b0104687705000106cb00077d920208e60f00097302270a7d02000b7d0d000c7d0d00
JSON: {""co2"":658,""hcho"":0.02,""humidity"":59.5,""light_level"":0,""pir"":1,""pm10"":13,""pm2_5"":13,""pressure"":998.6,""temperature"":26.7,""tvoc"":15}
MIC: 39deb43c"
24E124710E317752,24E124FFFEFAB29D,473100000,SF7BW125, -51/13.5,37,288,UpUnc,2026-07-14T19:57:24+08:00,"Dev Addr/Multicast Addr: 06f5800d
GwEUI: 24E124FFFEFAB29D
AppEUI: 24E124C0002A0001
Device EUI/Group Name: 24E124710E317752
Class Type: Class C
Immediately: -
Timestamp: 1314415997
Type: UpUnc
Adr: true
AdrAcKReq: false
Ack: false
Fcnt: 288
Port: 85
Modulation: LORA
Bandwidth: 125
SpreadFactor: 7
Bitrate: 0
CodeRate: 4/5
SNR: 13.5
RSSI: -51
Power: -
Payload(b64): A2cLAQRodwUAAQbLAAd9kwII5g8ACXMBJwp9AQALfQ0ADH0NAA==
Payload(hex): 03670b0104687705000106cb00077d930208e60f00097301270a7d01000b7d0d000c7d0d00
JSON: {""co2"":659,""hcho"":0.01,""humidity"":59.5,""light_level"":0,""pir"":1,""pm10"":13,""pm2_5"":13,""pressure"":998.5,""temperature"":26.7,""tvoc"":15}
MIC: a227b2b4"
24E124710E317752,24E124FFFEFAB29D,473300000,SF7BW125, -52/14.0,37,287,UpUnc,2026-07-14T19:56:24+08:00,"Dev Addr/Multicast Addr: 06f5800d
GwEUI: 24E124FFFEFAB29D
AppEUI: 24E124C0002A0001
Device EUI/Group Name: 24E124710E317752
Class Type: Class C
Immediately: -
Timestamp: 1254415635
Type: UpUnc
Adr: true
AdrAcKReq: false
Ack: false
Fcnt: 287
Port: 85
Modulation: LORA
Bandwidth: 125
SpreadFactor: 7
Bitrate: 0
CodeRate: 4/5
SNR: 14.0
RSSI: -52
Power: -
Payload(b64): A2cKAQRodwUAAQbLAAd9kwII5g8ACXMBJwp9AgALfQ0ADH0NAA==
Payload(hex): 03670a0104687705000106cb00077d930208e60f00097301270a7d02000b7d0d000c7d0d00
JSON: {""co2"":659,""hcho"":0.02,""humidity"":59.5,""light_level"":0,""pir"":1,""pm10"":13,""pm2_5"":13,""pressure"":998.5,""temperature"":26.6,""tvoc"":15}
MIC: 21ce5881"
24E124710E317752,24E124FFFEFAB29D,472100000,SF7BW125, -54/13.8,37,286,UpUnc,2026-07-14T19:55:24+08:00,"Dev Addr/Multicast Addr: 06f5800d
GwEUI: 24E124FFFEFAB29D
AppEUI: 24E124C0002A0001
Device EUI/Group Name: 24E124710E317752
Class Type: Class C
Immediately: -
Timestamp: 1194409733
Type: UpUnc
Adr: true
AdrAcKReq: false
Ack: false
Fcnt: 286
Port: 85
Modulation: LORA
Bandwidth: 125
SpreadFactor: 7
Bitrate: 0
CodeRate: 4/5
SNR: 13.8
RSSI: -54
Power: -
Payload(b64): A2cKAQRodgUAAQbLAAd9lQII5g8ACXMBJwp9AgALfRAADH0QAA==
Payload(hex): 03670a0104687605000106cb00077d950208e60f00097301270a7d02000b7d10000c7d1000
JSON: {""co2"":661,""hcho"":0.02,""humidity"":59,""light_level"":0,""pir"":1,""pm10"":16,""pm2_5"":16,""pressure"":998.5,""temperature"":26.6,""tvoc"":15}
MIC: 3d831860"
24E124710E317752,24E124FFFEFAB29D,472700000,SF7BW125, -52/14.0,37,285,UpUnc,2026-07-14T19:54:24+08:00,"Dev Addr/Multicast Addr: 06f5800d
GwEUI: 24E124FFFEFAB29D
AppEUI: 24E124C0002A0001
Device EUI/Group Name: 24E124710E317752
Class Type: Class C
Immediately: -
Timestamp: 1134413524
Type: UpUnc
Adr: true
AdrAcKReq: false
Ack: false
Fcnt: 285
Port: 85
Modulation: LORA
Bandwidth: 125
SpreadFactor: 7
Bitrate: 0
CodeRate: 4/5
SNR: 14.0
RSSI: -52
Power: -
Payload(b64): A2cKAQRodgUAAQbLAAd9lgII5g8ACXMBJwp9AQALfRAADH0QAA==
Payload(hex): 03670a0104687605000106cb00077d960208e60f00097301270a7d01000b7d10000c7d1000
JSON: {""co2"":662,""hcho"":0.01,""humidity"":59,""light_level"":0,""pir"":1,""pm10"":16,""pm2_5"":16,""pressure"":998.5,""temperature"":26.6,""tvoc"":15}
MIC: 443c70ef"
24E124710E317752,24E124FFFEFAB29D,473100000,SF7BW125, -51/14.0,37,284,UpUnc,2026-07-14T19:53:24+08:00,"Dev Addr/Multicast Addr: 06f5800d
GwEUI: 24E124FFFEFAB29D
AppEUI: 24E124C0002A0001
Device EUI/Group Name: 24E124710E317752
Class Type: Class C
Immediately: -
Timestamp: 1074412677
Type: UpUnc
Adr: true
AdrAcKReq: false
Ack: false
Fcnt: 284
Port: 85
Modulation: LORA
Bandwidth: 125
SpreadFactor: 7
Bitrate: 0
CodeRate: 4/5
SNR: 14.0
RSSI: -51
Power: -
Payload(b64): A2cKAQRodgUAAQbLAAd9mQII5g8ACXMBJwp9AgALfRAADH0QAA==
Payload(hex): 03670a0104687605000106cb00077d990208e60f00097301270a7d02000b7d10000c7d1000
JSON: {""co2"":665,""hcho"":0.02,""humidity"":59,""light_level"":0,""pir"":1,""pm10"":16,""pm2_5"":16,""pressure"":998.5,""temperature"":26.6,""tvoc"":15}
MIC: 101b0140"
24E124710E317752,24E124FFFEFAB29D,503300000,SF7BW125, -/-,0,11,DnUnc,2026-07-14T19:53:09+08:00,"Dev Addr/Multicast Addr: 06f5800d
GwEUI: 24E124FFFEFAB29D
AppEUI: 24E124C0002A0001
Device EUI/Group Name: 24E124710E317752
Class Type: Class C
Immediately: false
Timestamp: 1060214550
Type: DnUnc
Adr: true
AdrAcKReq: false
Ack: false
Fcnt: 11
Port: -
Modulation: LORA
Bandwidth: 125
SpreadFactor: 7
Bitrate: 0
CodeRate: 4/5
SNR: -
RSSI: -
Power: 20
Payload(b64): 
Payload(hex): 
JSON: 
MIC: dd893e57"
24E124710E317752,24E124FFFEFAB29D,473300000,SF7BW125, -52/13.8,0,283,UpUnc,2026-07-14T19:53:09+08:00,"Dev Addr/Multicast Addr: 06f5800d
GwEUI: 24E124FFFEFAB29D
AppEUI: 24E124C0002A0001
Device EUI/Group Name: 24E124710E317752
Class Type: Class C
Immediately: -
Timestamp: 1059214550
Type: UpUnc
Adr: true
AdrAcKReq: false
Ack: false
Fcnt: 283
Port: 0
Modulation: LORA
Bandwidth: 125
SpreadFactor: 7
Bitrate: 0
CodeRate: 4/5
SNR: 13.8
RSSI: -52
Power: -
Payload(b64): 
Payload(hex): 
JSON: 
MIC: 8df205f9"
24E124710E317752,24E124FFFEFAB29D,471900000,SF7BW125, -55/14.0,37,282,UpUnc,2026-07-14T19:52:24+08:00,"Dev Addr/Multicast Addr: 06f5800d
GwEUI: 24E124FFFEFAB29D
AppEUI: 24E124C0002A0001
Device EUI/Group Name: 24E124710E317752
Class Type: Class C
Immediately: -
Timestamp: 1014418402
Type: UpUnc
Adr: true
AdrAcKReq: false
Ack: false
Fcnt: 282
Port: 85
Modulation: LORA
Bandwidth: 125
SpreadFactor: 7
Bitrate: 0
CodeRate: 4/5
SNR: 14.0
RSSI: -55
Power: -
Payload(b64): A2cKAQRodgUAAQbLAAd9mgII5g8ACXMAJwp9AQALfQ4ADH0PAA==
Payload(hex): 03670a0104687605000106cb00077d9a0208e60f00097300270a7d01000b7d0e000c7d0f00
JSON: {""co2"":666,""hcho"":0.01,""humidity"":59,""light_level"":0,""pir"":1,""pm10"":15,""pm2_5"":14,""pressure"":998.4,""temperature"":26.6,""tvoc"":15}
MIC: 2425864c"
24E124710E317752,24E124FFFEFAB29D,472500000,SF7BW125, -53/14.0,37,281,UpUnc,2026-07-14T19:51:24+08:00,"Dev Addr/Multicast Addr: 06f5800d
GwEUI: 24E124FFFEFAB29D
AppEUI: 24E124C0002A0001
Device EUI/Group Name: 24E124710E317752
Class Type: Class C
Immediately: -
Timestamp: 954414319
Type: UpUnc
Adr: true
AdrAcKReq: false
Ack: false
Fcnt: 281
Port: 85
Modulation: LORA
Bandwidth: 125
SpreadFactor: 7
Bitrate: 0
CodeRate: 4/5
SNR: 14.0
RSSI: -53
Power: -
Payload(b64): A2cKAQRodgUAAQbLAAd9mQII5g8ACXMAJwp9AgALfQ4ADH0PAA==
Payload(hex): 03670a0104687605000106cb00077d990208e60f00097300270a7d02000b7d0e000c7d0f00
JSON: {""co2"":665,""hcho"":0.02,""humidity"":59,""light_level"":0,""pir"":1,""pm10"":15,""pm2_5"":14,""pressure"":998.4,""temperature"":26.6,""tvoc"":15}
MIC: e1bd171c"
24E124710E317752,24E124FFFEFAB29D,472700000,SF7BW125, -53/13.8,37,280,UpUnc,2026-07-14T19:50:24+08:00,"Dev Addr/Multicast Addr: 06f5800d
GwEUI: 24E124FFFEFAB29D
AppEUI: 24E124C0002A0001
Device EUI/Group Name: 24E124710E317752
Class Type: Class C
Immediately: -
Timestamp: 894410378
Type: UpUnc
Adr: true
AdrAcKReq: false
Ack: false
Fcnt: 280
Port: 85
Modulation: LORA
Bandwidth: 125
SpreadFactor: 7
Bitrate: 0
CodeRate: 4/5
SNR: 13.8
RSSI: -53
Power: -
Payload(b64): A2cKAQRodgUAAQbLAAd9mQII5g8ACXMAJwp9AgALfQ4ADH0PAA==
Payload(hex): 03670a0104687605000106cb00077d990208e60f00097300270a7d02000b7d0e000c7d0f00
JSON: {""co2"":665,""hcho"":0.02,""humidity"":59,""light_level"":0,""pir"":1,""pm10"":15,""pm2_5"":14,""pressure"":998.4,""temperature"":26.6,""tvoc"":15}
MIC: a372c5b8"
24E124710E317752,24E124FFFEFAB29D,473100000,SF7BW125, -51/13.8,37,279,UpUnc,2026-07-14T19:49:24+08:00,"Dev Addr/Multicast Addr: 06f5800d
GwEUI: 24E124FFFEFAB29D
AppEUI: 24E124C0002A0001
Device EUI/Group Name: 24E124710E317752
Class Type: Class C
Immediately: -
Timestamp: 834415359
Type: UpUnc
Adr: true
AdrAcKReq: false
Ack: false
Fcnt: 279
Port: 85
Modulation: LORA
Bandwidth: 125
SpreadFactor: 7
Bitrate: 0
CodeRate: 4/5
SNR: 13.8
RSSI: -51
Power: -
Payload(b64): A2cKAQRodgUAAQbLAAd9mgII5g8ACXP/Jgp9AQALfQ8ADH0PAA==
Payload(hex): 03670a0104687605000106cb00077d9a0208e60f000973ff260a7d01000b7d0f000c7d0f00
JSON: {""co2"":666,""hcho"":0.01,""humidity"":59,""light_level"":0,""pir"":1,""pm10"":15,""pm2_5"":15,""pressure"":998.3,""temperature"":26.6,""tvoc"":15}
MIC: e7ff6f62"
24E124710E317752,24E124FFFEFAB29D,471900000,SF7BW125, -55/14.2,37,278,UpUnc,2026-07-14T19:48:24+08:00,"Dev Addr/Multicast Addr: 06f5800d
GwEUI: 24E124FFFEFAB29D
AppEUI: 24E124C0002A0001
Device EUI/Group Name: 24E124710E317752
Class Type: Class C
Immediately: -
Timestamp: 774410295
Type: UpUnc
Adr: true
AdrAcKReq: false
Ack: false
Fcnt: 278
Port: 85
Modulation: LORA
Bandwidth: 125
SpreadFactor: 7
Bitrate: 0
CodeRate: 4/5
SNR: 14.2
RSSI: -55
Power: -
Payload(b64): A2cKAQRodgUAAQbLAAd9nAII5g8ACXP/Jgp9AgALfQ8ADH0PAA==
Payload(hex): 03670a0104687605000106cb00077d9c0208e60f000973ff260a7d02000b7d0f000c7d0f00
JSON: {""co2"":668,""hcho"":0.02,""humidity"":59,""light_level"":0,""pir"":1,""pm10"":15,""pm2_5"":15,""pressure"":998.3,""temperature"":26.6,""tvoc"":15}
MIC: af3c415f"
24E124710E317752,24E124FFFEFAB29D,472300000,SF7BW125, -53/10.0,37,277,UpUnc,2026-07-14T19:47:24+08:00,"Dev Addr/Multicast Addr: 06f5800d
GwEUI: 24E124FFFEFAB29D
AppEUI: 24E124C0002A0001
Device EUI/Group Name: 24E124710E317752
Class Type: Class C
Immediately: -
Timestamp: 714414140
Type: UpUnc
Adr: true
AdrAcKReq: false
Ack: false
Fcnt: 277
Port: 85
Modulation: LORA
Bandwidth: 125
SpreadFactor: 7
Bitrate: 0
CodeRate: 4/5
SNR: 10.0
RSSI: -53
Power: -
Payload(b64): A2cKAQRodgUAAQbLAAd9mQII5g8ACXP/Jgp9AQALfQ8ADH0PAA==
Payload(hex): 03670a0104687605000106cb00077d990208e60f000973ff260a7d01000b7d0f000c7d0f00
JSON: {""co2"":665,""hcho"":0.01,""humidity"":59,""light_level"":0,""pir"":1,""pm10"":15,""pm2_5"":15,""pressure"":998.3,""temperature"":26.6,""tvoc"":15}
MIC: fc183e3d"
24E124710E317752,24E124FFFEFAB29D,472900000,SF7BW125, -51/8.2,37,276,UpUnc,2026-07-14T19:46:24+08:00,"Dev Addr/Multicast Addr: 06f5800d
GwEUI: 24E124FFFEFAB29D
AppEUI: 24E124C0002A0001
Device EUI/Group Name: 24E124710E317752
Class Type: Class C
Immediately: -
Timestamp: 654421356
Type: UpUnc
Adr: true
AdrAcKReq: false
Ack: false
Fcnt: 276
Port: 85
Modulation: LORA
Bandwidth: 125
SpreadFactor: 7
Bitrate: 0
CodeRate: 4/5
SNR: 8.2
RSSI: -51
Power: -
Payload(b64): A2cKAQRodgUAAQbLAAd9lAII5g8ACXP/Jgp9AgALfQ8ADH0PAA==
Payload(hex): 03670a0104687605000106cb00077d940208e60f000973ff260a7d02000b7d0f000c7d0f00
JSON: {""co2"":660,""hcho"":0.02,""humidity"":59,""light_level"":0,""pir"":1,""pm10"":15,""pm2_5"":15,""pressure"":998.3,""temperature"":26.6,""tvoc"":15}
MIC: 8fd67b10"
24E124710E317752,24E124FFFEFAB29D,473300000,SF7BW125, -52/13.2,37,275,UpUnc,2026-07-14T19:45:24+08:00,"Dev Addr/Multicast Addr: 06f5800d
GwEUI: 24E124FFFEFAB29D
AppEUI: 24E124C0002A0001
Device EUI/Group Name: 24E124710E317752
Class Type: Class C
Immediately: -
Timestamp: 594419090
Type: UpUnc
Adr: true
AdrAcKReq: false
Ack: false
Fcnt: 275
Port: 85
Modulation: LORA
Bandwidth: 125
SpreadFactor: 7
Bitrate: 0
CodeRate: 4/5
SNR: 13.2
RSSI: -52
Power: -
Payload(b64): A2cKAQRodgUAAQbLAAd9kwII5g8ACXP/Jgp9AgALfQ8ADH0PAA==
Payload(hex): 03670a0104687605000106cb00077d930208e60f000973ff260a7d02000b7d0f000c7d0f00
JSON: {""co2"":659,""hcho"":0.02,""humidity"":59,""light_level"":0,""pir"":1,""pm10"":15,""pm2_5"":15,""pressure"":998.3,""temperature"":26.6,""tvoc"":15}
MIC: be0bfcb2"
24E124710E317752,24E124FFFEFAB29D,471900000,SF7BW125, -55/14.0,37,274,UpUnc,2026-07-14T19:44:24+08:00,"Dev Addr/Multicast Addr: 06f5800d
GwEUI: 24E124FFFEFAB29D
AppEUI: 24E124C0002A0001
Device EUI/Group Name: 24E124710E317752
Class Type: Class C
Immediately: -
Timestamp: 534416037
Type: UpUnc
Adr: true
AdrAcKReq: false
Ack: false
Fcnt: 274
Port: 85
Modulation: LORA
Bandwidth: 125
SpreadFactor: 7
Bitrate: 0
CodeRate: 4/5
SNR: 14.0
RSSI: -55
Power: -
Payload(b64): A2cKAQRodgUAAQbLAAd9kgII5g8ACXP+Jgp9AQALfQ8ADH0PAA==
Payload(hex): 03670a0104687605000106cb00077d920208e60f000973fe260a7d01000b7d0f000c7d0f00
JSON: {""co2"":658,""hcho"":0.01,""humidity"":59,""light_level"":0,""pir"":1,""pm10"":15,""pm2_5"":15,""pressure"":998.2,""temperature"":26.6,""tvoc"":15}
MIC: 735a0e00"
24E124710E317752,24E124FFFEFAB29D,472300000,SF7BW125, -53/10.8,37,273,UpUnc,2026-07-14T19:43:24+08:00,"Dev Addr/Multicast Addr: 06f5800d
GwEUI: 24E124FFFEFAB29D
AppEUI: 24E124C0002A0001
Device EUI/Group Name: 24E124710E317752
Class Type: Class C
Immediately: -
Timestamp: 474422877
Type: UpUnc
Adr: true
AdrAcKReq: false
Ack: false
Fcnt: 273
Port: 85
Modulation: LORA
Bandwidth: 125
SpreadFactor: 7
Bitrate: 0
CodeRate: 4/5
SNR: 10.8
RSSI: -53
Power: -
Payload(b64): A2cKAQRodgUAAQbLAAd9lgII5g8ACXP+Jgp9AgALfQsADH0LAA==
Payload(hex): 03670a0104687605000106cb00077d960208e60f000973fe260a7d02000b7d0b000c7d0b00
JSON: {""co2"":662,""hcho"":0.02,""humidity"":59,""light_level"":0,""pir"":1,""pm10"":11,""pm2_5"":11,""pressure"":998.2,""temperature"":26.6,""tvoc"":15}
MIC: 475cfc7c"
24E124710E317752,24E124FFFEFAB29D,472900000,SF7BW125, -52/8.8,37,272,UpUnc,2026-07-14T19:42:24+08:00,"Dev Addr/Multicast Addr: 06f5800d
GwEUI: 24E124FFFEFAB29D
AppEUI: 24E124C0002A0001
Device EUI/Group Name: 24E124710E317752
Class Type: Class C
Immediately: -
Timestamp: 414412940
Type: UpUnc
Adr: true
AdrAcKReq: false
Ack: false
Fcnt: 272
Port: 85
Modulation: LORA
Bandwidth: 125
SpreadFactor: 7
Bitrate: 0
CodeRate: 4/5
SNR: 8.8
RSSI: -52
Power: -
Payload(b64): A2cKAQRodgUAAQbLAAd9lAII5g8ACXP+Jgp9AQALfQsADH0LAA==
Payload(hex): 03670a0104687605000106cb00077d940208e60f000973fe260a7d01000b7d0b000c7d0b00
JSON: {""co2"":660,""hcho"":0.01,""humidity"":59,""light_level"":0,""pir"":1,""pm10"":11,""pm2_5"":11,""pressure"":998.2,""temperature"":26.6,""tvoc"":15}
MIC: 4b8f4614"
24E124710E317752,24E124FFFEFAB29D,473300000,SF7BW125, -52/13.8,37,271,UpUnc,2026-07-14T19:41:24+08:00,"Dev Addr/Multicast Addr: 06f5800d
GwEUI: 24E124FFFEFAB29D
AppEUI: 24E124C0002A0001
Device EUI/Group Name: 24E124710E317752
Class Type: Class C
Immediately: -
Timestamp: 354423012
Type: UpUnc
Adr: true
AdrAcKReq: false
Ack: false
Fcnt: 271
Port: 85
Modulation: LORA
Bandwidth: 125
SpreadFactor: 7
Bitrate: 0
CodeRate: 4/5
SNR: 13.8
RSSI: -52
Power: -
Payload(b64): A2cKAQRodgUAAQbLAAd9lQII5g8ACXP+Jgp9AgALfQsADH0LAA==
Payload(hex): 03670a0104687605000106cb00077d950208e60f000973fe260a7d02000b7d0b000c7d0b00
JSON: {""co2"":661,""hcho"":0.02,""humidity"":59,""light_level"":0,""pir"":1,""pm10"":11,""pm2_5"":11,""pressure"":998.2,""temperature"":26.6,""tvoc"":15}
MIC: a9f394ba"
24E124710E317752,24E124FFFEFAB29D,471900000,SF7BW125, -55/14.0,37,270,UpUnc,2026-07-14T19:40:24+08:00,"Dev Addr/Multicast Addr: 06f5800d
GwEUI: 24E124FFFEFAB29D
AppEUI: 24E124C0002A0001
Device EUI/Group Name: 24E124710E317752
Class Type: Class C
Immediately: -
Timestamp: 294414846
Type: UpUnc
Adr: true
AdrAcKReq: false
Ack: false
Fcnt: 270
Port: 85
Modulation: LORA
Bandwidth: 125
SpreadFactor: 7
Bitrate: 0
CodeRate: 4/5
SNR: 14.0
RSSI: -55
Power: -
Payload(b64): A2cKAQRodgUAAQbLAAd9lwII5g8ACXP+Jgp9AgALfQ8ADH0PAA==
Payload(hex): 03670a0104687605000106cb00077d970208e60f000973fe260a7d02000b7d0f000c7d0f00
JSON: {""co2"":663,""hcho"":0.02,""humidity"":59,""light_level"":0,""pir"":1,""pm10"":15,""pm2_5"":15,""pressure"":998.2,""temperature"":26.6,""tvoc"":15}
MIC: 1c80b226"
24E124710E317752,24E124FFFEFAB29D,472500000,SF7BW125, -53/13.8,37,269,UpUnc,2026-07-14T19:39:24+08:00,"Dev Addr/Multicast Addr: 06f5800d
GwEUI: 24E124FFFEFAB29D
AppEUI: 24E124C0002A0001
Device EUI/Group Name: 24E124710E317752
Class Type: Class C
Immediately: -
Timestamp: 234420709
Type: UpUnc
Adr: true
AdrAcKReq: false
Ack: false
Fcnt: 269
Port: 85
Modulation: LORA
Bandwidth: 125
SpreadFactor: 7
Bitrate: 0
CodeRate: 4/5
SNR: 13.8
RSSI: -53
Power: -
Payload(b64): A2cKAQRodgUAAQbLAAd9mQII5g8ACXP+Jgp9AQALfQ8ADH0PAA==
Payload(hex): 03670a0104687605000106cb00077d990208e60f000973fe260a7d01000b7d0f000c7d0f00
JSON: {""co2"":665,""hcho"":0.01,""humidity"":59,""light_level"":0,""pir"":1,""pm10"":15,""pm2_5"":15,""pressure"":998.2,""temperature"":26.6,""tvoc"":15}
MIC: 914616f3"
24E124710E317752,24E124FFFEFAB29D,472700000,SF7BW125, -53/14.5,37,268,UpUnc,2026-07-14T19:38:24+08:00,"Dev Addr/Multicast Addr: 06f5800d
GwEUI: 24E124FFFEFAB29D
AppEUI: 24E124C0002A0001
Device EUI/Group Name: 24E124710E317752
Class Type: Class C
Immediately: -
Timestamp: 174415615
Type: UpUnc
Adr: true
AdrAcKReq: false
Ack: false
Fcnt: 268
Port: 85
Modulation: LORA
Bandwidth: 125
SpreadFactor: 7
Bitrate: 0
CodeRate: 4/5
SNR: 14.5
RSSI: -53
Power: -
Payload(b64): A2cKAQRodgUAAQbLAAd9mQII5g8ACXP+Jgp9AgALfQ8ADH0PAA==
Payload(hex): 03670a0104687605000106cb00077d990208e60f000973fe260a7d02000b7d0f000c7d0f00
JSON: {""co2"":665,""hcho"":0.02,""humidity"":59,""light_level"":0,""pir"":1,""pm10"":15,""pm2_5"":15,""pressure"":998.2,""temperature"":26.6,""tvoc"":15}
MIC: 84f6f130"
24E124710E317752,24E124FFFEFAB29D,473300000,SF7BW125, -52/14.0,37,267,UpUnc,2026-07-14T19:37:24+08:00,"Dev Addr/Multicast Addr: 06f5800d
GwEUI: 24E124FFFEFAB29D
AppEUI: 24E124C0002A0001
Device EUI/Group Name: 24E124710E317752
Class Type: Class C
Immediately: -
Timestamp: 114421565
Type: UpUnc
Adr: true
AdrAcKReq: false
Ack: false
Fcnt: 267
Port: 85
Modulation: LORA
Bandwidth: 125
SpreadFactor: 7
Bitrate: 0
CodeRate: 4/5
SNR: 14.0
RSSI: -52
Power: -
Payload(b64): A2cKAQRodgUAAQbLAAd9mQII5g8ACXP+Jgp9AQALfQ4ADH0OAA==
Payload(hex): 03670a0104687605000106cb00077d990208e60f000973fe260a7d01000b7d0e000c7d0e00
JSON: {""co2"":665,""hcho"":0.01,""humidity"":59,""light_level"":0,""pir"":1,""pm10"":14,""pm2_5"":14,""pressure"":998.2,""temperature"":26.6,""tvoc"":15}
MIC: 9cba64c4"
24E124710E317752,24E124FFFEFAB29D,471900000,SF7BW125, -55/14.2,37,266,UpUnc,2026-07-14T19:36:24+08:00,"Dev Addr/Multicast Addr: 06f5800d
GwEUI: 24E124FFFEFAB29D
AppEUI: 24E124C0002A0001
Device EUI/Group Name: 24E124710E317752
Class Type: Class C
Immediately: -
Timestamp: 54416513
Type: UpUnc
Adr: true
AdrAcKReq: false
Ack: false
Fcnt: 266
Port: 85
Modulation: LORA
Bandwidth: 125
SpreadFactor: 7
Bitrate: 0
CodeRate: 4/5
SNR: 14.2
RSSI: -55
Power: -
Payload(b64): A2cKAQRodgUAAQbLAAd9lgII5g8ACXP9Jgp9AgALfQ4ADH0OAA==
Payload(hex): 03670a0104687605000106cb00077d960208e60f000973fd260a7d02000b7d0e000c7d0e00
JSON: {""co2"":662,""hcho"":0.02,""humidity"":59,""light_level"":0,""pir"":1,""pm10"":14,""pm2_5"":14,""pressure"":998.1,""temperature"":26.6,""tvoc"":15}
MIC: b7cf3b9b"
24E124710E317752,24E124FFFEFAB29D,472500000,SF7BW125, -53/13.5,37,265,UpUnc,2026-07-14T19:35:24+08:00,"Dev Addr/Multicast Addr: 06f5800d
GwEUI: 24E124FFFEFAB29D
AppEUI: 24E124C0002A0001
Device EUI/Group Name: 24E124710E317752
Class Type: Class C
Immediately: -
Timestamp: 4289391839
Type: UpUnc
Adr: true
AdrAcKReq: false
Ack: false
Fcnt: 265
Port: 85
Modulation: LORA
Bandwidth: 125
SpreadFactor: 7
Bitrate: 0
CodeRate: 4/5
SNR: 13.5
RSSI: -53
Power: -
Payload(b64): A2cJAQRodgUAAQbLAAd9mQII5g8ACXP9Jgp9AQALfQ4ADH0OAA==
Payload(hex): 0367090104687605000106cb00077d990208e60f000973fd260a7d01000b7d0e000c7d0e00
JSON: {""co2"":665,""hcho"":0.01,""humidity"":59,""light_level"":0,""pir"":1,""pm10"":14,""pm2_5"":14,""pressure"":998.1,""temperature"":26.5,""tvoc"":15}
MIC: b5cbc802"
24E124710E317752,24E124FFFEFAB29D,472900000,SF7BW125, -51/9.8,37,264,UpUnc,2026-07-14T19:34:24+08:00,"Dev Addr/Multicast Addr: 06f5800d
GwEUI: 24E124FFFEFAB29D
AppEUI: 24E124C0002A0001
Device EUI/Group Name: 24E124710E317752
Class Type: Class C
Immediately: -
Timestamp: 4229387787
Type: UpUnc
Adr: true
AdrAcKReq: false
Ack: false
Fcnt: 264
Port: 85
Modulation: LORA
Bandwidth: 125
SpreadFactor: 7
Bitrate: 0
CodeRate: 4/5
SNR: 9.8
RSSI: -51
Power: -
Payload(b64): A2cKAQRodgUAAQbLAAd9mQII5g8ACXP+Jgp9AQALfQ4ADH0OAA==
Payload(hex): 03670a0104687605000106cb00077d990208e60f000973fe260a7d01000b7d0e000c7d0e00
JSON: {""co2"":665,""hcho"":0.01,""humidity"":59,""light_level"":0,""pir"":1,""pm10"":14,""pm2_5"":14,""pressure"":998.2,""temperature"":26.6,""tvoc"":15}
MIC: 74440365"
24E124710E317752,24E124FFFEFAB29D,473300000,SF7BW125, -52/13.8,37,263,UpUnc,2026-07-14T19:33:24+08:00,"Dev Addr/Multicast Addr: 06f5800d
GwEUI: 24E124FFFEFAB29D
AppEUI: 24E124C0002A0001
Device EUI/Group Name: 24E124710E317752
Class Type: Class C
Immediately: -
Timestamp: 4169382751
Type: UpUnc
Adr: true
AdrAcKReq: false
Ack: false
Fcnt: 263
Port: 85
Modulation: LORA
Bandwidth: 125
SpreadFactor: 7
Bitrate: 0
CodeRate: 4/5
SNR: 13.8
RSSI: -52
Power: -
Payload(b64): A2cJAQRodgUAAQbLAAd9lgII5g8ACXP9Jgp9AQALfQ4ADH0OAA==
Payload(hex): 0367090104687605000106cb00077d960208e60f000973fd260a7d01000b7d0e000c7d0e00
JSON: {""co2"":662,""hcho"":0.01,""humidity"":59,""light_level"":0,""pir"":1,""pm10"":14,""pm2_5"":14,""pressure"":998.1,""temperature"":26.5,""tvoc"":15}
MIC: 5519180f"
24E124710E317752,24E124FFFEFAB29D,472100000,SF7BW125, -54/13.5,37,262,UpUnc,2026-07-14T19:32:24+08:00,"Dev Addr/Multicast Addr: 06f5800d
GwEUI: 24E124FFFEFAB29D
AppEUI: 24E124C0002A0001
Device EUI/Group Name: 24E124710E317752
Class Type: Class C
Immediately: -
Timestamp: 4109389569
Type: UpUnc
Adr: true
AdrAcKReq: false
Ack: false
Fcnt: 262
Port: 85
Modulation: LORA
Bandwidth: 125
SpreadFactor: 7
Bitrate: 0
CodeRate: 4/5
SNR: 13.5
RSSI: -54
Power: -
Payload(b64): A2cJAQRodgUAAQbLAAd9lwII5g8ACXP9Jgp9AQALfQ4ADH0OAA==
Payload(hex): 0367090104687605000106cb00077d970208e60f000973fd260a7d01000b7d0e000c7d0e00
JSON: {""co2"":663,""hcho"":0.01,""humidity"":59,""light_level"":0,""pir"":1,""pm10"":14,""pm2_5"":14,""pressure"":998.1,""temperature"":26.5,""tvoc"":15}
MIC: 1e0ab429"
24E124710E317752,24E124FFFEFAB29D,472500000,SF7BW125, -53/14.0,37,261,UpUnc,2026-07-14T19:31:24+08:00,"Dev Addr/Multicast Addr: 06f5800d
GwEUI: 24E124FFFEFAB29D
AppEUI: 24E124C0002A0001
Device EUI/Group Name: 24E124710E317752
Class Type: Class C
Immediately: -
Timestamp: 4049384534
Type: UpUnc
Adr: true
AdrAcKReq: false
Ack: false
Fcnt: 261
Port: 85
Modulation: LORA
Bandwidth: 125
SpreadFactor: 7
Bitrate: 0
CodeRate: 4/5
SNR: 14.0
RSSI: -53
Power: -
Payload(b64): A2cJAQRodgUAAQbLAAd9lwII5g8ACXP9Jgp9AgALfRAADH0QAA==
Payload(hex): 0367090104687605000106cb00077d970208e60f000973fd260a7d02000b7d10000c7d1000
JSON: {""co2"":663,""hcho"":0.02,""humidity"":59,""light_level"":0,""pir"":1,""pm10"":16,""pm2_5"":16,""pressure"":998.1,""temperature"":26.5,""tvoc"":15}
MIC: 1a1f197e"
24E124710E317752,24E124FFFEFAB29D,472700000,SF7BW125, -53/14.0,37,260,UpUnc,2026-07-14T19:30:24+08:00,"Dev Addr/Multicast Addr: 06f5800d
GwEUI: 24E124FFFEFAB29D
AppEUI: 24E124C0002A0001
Device EUI/Group Name: 24E124710E317752
Class Type: Class C
Immediately: -
Timestamp: 3989381577
Type: UpUnc
Adr: true
AdrAcKReq: false
Ack: false
Fcnt: 260
Port: 85
Modulation: LORA
Bandwidth: 125
SpreadFactor: 7
Bitrate: 0
CodeRate: 4/5
SNR: 14.0
RSSI: -53
Power: -
Payload(b64): A2cJAQRodgUAAQbLAAd9mAII5g8ACXP9Jgp9AQALfRAADH0QAA==
Payload(hex): 0367090104687605000106cb00077d980208e60f000973fd260a7d01000b7d10000c7d1000
JSON: {""co2"":664,""hcho"":0.01,""humidity"":59,""light_level"":0,""pir"":1,""pm10"":16,""pm2_5"":16,""pressure"":998.1,""temperature"":26.5,""tvoc"":15}
MIC: 801f99b8"
24E124710E317752,24E124FFFEFAB29D,473300000,SF7BW125, -52/14.0,37,259,UpUnc,2026-07-14T19:29:24+08:00,"Dev Addr/Multicast Addr: 06f5800d
GwEUI: 24E124FFFEFAB29D
AppEUI: 24E124C0002A0001
Device EUI/Group Name: 24E124710E317752
Class Type: Class C
Immediately: -
Timestamp: 3929390411
Type: UpUnc
Adr: true
AdrAcKReq: false
Ack: false
Fcnt: 259
Port: 85
Modulation: LORA
Bandwidth: 125
SpreadFactor: 7
Bitrate: 0
CodeRate: 4/5
SNR: 14.0
RSSI: -52
Power: -
Payload(b64): A2cJAQRodgUAAQbLAAd9mwII5g8ACXP8Jgp9AQALfRAADH0QAA==
Payload(hex): 0367090104687605000106cb00077d9b0208e60f000973fc260a7d01000b7d10000c7d1000
JSON: {""co2"":667,""hcho"":0.01,""humidity"":59,""light_level"":0,""pir"":1,""pm10"":16,""pm2_5"":16,""pressure"":998,""temperature"":26.5,""tvoc"":15}
MIC: 556e122c"
24E124710E317752,24E124FFFEFAB29D,471900000,SF7BW125, -55/14.0,37,258,UpUnc,2026-07-14T19:28:24+08:00,"Dev Addr/Multicast Addr: 06f5800d
GwEUI: 24E124FFFEFAB29D
AppEUI: 24E124C0002A0001
Device EUI/Group Name: 24E124710E317752
Class Type: Class C
Immediately: -
Timestamp: 3869386405
Type: UpUnc
Adr: true
AdrAcKReq: false
Ack: false
Fcnt: 258
Port: 85
Modulation: LORA
Bandwidth: 125
SpreadFactor: 7
Bitrate: 0
CodeRate: 4/5
SNR: 14.0
RSSI: -55
Power: -
Payload(b64): A2cJAQRodgUAAQbLAAd9nQII5g8ACXP8Jgp9AQALfRIADH0SAA==
Payload(hex): 0367090104687605000106cb00077d9d0208e60f000973fc260a7d01000b7d12000c7d1200
JSON: {""co2"":669,""hcho"":0.01,""humidity"":59,""light_level"":0,""pir"":1,""pm10"":18,""pm2_5"":18,""pressure"":998,""temperature"":26.5,""tvoc"":15}
MIC: 16ec06f6"
24E124710E317752,24E124FFFEFAB29D,472500000,SF7BW125, -53/13.8,37,257,UpUnc,2026-07-14T19:27:24+08:00,"Dev Addr/Multicast Addr: 06f5800d
GwEUI: 24E124FFFEFAB29D
AppEUI: 24E124C0002A0001
Device EUI/Group Name: 24E124710E317752
Class Type: Class C
Immediately: -
Timestamp: 3809391285
Type: UpUnc
Adr: true
AdrAcKReq: false
Ack: false
Fcnt: 257
Port: 85
Modulation: LORA
Bandwidth: 125
SpreadFactor: 7
Bitrate: 0
CodeRate: 4/5
SNR: 13.8
RSSI: -53
Power: -
Payload(b64): A2cJAQRodgUAAQbLAAd9nQII5g8ACXP8Jgp9AQALfRIADH0SAA==
Payload(hex): 0367090104687605000106cb00077d9d0208e60f000973fc260a7d01000b7d12000c7d1200
JSON: {""co2"":669,""hcho"":0.01,""humidity"":59,""light_level"":0,""pir"":1,""pm10"":18,""pm2_5"":18,""pressure"":998,""temperature"":26.5,""tvoc"":15}
MIC: 43af3b58"
24E124710E317752,24E124FFFEFAB29D,472900000,SF7BW125, -52/9.5,37,256,UpUnc,2026-07-14T19:26:24+08:00,"Dev Addr/Multicast Addr: 06f5800d
GwEUI: 24E124FFFEFAB29D
AppEUI: 24E124C0002A0001
Device EUI/Group Name: 24E124710E317752
Class Type: Class C
Immediately: -
Timestamp: 3749386256
Type: UpUnc
Adr: true
AdrAcKReq: false
Ack: false
Fcnt: 256
Port: 85
Modulation: LORA
Bandwidth: 125
SpreadFactor: 7
Bitrate: 0
CodeRate: 4/5
SNR: 9.5
RSSI: -52
Power: -
Payload(b64): A2cJAQRodgUAAQbLAAd9oAII5g8ACXP8Jgp9AgALfRIADH0SAA==
Payload(hex): 0367090104687605000106cb00077da00208e60f000973fc260a7d02000b7d12000c7d1200
JSON: {""co2"":672,""hcho"":0.02,""humidity"":59,""light_level"":0,""pir"":1,""pm10"":18,""pm2_5"":18,""pressure"":998,""temperature"":26.5,""tvoc"":15}
MIC: 21f590be"
24E124710E317752,24E124FFFEFAB29D,473300000,SF7BW125, -52/13.8,37,255,UpUnc,2026-07-14T19:25:24+08:00,"Dev Addr/Multicast Addr: 06f5800d
GwEUI: 24E124FFFEFAB29D
AppEUI: 24E124C0002A0001
Device EUI/Group Name: 24E124710E317752
Class Type: Class C
Immediately: -
Timestamp: 3689393490
Type: UpUnc
Adr: true
AdrAcKReq: false
Ack: false
Fcnt: 255
Port: 85
Modulation: LORA
Bandwidth: 125
SpreadFactor: 7
Bitrate: 0
CodeRate: 4/5
SNR: 13.8
RSSI: -52
Power: -
Payload(b64): A2cJAQRodgUAAQbLAAd9oAII5g8ACXP8Jgp9AQALfQ0ADH0NAA==
Payload(hex): 0367090104687605000106cb00077da00208e60f000973fc260a7d01000b7d0d000c7d0d00
JSON: {""co2"":672,""hcho"":0.01,""humidity"":59,""light_level"":0,""pir"":1,""pm10"":13,""pm2_5"":13,""pressure"":998,""temperature"":26.5,""tvoc"":15}
MIC: 4f982bd3"
24E124710E317752,24E124FFFEFAB29D,472100000,SF7BW125, -54/13.5,37,254,UpUnc,2026-07-14T19:24:24+08:00,"Dev Addr/Multicast Addr: 06f5800d
GwEUI: 24E124FFFEFAB29D
AppEUI: 24E124C0002A0001
Device EUI/Group Name: 24E124710E317752
Class Type: Class C
Immediately: -
Timestamp: 3629391159
Type: UpUnc
Adr: true
AdrAcKReq: false
Ack: false
Fcnt: 254
Port: 85
Modulation: LORA
Bandwidth: 125
SpreadFactor: 7
Bitrate: 0
CodeRate: 4/5
SNR: 13.5
RSSI: -54
Power: -
Payload(b64): A2cJAQRodgUAAQbLAAd9ogII5g8ACXP7Jgp9AQALfQ0ADH0NAA==
Payload(hex): 0367090104687605000106cb00077da20208e60f000973fb260a7d01000b7d0d000c7d0d00
JSON: {""co2"":674,""hcho"":0.01,""humidity"":59,""light_level"":0,""pir"":1,""pm10"":13,""pm2_5"":13,""pressure"":997.9,""temperature"":26.5,""tvoc"":15}
MIC: e13906b7"
24E124710E317752,24E124FFFEFAB29D,472500000,SF7BW125, -53/13.8,37,253,UpUnc,2026-07-14T19:23:24+08:00,"Dev Addr/Multicast Addr: 06f5800d
GwEUI: 24E124FFFEFAB29D
AppEUI: 24E124C0002A0001
Device EUI/Group Name: 24E124710E317752
Class Type: Class C
Immediately: -
Timestamp: 3569384062
Type: UpUnc
Adr: true
AdrAcKReq: false
Ack: false
Fcnt: 253
Port: 85
Modulation: LORA
Bandwidth: 125
SpreadFactor: 7
Bitrate: 0
CodeRate: 4/5
SNR: 13.8
RSSI: -53
Power: -
Payload(b64): A2cJAQRodgUAAQbLAAd9oAII5g8ACXP8Jgp9AQALfQ0ADH0NAA==
Payload(hex): 0367090104687605000106cb00077da00208e60f000973fc260a7d01000b7d0d000c7d0d00
JSON: {""co2"":672,""hcho"":0.01,""humidity"":59,""light_level"":0,""pir"":1,""pm10"":13,""pm2_5"":13,""pressure"":998,""temperature"":26.5,""tvoc"":15}
MIC: c93f0911"
24E124710E317752,24E124FFFEFAB29D,501900000,SF7BW125, -/-,0,10,DnUnc,2026-07-14T19:23:10+08:00,"Dev Addr/Multicast Addr: 06f5800d
GwEUI: 24E124FFFEFAB29D
AppEUI: 24E124C0002A0001
Device EUI/Group Name: 24E124710E317752
Class Type: Class C
Immediately: false
Timestamp: 3555929175
Type: DnUnc
Adr: true
AdrAcKReq: false
Ack: false
Fcnt: 10
Port: -
Modulation: LORA
Bandwidth: 125
SpreadFactor: 7
Bitrate: 0
CodeRate: 4/5
SNR: -
RSSI: -
Power: 20
Payload(b64): 
Payload(hex): 
JSON: 
MIC: ebb5ef81"
24E124710E317752,24E124FFFEFAB29D,471900000,SF7BW125, -55/14.0,0,252,UpUnc,2026-07-14T19:23:09+08:00,"Dev Addr/Multicast Addr: 06f5800d
GwEUI: 24E124FFFEFAB29D
AppEUI: 24E124C0002A0001
Device EUI/Group Name: 24E124710E317752
Class Type: Class C
Immediately: -
Timestamp: 3554929175
Type: UpUnc
Adr: true
AdrAcKReq: false
Ack: false
Fcnt: 252
Port: 0
Modulation: LORA
Bandwidth: 125
SpreadFactor: 7
Bitrate: 0
CodeRate: 4/5
SNR: 14.0
RSSI: -55
Power: -
Payload(b64): 
Payload(hex): 
JSON: 
MIC: 6491dd69"
24E124710E317752,24E124FFFEFAB29D,472300000,SF7BW125, -53/11.8,37,251,UpUnc,2026-07-14T19:22:24+08:00,"Dev Addr/Multicast Addr: 06f5800d
GwEUI: 24E124FFFEFAB29D
AppEUI: 24E124C0002A0001
Device EUI/Group Name: 24E124710E317752
Class Type: Class C
Immediately: -
Timestamp: 3509392040
Type: UpUnc
Adr: true
AdrAcKReq: false
Ack: false
Fcnt: 251
Port: 85
Modulation: LORA
Bandwidth: 125
SpreadFactor: 7
Bitrate: 0
CodeRate: 4/5
SNR: 11.8
RSSI: -53
Power: -
Payload(b64): A2cJAQRodgUAAQbLAAd9ogII5g8ACXP7Jgp9AQALfQ8ADH0PAA==
Payload(hex): 0367090104687605000106cb00077da20208e60f000973fb260a7d01000b7d0f000c7d0f00
JSON: {""co2"":674,""hcho"":0.01,""humidity"":59,""light_level"":0,""pir"":1,""pm10"":15,""pm2_5"":15,""pressure"":997.9,""temperature"":26.5,""tvoc"":15}
MIC: 888c23be"
24E124710E317752,24E124FFFEFAB29D,472700000,SF7BW125, -53/13.8,37,250,UpUnc,2026-07-14T19:21:24+08:00,"Dev Addr/Multicast Addr: 06f5800d
GwEUI: 24E124FFFEFAB29D
AppEUI: 24E124C0002A0001
Device EUI/Group Name: 24E124710E317752
Class Type: Class C
Immediately: -
Timestamp: 3449386972
Type: UpUnc
Adr: true
AdrAcKReq: false
Ack: false
Fcnt: 250
Port: 85
Modulation: LORA
Bandwidth: 125
SpreadFactor: 7
Bitrate: 0
CodeRate: 4/5
SNR: 13.8
RSSI: -53
Power: -
Payload(b64): A2cJAQRodgUAAQbLAAd9owII5g8ACXP7Jgp9AgALfQ8ADH0PAA==
Payload(hex): 0367090104687605000106cb00077da30208e60f000973fb260a7d02000b7d0f000c7d0f00
JSON: {""co2"":675,""hcho"":0.02,""humidity"":59,""light_level"":0,""pir"":1,""pm10"":15,""pm2_5"":15,""pressure"":997.9,""temperature"":26.5,""tvoc"":15}
MIC: 70fcafeb"
24E124710E317752,24E124FFFEFAB29D,472900000,SF7BW125, -52/9.0,37,249,UpUnc,2026-07-14T19:20:24+08:00,"Dev Addr/Multicast Addr: 06f5800d
GwEUI: 24E124FFFEFAB29D
AppEUI: 24E124C0002A0001
Device EUI/Group Name: 24E124710E317752
Class Type: Class C
Immediately: -
Timestamp: 3389387130
Type: UpUnc
Adr: true
AdrAcKReq: false
Ack: false
Fcnt: 249
Port: 85
Modulation: LORA
Bandwidth: 125
SpreadFactor: 7
Bitrate: 0
CodeRate: 4/5
SNR: 9.0
RSSI: -52
Power: -
Payload(b64): A2cJAQRodgUAAQbLAAd9oAII5g8ACXP7Jgp9AQALfQ8ADH0PAA==
Payload(hex): 0367090104687605000106cb00077da00208e60f000973fb260a7d01000b7d0f000c7d0f00
JSON: {""co2"":672,""hcho"":0.01,""humidity"":59,""light_level"":0,""pir"":1,""pm10"":15,""pm2_5"":15,""pressure"":997.9,""temperature"":26.5,""tvoc"":15}
MIC: f56cc359"
24E124710E317752,24E124FFFEFAB29D,471900000,SF7BW125, -55/13.8,37,248,UpUnc,2026-07-14T19:19:24+08:00,"Dev Addr/Multicast Addr: 06f5800d
GwEUI: 24E124FFFEFAB29D
AppEUI: 24E124C0002A0001
Device EUI/Group Name: 24E124710E317752
Class Type: Class C
Immediately: -
Timestamp: 3329385880
Type: UpUnc
Adr: true
AdrAcKReq: false
Ack: false
Fcnt: 248
Port: 85
Modulation: LORA
Bandwidth: 125
SpreadFactor: 7
Bitrate: 0
CodeRate: 4/5
SNR: 13.8
RSSI: -55
Power: -
Payload(b64): A2cJAQRodgUAAQbLAAd9ogII5g8ACXP7Jgp9AgALfQ8ADH0QAA==
Payload(hex): 0367090104687605000106cb00077da20208e60f000973fb260a7d02000b7d0f000c7d1000
JSON: {""co2"":674,""hcho"":0.02,""humidity"":59,""light_level"":0,""pir"":1,""pm10"":16,""pm2_5"":15,""pressure"":997.9,""temperature"":26.5,""tvoc"":15}
MIC: 85275ca4"
24E124710E317752,24E124FFFEFAB29D,472300000,SF7BW125, -53/12.2,37,247,UpUnc,2026-07-14T19:18:24+08:00,"Dev Addr/Multicast Addr: 06f5800d
GwEUI: 24E124FFFEFAB29D
AppEUI: 24E124C0002A0001
Device EUI/Group Name: 24E124710E317752
Class Type: Class C
Immediately: -
Timestamp: 3269390817
Type: UpUnc
Adr: true
AdrAcKReq: false
Ack: false
Fcnt: 247
Port: 85
Modulation: LORA
Bandwidth: 125
SpreadFactor: 7
Bitrate: 0
CodeRate: 4/5
SNR: 12.2
RSSI: -53
Power: -
Payload(b64): A2cJAQRodgUAAQbLAAd9nwII5g8ACXP7Jgp9AQALfQ8ADH0QAA==
Payload(hex): 0367090104687605000106cb00077d9f0208e60f000973fb260a7d01000b7d0f000c7d1000
JSON: {""co2"":671,""hcho"":0.01,""humidity"":59,""light_level"":0,""pir"":1,""pm10"":16,""pm2_5"":15,""pressure"":997.9,""temperature"":26.5,""tvoc"":15}
MIC: 08b0c275"
24E124710E317752,24E124FFFEFAB29D,472500000,SF7BW125, -53/14.0,37,246,UpUnc,2026-07-14T19:17:24+08:00,"Dev Addr/Multicast Addr: 06f5800d
GwEUI: 24E124FFFEFAB29D
AppEUI: 24E124C0002A0001
Device EUI/Group Name: 24E124710E317752
Class Type: Class C
Immediately: -
Timestamp: 3209386741
Type: UpUnc
Adr: true
AdrAcKReq: false
Ack: false
Fcnt: 246
Port: 85
Modulation: LORA
Bandwidth: 125
SpreadFactor: 7
Bitrate: 0
CodeRate: 4/5
SNR: 14.0
RSSI: -53
Power: -
Payload(b64): A2cJAQRodgUAAQbLAAd9nQII5g8ACXP6Jgp9AQALfQ8ADH0QAA==
Payload(hex): 0367090104687605000106cb00077d9d0208e60f000973fa260a7d01000b7d0f000c7d1000
JSON: {""co2"":669,""hcho"":0.01,""humidity"":59,""light_level"":0,""pir"":1,""pm10"":16,""pm2_5"":15,""pressure"":997.8,""temperature"":26.5,""tvoc"":15}
MIC: ac315c31"
24E124710E317752,24E124FFFEFAB29D,473100000,SF7BW125, -51/14.2,37,245,UpUnc,2026-07-14T19:16:24+08:00,"Dev Addr/Multicast Addr: 06f5800d
GwEUI: 24E124FFFEFAB29D
AppEUI: 24E124C0002A0001
Device EUI/Group Name: 24E124710E317752
Class Type: Class C
Immediately: -
Timestamp: 3149391713
Type: UpUnc
Adr: true
AdrAcKReq: false
Ack: false
Fcnt: 245
Port: 85
Modulation: LORA
Bandwidth: 125
SpreadFactor: 7
Bitrate: 0
CodeRate: 4/5
SNR: 14.2
RSSI: -51
Power: -
Payload(b64): A2cJAQRodgUAAQbLAAd9pQII5g8ACXP6Jgp9AgALfQ8ADH0PAA==
Payload(hex): 0367090104687605000106cb00077da50208e60f000973fa260a7d02000b7d0f000c7d0f00
JSON: {""co2"":677,""hcho"":0.02,""humidity"":59,""light_level"":0,""pir"":1,""pm10"":15,""pm2_5"":15,""pressure"":997.8,""temperature"":26.5,""tvoc"":15}
MIC: 3ab9a63c"
24E124710E317752,24E124FFFEFAB29D,471900000,SF7BW125, -55/13.8,37,244,UpUnc,2026-07-14T19:15:24+08:00,"Dev Addr/Multicast Addr: 06f5800d
GwEUI: 24E124FFFEFAB29D
AppEUI: 24E124C0002A0001
Device EUI/Group Name: 24E124710E317752
Class Type: Class C
Immediately: -
Timestamp: 3089385696
Type: UpUnc
Adr: true
AdrAcKReq: false
Ack: false
Fcnt: 244
Port: 85
Modulation: LORA
Bandwidth: 125
SpreadFactor: 7
Bitrate: 0
CodeRate: 4/5
SNR: 13.8
RSSI: -55
Power: -
Payload(b64): A2cIAQRodgUAAQbLAAd9pQII5g8ACXP6Jgp9AQALfQ8ADH0PAA==
Payload(hex): 0367080104687605000106cb00077da50208e60f000973fa260a7d01000b7d0f000c7d0f00
JSON: {""co2"":677,""hcho"":0.01,""humidity"":59,""light_level"":0,""pir"":1,""pm10"":15,""pm2_5"":15,""pressure"":997.8,""temperature"":26.4,""tvoc"":15}
MIC: a5c828a7"
24E124710E317752,24E124FFFEFAB29D,472300000,SF7BW125, -53/11.5,37,243,UpUnc,2026-07-14T19:14:24+08:00,"Dev Addr/Multicast Addr: 06f5800d
GwEUI: 24E124FFFEFAB29D
AppEUI: 24E124C0002A0001
Device EUI/Group Name: 24E124710E317752
Class Type: Class C
Immediately: -
Timestamp: 3029394941
Type: UpUnc
Adr: true
AdrAcKReq: false
Ack: false
Fcnt: 243
Port: 85
Modulation: LORA
Bandwidth: 125
SpreadFactor: 7
Bitrate: 0
CodeRate: 4/5
SNR: 11.5
RSSI: -53
Power: -
Payload(b64): A2cIAQRodgUAAQbLAAd9pgII5g8ACXP5Jgp9AgALfQ8ADH0PAA==
Payload(hex): 0367080104687605000106cb00077da60208e60f000973f9260a7d02000b7d0f000c7d0f00
JSON: {""co2"":678,""hcho"":0.02,""humidity"":59,""light_level"":0,""pir"":1,""pm10"":15,""pm2_5"":15,""pressure"":997.7,""temperature"":26.4,""tvoc"":15}
MIC: f1a3218b"
24E124710E317752,24E124FFFEFAB29D,472700000,SF7BW125, -53/14.0,37,242,UpUnc,2026-07-14T19:13:24+08:00,"Dev Addr/Multicast Addr: 06f5800d
GwEUI: 24E124FFFEFAB29D
AppEUI: 24E124C0002A0001
Device EUI/Group Name: 24E124710E317752
Class Type: Class C
Immediately: -
Timestamp: 2969389644
Type: UpUnc
Adr: true
AdrAcKReq: false
Ack: false
Fcnt: 242
Port: 85
Modulation: LORA
Bandwidth: 125
SpreadFactor: 7
Bitrate: 0
CodeRate: 4/5
SNR: 14.0
RSSI: -53
Power: -
Payload(b64): A2cIAQRodgUAAQbLAAd9pgII5g8ACXP5Jgp9AQALfQ4ADH0OAA==
Payload(hex): 0367080104687605000106cb00077da60208e60f000973f9260a7d01000b7d0e000c7d0e00
JSON: {""co2"":678,""hcho"":0.01,""humidity"":59,""light_level"":0,""pir"":1,""pm10"":14,""pm2_5"":14,""pressure"":997.7,""temperature"":26.4,""tvoc"":15}
MIC: 7463700a"
24E124710E317752,24E124FFFEFAB29D,473100000,SF7BW125, -51/13.5,37,241,UpUnc,2026-07-14T19:12:24+08:00,"Dev Addr/Multicast Addr: 06f5800d
GwEUI: 24E124FFFEFAB29D
AppEUI: 24E124C0002A0001
Device EUI/Group Name: 24E124710E317752
Class Type: Class C
Immediately: -
Timestamp: 2909388700
Type: UpUnc
Adr: true
AdrAcKReq: false
Ack: false
Fcnt: 241
Port: 85
Modulation: LORA
Bandwidth: 125
SpreadFactor: 7
Bitrate: 0
CodeRate: 4/5
SNR: 13.5
RSSI: -51
Power: -
Payload(b64): A2cIAQRodgUAAQbLAAd9pgII5g8ACXP5Jgp9AQALfQ4ADH0OAA==
Payload(hex): 0367080104687605000106cb00077da60208e60f000973f9260a7d01000b7d0e000c7d0e00
JSON: {""co2"":678,""hcho"":0.01,""humidity"":59,""light_level"":0,""pir"":1,""pm10"":14,""pm2_5"":14,""pressure"":997.7,""temperature"":26.4,""tvoc"":15}
MIC: a4f9c73f"
24E124710E317752,24E124FFFEFAB29D,473300000,SF7BW125, -52/13.5,37,240,UpUnc,2026-07-14T19:11:24+08:00,"Dev Addr/Multicast Addr: 06f5800d
GwEUI: 24E124FFFEFAB29D
AppEUI: 24E124C0002A0001
Device EUI/Group Name: 24E124710E317752
Class Type: Class C
Immediately: -
Timestamp: 2849394440
Type: UpUnc
Adr: true
AdrAcKReq: false
Ack: false
Fcnt: 240
Port: 85
Modulation: LORA
Bandwidth: 125
SpreadFactor: 7
Bitrate: 0
CodeRate: 4/5
SNR: 13.5
RSSI: -52
Power: -
Payload(b64): A2cIAQRodgUAAQbLAAd9pgII5g8ACXP4Jgp9AgALfQ4ADH0OAA==
Payload(hex): 0367080104687605000106cb00077da60208e60f000973f8260a7d02000b7d0e000c7d0e00
JSON: {""co2"":678,""hcho"":0.02,""humidity"":59,""light_level"":0,""pir"":1,""pm10"":14,""pm2_5"":14,""pressure"":997.6,""temperature"":26.4,""tvoc"":15}
MIC: e9341e44"
24E124710E317752,24E124FFFEFAB29D,472100000,SF7BW125, -54/13.8,37,239,UpUnc,2026-07-14T19:10:24+08:00,"Dev Addr/Multicast Addr: 06f5800d
GwEUI: 24E124FFFEFAB29D
AppEUI: 24E124C0002A0001
Device EUI/Group Name: 24E124710E317752
Class Type: Class C
Immediately: -
Timestamp: 2789386386
Type: UpUnc
Adr: true
AdrAcKReq: false
Ack: false
Fcnt: 239
Port: 85
Modulation: LORA
Bandwidth: 125
SpreadFactor: 7
Bitrate: 0
CodeRate: 4/5
SNR: 13.8
RSSI: -54
Power: -
Payload(b64): A2cIAQRodgUAAQbLAAd9pQII5g8ACXP4Jgp9AQALfQ4ADH0OAA==
Payload(hex): 0367080104687605000106cb00077da50208e60f000973f8260a7d01000b7d0e000c7d0e00
JSON: {""co2"":677,""hcho"":0.01,""humidity"":59,""light_level"":0,""pir"":1,""pm10"":14,""pm2_5"":14,""pressure"":997.6,""temperature"":26.4,""tvoc"":15}
MIC: 6af397ab"
24E124710E317752,24E124FFFEFAB29D,472700000,SF7BW125, -53/14.0,37,238,UpUnc,2026-07-14T19:09:24+08:00,"Dev Addr/Multicast Addr: 06f5800d
GwEUI: 24E124FFFEFAB29D
AppEUI: 24E124C0002A0001
Device EUI/Group Name: 24E124710E317752
Class Type: Class C
Immediately: -
Timestamp: 2729388458
Type: UpUnc
Adr: true
AdrAcKReq: false
Ack: false
Fcnt: 238
Port: 85
Modulation: LORA
Bandwidth: 125
SpreadFactor: 7
Bitrate: 0
CodeRate: 4/5
SNR: 14.0
RSSI: -53
Power: -
Payload(b64): A2cIAQRodgUAAQbLAAd9pQII5g8ACXP4Jgp9AgALfQ4ADH0OAA==
Payload(hex): 0367080104687605000106cb00077da50208e60f000973f8260a7d02000b7d0e000c7d0e00
JSON: {""co2"":677,""hcho"":0.02,""humidity"":59,""light_level"":0,""pir"":1,""pm10"":14,""pm2_5"":14,""pressure"":997.6,""temperature"":26.4,""tvoc"":15}
MIC: ce36cd1d"
